year,date,weight_class,round,bout_number,mat,winner,winner_school,win_method,score,loser,loser_school,is_bye,video_url
2021,2021-03-12T15:02:01+0000,101,Round of 32,101,Mat 1,Nina Pham,Wayland Baptist (W),VSU,10-0 1:19,Ira Navarro,Providence (W),False,https://www.flowrestling.org/events/6880100-2021-naia-womens-wrestling-tournament/videos?playing=6923248&limit=60
2021,,101,Round of 32,,,Angelina Casteneda,Cumberlands (W),BYE,,BYE,,True,
2021,,101,Round of 32,,,Brooke Burrows,Corban,BYE,,BYE,,True,
2021,2021-03-12T15:06:11+0000,101,Round of 32,102,Mat 1,Alaura Couch,Grand View (W),VSU,10-0 2:58,Kylie Marlin,York (W),False,https://www.flowrestling.org/events/6880100-2021-naia-womens-wrestling-tournament/videos?playing=6923252&limit=60
2021,2021-03-12T15:14:50+0000,101,Round of 32,103,Mat 1,Chalimar Rodriguez,William Penn,VPO1,11-6,Unity Cordova,Life (W),False,https://www.flowrestling.org/events/6880100-2021-naia-womens-wrestling-tournament/videos?playing=6923270&limit=60
2021,,101,Round of 32,,,Kassidy Ramirez,Lyon (W),BYE,,BYE,,True,
2021,,101,Round of 32,,,Destiny Shelton,Indiana Tech,BYE,,BYE,,True,
2021,,101,Round of 32,,,Esthella Trevino,Southern Oregon (W),BYE,,BYE,,True,
2021,2021-03-12T15:16:44+0000,101,Round of 32,104,Mat 1,Ivy Navarro,Providence (W),VSU,10-0 1:05,Ella Whitaker,York (W),False,https://www.flowrestling.org/events/6880100-2021-naia-womens-wrestling-tournament/videos?playing=6923272&limit=60
2021,,101,Round of 32,,,Karly Scott,Southern Oregon (W),BYE,,BYE,,True,
2021,,101,Round of 32,,,Caryssa Aguirre,Wayland Baptist (W),BYE,,BYE,,True,
2021,2021-03-12T15:18:13+0000,101,Round of 32,105,Mat 1,Esther Walker,Midland (W),VFA,0:16 6-0,Angelique Cervantes,Life Pacific (W),False,https://www.flowrestling.org/events/6880100-2021-naia-womens-wrestling-tournament/videos?playing=6923276&limit=60
2021,2021-03-12T15:26:20+0000,101,Round of 32,106,Mat 1,Madison Brown,Texas Wesleyan (W),VPO1,12-5,Gabriela Garcia,Brewton Parker (W),False,https://www.flowrestling.org/events/6880100-2021-naia-womens-wrestling-tournament/videos?playing=6923290&limit=60
2021,,101,Round of 32,,,Whitley Blake,Indiana Tech,BYE,,BYE,,True,
2021,2021-03-12T15:28:03+0000,101,Round of 32,107,Mat 1,Devyn Gomez,Life (W),VSU,10-0 0:46,Audree Garcia,Central Christian (W),False,https://www.flowrestling.org/events/6880100-2021-naia-womens-wrestling-tournament/videos?playing=6923295&limit=60
2021,,101,Round of 32,,,Elizabeth Dosado,Cumberlands (W),BYE,,BYE,,True,
2021,2021-03-12T15:31:03+0000,101,Round of 16,117,Mat 1,Nina Pham,Wayland Baptist (W),VSU,10-0 1:42,Angelina Casteneda,Cumberlands (W),False,https://www.flowrestling.org/events/6880100-2021-naia-womens-wrestling-tournament/videos?playing=6923302&limit=60
2021,2021-03-12T15:36:42+0000,101,Round of 16,118,Mat 1,Alaura Couch,Grand View (W),VSU,10-0 3:28,Brooke Burrows,Corban,False,https://www.flowrestling.org/events/6880100-2021-naia-womens-wrestling-tournament/videos?playing=6923307&limit=60
2021,2021-03-12T15:43:27+0000,101,Round of 16,119,Mat 1,Kassidy Ramirez,Lyon (W),VFA,3:23 4-4,Chalimar Rodriguez,William Penn,False,https://www.flowrestling.org/events/6880100-2021-naia-womens-wrestling-tournament/videos?playing=6923316&limit=60
2021,2021-03-12T15:46:00+0000,101,Round of 16,120,Mat 1,Esthella Trevino,Southern Oregon (W),VSU,10-0 1:30,Destiny Shelton,Indiana Tech,False,https://www.flowrestling.org/events/6880100-2021-naia-womens-wrestling-tournament/videos?playing=6923322&limit=60
2021,2021-03-12T15:47:46+0000,101,Round of 16,121,Mat 1,Ivy Navarro,Providence (W),VSU,10-0 0:49,Karly Scott,Southern Oregon (W),False,https://www.flowrestling.org/events/6880100-2021-naia-womens-wrestling-tournament/videos?playing=6923324&limit=60
2021,2021-03-12T15:55:40+0000,101,Round of 16,122,Mat 1,Esther Walker,Midland (W),VFA,3:58 12-6,Caryssa Aguirre,Wayland Baptist (W),False,https://www.flowrestling.org/events/6880100-2021-naia-womens-wrestling-tournament/videos?playing=6923331&limit=60
2021,2021-03-12T16:01:59+0000,101,Round of 16,123,Mat 1,Madison Brown,Texas Wesleyan (W),VFA,4:21 8-4,Whitley Blake,Indiana Tech,False,https://www.flowrestling.org/events/6880100-2021-naia-womens-wrestling-tournament/videos?playing=6923342&limit=60
2021,2021-03-12T16:10:52+0000,101,Round of 16,124,Mat 1,Devyn Gomez,Life (W),VFA,5:12 10-6,Elizabeth Dosado,Cumberlands (W),False,https://www.flowrestling.org/events/6880100-2021-naia-womens-wrestling-tournament/videos?playing=6923353&limit=60
2021,2021-03-12T23:02:00+0000,101,Quarter-Finals,149,Mat 1,Nina Pham,Wayland Baptist (W),VSU,10-0 1:09,Alaura Couch,Grand View (W),False,https://www.flowrestling.org/events/6880100-2021-naia-womens-wrestling-tournament/videos?playing=6924191&limit=60
2021,2021-03-12T23:05:33+0000,101,Quarter-Finals,150,Mat 1,Esthella Trevino,Southern Oregon (W),VFA,2:22 8-4,Kassidy Ramirez,Lyon (W),False,https://www.flowrestling.org/events/6880100-2021-naia-womens-wrestling-tournament/videos?playing=6924197&limit=60
2021,2021-03-12T23:09:01+0000,101,Quarter-Finals,151,Mat 1,Ivy Navarro,Providence (W),VSU,10-0 2:07,Esther Walker,Midland (W),False,https://www.flowrestling.org/events/6880100-2021-naia-womens-wrestling-tournament/videos?playing=6924209&limit=60
2021,2021-03-12T23:15:04+0000,101,Quarter-Finals,152,Mat 1,Madison Brown,Texas Wesleyan (W),VFA,3:48 12-5,Devyn Gomez,Life (W),False,https://www.flowrestling.org/events/6880100-2021-naia-womens-wrestling-tournament/videos?playing=6924219&limit=60
2021,2021-03-13T16:08:19+0000,101,Semi-Finals,601,Mat 2,Nina Pham,Wayland Baptist (W),VSU1,12-2 4:30,Esthella Trevino,Southern Oregon (W),False,https://www.flowrestling.org/events/6880100-2021-naia-womens-wrestling-tournament/videos?playing=6925016&limit=60
2021,2021-03-13T16:02:53+0000,101,Semi-Finals,602,Mat 3,Ivy Navarro,Providence (W),VFA,0:22 4-0,Madison Brown,Texas Wesleyan (W),False,https://www.flowrestling.org/events/6880100-2021-naia-womens-wrestling-tournament/videos?playing=6925008&limit=60
2021,2021-03-14T01:09:01+0000,101,Finals,701,Mat 3,Nina Pham,Wayland Baptist (W),VFA,2:19 8-0,Ivy Navarro,Providence (W),False,https://www.flowrestling.org/events/6880100-2021-naia-womens-wrestling-tournament/videos?playing=6926157&limit=60
2021,,101,Consi of 16 #1,,,Ira Navarro,Providence (W),BYE,,BYE,,True,
2021,,101,Consi of 16 #1,,,Kylie Marlin,York (W),BYE,,BYE,,True,
2021,,101,Consi of 16 #1,,,Unity Cordova,Life (W),BYE,,BYE,,True,
2021,,101,Consi of 16 #1,,,,,BYE,,,,True,
2021,,101,Consi of 16 #1,,,Ella Whitaker,York (W),BYE,,BYE,,True,
2021,,101,Consi of 16 #1,,,Angelique Cervantes,Life Pacific (W),BYE,,BYE,,True,
2021,,101,Consi of 16 #1,,,Gabriela Garcia,Brewton Parker (W),BYE,,BYE,,True,
2021,,101,Consi of 16 #1,,,Audree Garcia,Central Christian (W),BYE,,BYE,,True,
2021,2021-03-12T16:57:25+0000,101,Consi of 16 #2,135,Mat 1,Ira Navarro,Providence (W),VPO1,12-3,Elizabeth Dosado,Cumberlands (W),False,https://www.flowrestling.org/events/6880100-2021-naia-womens-wrestling-tournament/videos?playing=6923404&limit=60
2021,2021-03-12T16:45:15+0000,101,Consi of 16 #2,136,Mat 1,Whitley Blake,Indiana Tech,VSU,10-0 3:38,Kylie Marlin,York (W),False,https://www.flowrestling.org/events/6880100-2021-naia-womens-wrestling-tournament/videos?playing=6923393&limit=60
2021,2021-03-12T16:19:14+0000,101,Consi of 16 #2,137,Mat 1,Caryssa Aguirre,Wayland Baptist (W),VFA,1:06 4-2,Unity Cordova,Life (W),False,https://www.flowrestling.org/events/6880100-2021-naia-womens-wrestling-tournament/videos?playing=6923366&limit=60
2021,,101,Consi of 16 #2,,,Karly Scott,Southern Oregon (W),BYE,,BYE,,True,
2021,2021-03-12T16:16:34+0000,101,Consi of 16 #2,138,Mat 1,Destiny Shelton,Indiana Tech,VSU1,13-2 3:08,Ella Whitaker,York (W),False,https://www.flowrestling.org/events/6880100-2021-naia-womens-wrestling-tournament/videos?playing=6923360&limit=60
2021,2021-03-12T16:24:51+0000,101,Consi of 16 #2,139,Mat 1,Chalimar Rodriguez,William Penn,VFA,3:36 10-5,Angelique Cervantes,Life Pacific (W),False,https://www.flowrestling.org/events/6880100-2021-naia-womens-wrestling-tournament/videos?playing=6923370&limit=60
2021,2021-03-12T16:37:13+0000,101,Consi of 16 #2,140,Mat 1,Gabriela Garcia,Brewton Parker (W),VSU1,12-2 6:00,Brooke Burrows,Corban,False,https://www.flowrestling.org/events/6880100-2021-naia-womens-wrestling-tournament/videos?playing=6923382&limit=60
2021,2021-03-12T16:39:37+0000,101,Consi of 16 #2,141,Mat 1,Angelina Casteneda,Cumberlands (W),VSU,10-0 1:43,Audree Garcia,Central Christian (W),False,https://www.flowrestling.org/events/6880100-2021-naia-womens-wrestling-tournament/videos?playing=6923386&limit=60
2021,2021-03-12T23:16:57+0000,101,Consi of 8 #1,153,Mat 1,Ira Navarro,Providence (W),VFA,0:42 6-0,Whitley Blake,Indiana Tech,False,https://www.flowrestling.org/events/6880100-2021-naia-womens-wrestling-tournament/videos?playing=6924221&limit=60
2021,2021-03-12T23:27:10+0000,101,Consi of 8 #1,154,Mat 1,Caryssa Aguirre,Wayland Baptist (W),VPO1,11-7,Karly Scott,Southern Oregon (W),False,https://www.flowrestling.org/events/6880100-2021-naia-womens-wrestling-tournament/videos?playing=6924243&limit=60
2021,2021-03-12T23:35:05+0000,101,Consi of 8 #1,155,Mat 1,Chalimar Rodriguez,William Penn,VPO1,6-2,Destiny Shelton,Indiana Tech,False,https://www.flowrestling.org/events/6880100-2021-naia-womens-wrestling-tournament/videos?playing=6924263&limit=60
2021,2021-03-12T23:39:30+0000,101,Consi of 8 #1,156,Mat 1,Angelina Casteneda,Cumberlands (W),VSU,10-0 2:53,Gabriela Garcia,Brewton Parker (W),False,https://www.flowrestling.org/events/6880100-2021-naia-womens-wrestling-tournament/videos?playing=6924273&limit=60
2021,2021-03-12T23:43:55+0000,101,Consi of 8 #2,165,Mat 1,Ira Navarro,Providence (W),VFA,2:05 6-0,Kassidy Ramirez,Lyon (W),False,https://www.flowrestling.org/events/6880100-2021-naia-womens-wrestling-tournament/videos?playing=6924289&limit=60
2021,2021-03-12T23:52:50+0000,101,Consi of 8 #2,166,Mat 1,Alaura Couch,Grand View (W),VPO1,10-8,Caryssa Aguirre,Wayland Baptist (W),False,https://www.flowrestling.org/events/6880100-2021-naia-womens-wrestling-tournament/videos?playing=6924313&limit=60
2021,2021-03-12T23:59:18+0000,101,Consi of 8 #2,167,Mat 1,Devyn Gomez,Life (W),VFA,4:39 9-0,Chalimar Rodriguez,William Penn,False,https://www.flowrestling.org/events/6880100-2021-naia-womens-wrestling-tournament/videos?playing=6924330&limit=60
2021,2021-03-13T00:03:55+0000,101,Consi of 8 #2,168,Mat 1,Angelina Casteneda,Cumberlands (W),VFA,1:44 6-2,Esther Walker,Midland (W),False,https://www.flowrestling.org/events/6880100-2021-naia-womens-wrestling-tournament/videos?playing=6924347&limit=60
2021,2021-03-13T17:46:19+0000,101,Consi of 4,603,Mat 3,Ira Navarro,Providence (W),VSU,12-0 2:31,Alaura Couch,Grand View (W),False,https://www.flowrestling.org/events/6880100-2021-naia-womens-wrestling-tournament/videos?playing=6925225&limit=60
2021,2021-03-13T17:51:59+0000,101,Consi of 4,604,Mat 4,Devyn Gomez,Life (W),VPO1,7-6,Angelina Casteneda,Cumberlands (W),False,https://www.flowrestling.org/events/6880100-2021-naia-womens-wrestling-tournament/videos?playing=6925242&limit=60
2021,2021-03-13T18:40:41+0000,101,Consi-Semis,641,Mat 4,Madison Brown,Texas Wesleyan (W),VFA,4:47 10-3,Ira Navarro,Providence (W),False,https://www.flowrestling.org/events/6880100-2021-naia-womens-wrestling-tournament/videos?playing=6925359&limit=60
2021,2021-03-13T18:36:54+0000,101,Consi-Semis,642,Mat 3,Esthella Trevino,Southern Oregon (W),VSU,10-0 0:40,Devyn Gomez,Life (W),False,https://www.flowrestling.org/events/6880100-2021-naia-womens-wrestling-tournament/videos?playing=6925351&limit=60
2021,2021-03-13T19:26:28+0000,101,3rd Place,661,Mat 3,Esthella Trevino,Southern Oregon (W),VFA,0:36 4-0,Madison Brown,Texas Wesleyan (W),False,https://www.flowrestling.org/events/6880100-2021-naia-womens-wrestling-tournament/videos?playing=6925502&limit=60
2021,2021-03-13T19:30:02+0000,101,5th Place,662,Mat 2,Ira Navarro,Providence (W),VSU1,12-2 5:00,Devyn Gomez,Life (W),False,https://www.flowrestling.org/events/6880100-2021-naia-womens-wrestling-tournament/videos?playing=6925509&limit=60
2021,2021-03-13T19:25:37+0000,101,7th Place,663,Mat 4,Alaura Couch,Grand View (W),VFA,1:24 6-2,Angelina Casteneda,Cumberlands (W),False,https://www.flowrestling.org/events/6880100-2021-naia-womens-wrestling-tournament/videos?playing=6925499&limit=60
2021,2021-03-12T15:01:36+0000,109,Round of 32,201,Mat 2,McKayla Campbell,Campbellsville (W),VFA,1:15 6-0,Mattalynn Meek,Lourdes,False,https://www.flowrestling.org/events/6880100-2021-naia-womens-wrestling-tournament/videos?playing=6923247&limit=60
2021,2021-03-12T15:07:11+0000,109,Round of 32,202,Mat 2,Claire Payne,York (W),VFA,3:35 8-3,Nayeli Flores,Eastern Oregon (W),False,https://www.flowrestling.org/events/6880100-2021-naia-womens-wrestling-tournament/videos?playing=6923255&limit=60
2021,2021-03-12T15:11:28+0000,109,Round of 32,203,Mat 2,Chloe Krebsbach,Grand View (W),VSU1,14-2 2:41,Lana Hunt,Providence (W),False,https://www.flowrestling.org/events/6880100-2021-naia-womens-wrestling-tournament/videos?playing=6923264&limit=60
2021,2021-03-12T15:16:47+0000,109,Round of 32,204,Mat 2,Kory Phillips,Life (W),VSU1,14-1 1:40,Abigail Halstead,Baker (W),False,https://www.flowrestling.org/events/6880100-2021-naia-womens-wrestling-tournament/videos?playing=6923273&limit=60
2021,2021-03-12T15:20:19+0000,109,Round of 32,205,Mat 2,Jaine Stephens,Cumberlands (W),VFA,2:09 6-2,Ann Marie	Hidalgo,Jamestown (W),False,https://www.flowrestling.org/events/6880100-2021-naia-womens-wrestling-tournament/videos?playing=6923278&limit=60
2021,,109,Round of 32,,,Mia Arceneaux,Wayland Baptist (W),BYE,,BYE,,True,
2021,2021-03-12T15:23:18+0000,109,Round of 32,206,Mat 2,Lillianna Campbell,Missouri Valley (W),VFA,1:05 6-0,Laura Lincoln,Lyon (W),False,https://www.flowrestling.org/events/6880100-2021-naia-womens-wrestling-tournament/videos?playing=6923283&limit=60
2021,2021-03-12T15:25:32+0000,109,Round of 32,207,Mat 2,Tehani Soares,Indiana Tech,VFA,1:36 6-0,Alessia Cokeley,Ottawa (W),False,https://www.flowrestling.org/events/6880100-2021-naia-womens-wrestling-tournament/videos?playing=6923289&limit=60
2021,2021-03-12T15:27:19+0000,109,Round of 32,208,Mat 2,Asia Ray,Wayland Baptist (W),VSU,10-0 0:43,Michaela Childs,Oklahoma City (W),False,https://www.flowrestling.org/events/6880100-2021-naia-womens-wrestling-tournament/videos?playing=6923293&limit=60
2021,,109,Round of 32,,,Kassidy Leiszler,Baker (W),BYE,,BYE,,True,
2021,2021-03-12T15:32:56+0000,109,Round of 32,209,Mat 2,Savannah Kiddoo,Central Methodist (W),VSU,12-0 3:09,Alexandra Martinez,Brewton Parker (W),False,https://www.flowrestling.org/events/6880100-2021-naia-womens-wrestling-tournament/videos?playing=6923305&limit=60
2021,2021-03-12T15:44:57+0000,109,Round of 32,210,Mat 2,Emma Cochran,Grand View (W),VPO1,7-2,Jessienna Burkett-Erice,Lyon (W),False,https://www.flowrestling.org/events/6880100-2021-naia-womens-wrestling-tournament/videos?playing=6923320&limit=60
2021,2021-03-12T15:51:00+0000,109,Round of 32,211,Mat 2,Katalina Bartelt,Life (W),VSU,10-0 4:10,Lisa Megargee,Eastern Oregon (W),False,https://www.flowrestling.org/events/6880100-2021-naia-womens-wrestling-tournament/videos?playing=6923327&limit=60
2021,,109,Round of 32,,,Macie Stewart,Southern Oregon (W),BYE,,BYE,,True,
2021,2021-03-12T15:55:37+0000,109,Round of 32,212,Mat 2,Korigan Wilkey,Indiana Tech,VFA,13-2,Melanie Salazar,Simpson (W),False,https://www.flowrestling.org/events/6880100-2021-naia-womens-wrestling-tournament/videos?playing=6923330&limit=60
2021,2021-03-12T15:58:59+0000,109,Round of 32,213,Mat 2,Rayana Sahagun,Jamestown (W),VSU,10-0 1:27,Salem Scobee,Midland (W),False,https://www.flowrestling.org/events/6880100-2021-naia-womens-wrestling-tournament/videos?playing=6923336&limit=60
2021,2021-03-12T16:00:33+0000,109,Round of 16,225,Mat 2,McKayla Campbell,Campbellsville (W),VFA,0:21 4-0,Claire Payne,York (W),False,https://www.flowrestling.org/events/6880100-2021-naia-womens-wrestling-tournament/videos?playing=6923338&limit=60
2021,2021-03-12T16:09:42+0000,109,Round of 16,226,Mat 2,Kory Phillips,Life (W),VPO1,6-6,Chloe Krebsbach,Grand View (W),False,https://www.flowrestling.org/events/6880100-2021-naia-womens-wrestling-tournament/videos?playing=6923351&limit=60
2021,2021-03-12T16:15:16+0000,109,Round of 16,227,Mat 2,Jaine Stephens,Cumberlands (W),VFA,3:43 12-2,Mia Arceneaux,Wayland Baptist (W),False,https://www.flowrestling.org/events/6880100-2021-naia-womens-wrestling-tournament/videos?playing=6923356&limit=60
2021,2021-03-12T16:25:48+0000,109,Round of 16,228,Mat 2,Tehani Soares,Indiana Tech,VPO1,8-4,Lillianna Campbell,Missouri Valley (W),False,https://www.flowrestling.org/events/6880100-2021-naia-womens-wrestling-tournament/videos?playing=6923371&limit=60
2021,2021-03-12T16:28:16+0000,109,Round of 16,229,Mat 2,Asia Ray,Wayland Baptist (W),VSU,10-0 1:32,Kassidy Leiszler,Baker (W),False,https://www.flowrestling.org/events/6880100-2021-naia-womens-wrestling-tournament/videos?playing=6923373&limit=60
2021,2021-03-12T16:40:08+0000,109,Round of 16,230,Mat 2,Emma Cochran,Grand View (W),VPO1,10-7,Savannah Kiddoo,Central Methodist (W),False,https://www.flowrestling.org/events/6880100-2021-naia-womens-wrestling-tournament/videos?playing=6923388&limit=60
2021,2021-03-12T16:47:41+0000,109,Round of 16,231,Mat 2,Macie Stewart,Southern Oregon (W),VFA,0:34 2-0,Katalina Bartelt,Life (W),False,https://www.flowrestling.org/events/6880100-2021-naia-womens-wrestling-tournament/videos?playing=6923395&limit=60
2021,2021-03-12T16:58:08+0000,109,Round of 16,232,Mat 2,Rayana Sahagun,Jamestown (W),VPO1,9-3,Korigan Wilkey,Indiana Tech,False,https://www.flowrestling.org/events/6880100-2021-naia-womens-wrestling-tournament/videos?playing=6923406&limit=60
2021,2021-03-12T23:03:24+0000,109,Quarter-Finals,265,Mat 2,McKayla Campbell,Campbellsville (W),VSU,10-0 2:23,Kory Phillips,Life (W),False,https://www.flowrestling.org/events/6880100-2021-naia-womens-wrestling-tournament/videos?playing=6924193&limit=60
2021,2021-03-12T23:11:14+0000,109,Quarter-Finals,266,Mat 2,Tehani Soares,Indiana Tech,VFA,5:24 8-4,Jaine Stephens,Cumberlands (W),False,https://www.flowrestling.org/events/6880100-2021-naia-womens-wrestling-tournament/videos?playing=6924212&limit=60
2021,2021-03-12T23:13:31+0000,109,Quarter-Finals,267,Mat 2,Asia Ray,Wayland Baptist (W),VFA,1:20 4-0,Emma Cochran,Grand View (W),False,https://www.flowrestling.org/events/6880100-2021-naia-womens-wrestling-tournament/videos?playing=6924216&limit=60
2021,2021-03-12T23:15:24+0000,109,Quarter-Finals,268,Mat 2,Macie Stewart,Southern Oregon (W),VFA,0:53 4-0,Rayana Sahagun,Jamestown (W),False,https://www.flowrestling.org/events/6880100-2021-naia-womens-wrestling-tournament/videos?playing=6924220&limit=60
2021,2021-03-13T16:15:00+0000,109,Semi-Finals,605,Mat 2,McKayla Campbell,Campbellsville (W),VSU,10-0 3:45,Tehani Soares,Indiana Tech,False,https://www.flowrestling.org/events/6880100-2021-naia-womens-wrestling-tournament/videos?playing=6925026&limit=60
2021,2021-03-13T16:10:28+0000,109,Semi-Finals,606,Mat 3,Asia Ray,Wayland Baptist (W),VSU,10-0 1:01,Macie Stewart,Southern Oregon (W),False,https://www.flowrestling.org/events/6880100-2021-naia-womens-wrestling-tournament/videos?playing=6925018&limit=60
2021,2021-03-14T01:25:47+0000,109,Finals,702,Mat 3,McKayla Campbell,Campbellsville (W),VPO1,16-14,Asia Ray,Wayland Baptist (W),False,https://www.flowrestling.org/events/6880100-2021-naia-womens-wrestling-tournament/videos?playing=6926176&limit=60
2021,2021-03-12T17:04:28+0000,109,Consi of 16 #1,233,Mat 2,Mattalynn Meek,Lourdes,VPO1,14-4,Nayeli Flores,Eastern Oregon (W),False,https://www.flowrestling.org/events/6880100-2021-naia-womens-wrestling-tournament/videos?playing=6923413&limit=60
2021,2021-03-12T17:08:20+0000,109,Consi of 16 #1,234,Mat 2,Lana Hunt,Providence (W),VSU1,12-2 2:39,Abigail Halstead,Baker (W),False,https://www.flowrestling.org/events/6880100-2021-naia-womens-wrestling-tournament/videos?playing=6923420&limit=60
2021,,109,Consi of 16 #1,,,Ann Marie	Hidalgo,Jamestown (W),BYE,,BYE,,True,
2021,2021-03-12T17:09:56+0000,109,Consi of 16 #1,235,Mat 2,Laura Lincoln,Lyon (W),VFA,0:56 2-0,Alessia Cokeley,Ottawa (W),False,https://www.flowrestling.org/events/6880100-2021-naia-womens-wrestling-tournament/videos?playing=6923424&limit=60
2021,,109,Consi of 16 #1,,,Michaela Childs,Oklahoma City (W),BYE,,BYE,,True,
2021,2021-03-12T17:17:52+0000,109,Consi of 16 #1,236,Mat 2,Jessienna Burkett-Erice,Lyon (W),VFA,4:51 8-10,Alexandra Martinez,Brewton Parker (W),False,https://www.flowrestling.org/events/6880100-2021-naia-womens-wrestling-tournament/videos?playing=6923437&limit=60
2021,,109,Consi of 16 #1,,,Lisa Megargee,Eastern Oregon (W),BYE,,BYE,,True,
2021,2021-03-12T17:21:31+0000,109,Consi of 16 #1,237,Mat 2,Salem Scobee,Midland (W),VFA,2:25 5-6,Melanie Salazar,Simpson (W),False,https://www.flowrestling.org/events/6880100-2021-naia-womens-wrestling-tournament/videos?playing=6923444&limit=60
2021,2021-03-12T17:38:18+0000,109,Consi of 16 #2,249,Mat 2,Korigan Wilkey,Indiana Tech,VPO1,10-4,Mattalynn Meek,Lourdes,False,https://www.flowrestling.org/events/6880100-2021-naia-womens-wrestling-tournament/videos?playing=6923474&limit=60
2021,2021-03-12T17:46:56+0000,109,Consi of 16 #2,250,Mat 2,Katalina Bartelt,Life (W),VPO1,6-4,Lana Hunt,Providence (W),False,https://www.flowrestling.org/events/6880100-2021-naia-womens-wrestling-tournament/videos?playing=6923495&limit=60
2021,2021-03-12T17:57:00+0000,109,Consi of 16 #2,251,Mat 2,Savannah Kiddoo,Central Methodist (W),VPO1,12-2,Ann Marie	Hidalgo,Jamestown (W),False,https://www.flowrestling.org/events/6880100-2021-naia-womens-wrestling-tournament/videos?playing=6923538&limit=60
2021,2021-03-12T18:02:28+0000,109,Consi of 16 #2,252,Mat 2,Kassidy Leiszler,Baker (W),VFA,2:48 4-0,Laura Lincoln,Lyon (W),False,https://www.flowrestling.org/events/6880100-2021-naia-womens-wrestling-tournament/videos?playing=6923548&limit=60
2021,2021-03-12T17:49:24+0000,109,Consi of 16 #2,253,Mat 5,Lillianna Campbell,Missouri Valley (W),VSU,10-0 2:40,Michaela Childs,Oklahoma City (W),False,https://www.flowrestling.org/events/6880100-2021-naia-womens-wrestling-tournament/videos?playing=6923504&limit=60
2021,2021-03-12T18:04:53+0000,109,Consi of 16 #2,254,Mat 2,Mia Arceneaux,Wayland Baptist (W),VFA,1:27 4-0,Jessienna Burkett-Erice,Lyon (W),False,https://www.flowrestling.org/events/6880100-2021-naia-womens-wrestling-tournament/videos?playing=6923558&limit=60
2021,2021-03-12T17:58:06+0000,109,Consi of 16 #2,255,Mat 5,Chloe Krebsbach,Grand View (W),VPO,7-0,Lisa Megargee,Eastern Oregon (W),False,https://www.flowrestling.org/events/6880100-2021-naia-womens-wrestling-tournament/videos?playing=6923541&limit=60
2021,2021-03-12T18:01:35+0000,109,Consi of 16 #2,256,Mat 5,Claire Payne,York (W),VSU,11-0 2:19,Salem Scobee,Midland (W),False,https://www.flowrestling.org/events/6880100-2021-naia-womens-wrestling-tournament/videos?playing=6923546&limit=60
2021,2021-03-12T23:23:22+0000,109,Consi of 8 #1,269,Mat 2,Katalina Bartelt,Life (W),VSU1,13-3 4:56,Korigan Wilkey,Indiana Tech,False,https://www.flowrestling.org/events/6880100-2021-naia-womens-wrestling-tournament/videos?playing=6924237&limit=60
2021,2021-03-12T23:26:59+0000,109,Consi of 8 #1,270,Mat 2,Savannah Kiddoo,Central Methodist (W),VSU,10-0 2:31,Kassidy Leiszler,Baker (W),False,https://www.flowrestling.org/events/6880100-2021-naia-womens-wrestling-tournament/videos?playing=6924242&limit=60
2021,2021-03-12T23:31:25+0000,109,Consi of 8 #1,271,Mat 2,Lillianna Campbell,Missouri Valley (W),VFA,2:49 10-1,Mia Arceneaux,Wayland Baptist (W),False,https://www.flowrestling.org/events/6880100-2021-naia-womens-wrestling-tournament/videos?playing=6924252&limit=60
2021,2021-03-12T23:32:57+0000,109,Consi of 8 #1,272,Mat 2,Chloe Krebsbach,Grand View (W),VFA,0:48 4-0,Claire Payne,York (W),False,https://www.flowrestling.org/events/6880100-2021-naia-womens-wrestling-tournament/videos?playing=6924259&limit=60
2021,2021-03-12T23:41:36+0000,109,Consi of 8 #2,281,Mat 2,Katalina Bartelt,Life (W),VSU,10-0 2:10,Jaine Stephens,Cumberlands (W),False,https://www.flowrestling.org/events/6880100-2021-naia-womens-wrestling-tournament/videos?playing=6924280&limit=60
2021,2021-03-12T23:44:16+0000,109,Consi of 8 #2,282,Mat 2,Kory Phillips,Life (W),VFA,1:34 12-1,Savannah Kiddoo,Central Methodist (W),False,https://www.flowrestling.org/events/6880100-2021-naia-womens-wrestling-tournament/videos?playing=6924291&limit=60
2021,2021-03-12T23:55:04+0000,109,Consi of 8 #2,283,Mat 2,Rayana Sahagun,Jamestown (W),VPO1,11-8,Lillianna Campbell,Missouri Valley (W),False,https://www.flowrestling.org/events/6880100-2021-naia-womens-wrestling-tournament/videos?playing=6924320&limit=60
2021,2021-03-12T23:57:11+0000,109,Consi of 8 #2,284,Mat 2,Emma Cochran,Grand View (W),VFA,1:08 4-0,Chloe Krebsbach,Grand View (W),False,https://www.flowrestling.org/events/6880100-2021-naia-womens-wrestling-tournament/videos?playing=6924326&limit=60
2021,2021-03-13T17:50:11+0000,109,Consi of 4,607,Mat 2,Katalina Bartelt,Life (W),VSU,10-0 5:36,Kory Phillips,Life (W),False,https://www.flowrestling.org/events/6880100-2021-naia-womens-wrestling-tournament/videos?playing=6925237&limit=60
2021,2021-03-13T17:55:32+0000,109,Consi of 4,608,Mat 3,Emma Cochran,Grand View (W),VFA,5:23 10-4,Rayana Sahagun,Jamestown (W),False,https://www.flowrestling.org/events/6880100-2021-naia-womens-wrestling-tournament/videos?playing=6925253&limit=60
2021,2021-03-13T18:29:43+0000,109,Consi-Semis,643,Mat 2,Macie Stewart,Southern Oregon (W),VFA,2:52 9-13,Katalina Bartelt,Life (W),False,https://www.flowrestling.org/events/6880100-2021-naia-womens-wrestling-tournament/videos?playing=6925332&limit=60
2021,2021-03-13T18:44:53+0000,109,Consi-Semis,644,Mat 4,Tehani Soares,Indiana Tech,VFA,2:39 10-2,Emma Cochran,Grand View (W),False,https://www.flowrestling.org/events/6880100-2021-naia-womens-wrestling-tournament/videos?playing=6925372&limit=60
2021,2021-03-13T19:31:08+0000,109,3rd Place,664,Mat 3,Macie Stewart,Southern Oregon (W),VFA,0:42 4-0,Tehani Soares,Indiana Tech,False,https://www.flowrestling.org/events/6880100-2021-naia-womens-wrestling-tournament/videos?playing=6925512&limit=60
2021,2021-03-13T19:40:17+0000,109,5th Place,665,Mat 2,Emma Cochran,Grand View (W),VPO1,9-2,Katalina Bartelt,Life (W),False,https://www.flowrestling.org/events/6880100-2021-naia-womens-wrestling-tournament/videos?playing=6925536&limit=60
2021,2021-03-13T19:38:40+0000,109,7th Place,666,Mat 4,Rayana Sahagun,Jamestown (W),VPO1,5-5,Kory Phillips,Life (W),False,https://www.flowrestling.org/events/6880100-2021-naia-womens-wrestling-tournament/videos?playing=6925532&limit=60
2021,,116,Round of 32,,,Peyton Prussin,Life (W),BYE,,BYE,,True,
2021,2021-03-12T15:09:09+0000,116,Round of 32,301,Mat 3,Katherine Heath,Baker (W),VPO1,8-4,Brooklyn Hermel,Oklahoma City (W),False,https://www.flowrestling.org/events/6880100-2021-naia-womens-wrestling-tournament/videos?playing=6923262&limit=60
2021,,116,Round of 32,,,Emily Fergeson,York (W),BYE,,BYE,,True,
2021,2021-03-12T15:14:12+0000,116,Round of 32,302,Mat 3,Arianna Marrufo,Jamestown (W),VFA,2:58 6-2,Sydney Mcghee,Missouri Baptist (W),False,https://www.flowrestling.org/events/6880100-2021-naia-womens-wrestling-tournament/videos?playing=6923269&limit=60
2021,2021-03-12T15:21:58+0000,116,Round of 32,303,Mat 3,Serenity Durham Goree,Midland (W),VSU,10-0 4:41,Emma De Brum,Lyon (W),False,https://www.flowrestling.org/events/6880100-2021-naia-womens-wrestling-tournament/videos?playing=6923279&limit=60
2021,2021-03-12T15:30:57+0000,116,Round of 32,304,Mat 3,Riley Horvath,Indiana Tech,VPO1,10-2,Daviona Bonner,Central Methodist (W),False,https://www.flowrestling.org/events/6880100-2021-naia-womens-wrestling-tournament/videos?playing=6923301&limit=60
2021,2021-03-12T15:39:42+0000,116,Round of 32,305,Mat 3,Cierra Broukal,Campbellsville (W),VPO1,6-4,Jasmine Alexander,Grand View (W),False,https://www.flowrestling.org/events/6880100-2021-naia-womens-wrestling-tournament/videos?playing=6923311&limit=60
2021,,116,Round of 32,,,Josie Bartishofski,Jamestown (W),BYE,,BYE,,True,
2021,2021-03-12T15:42:19+0000,116,Round of 32,306,Mat 3,Stefana Jelacic,Lourdes,VSU,11-0 1:12,Cora Johnson,Central Methodist (W),False,https://www.flowrestling.org/events/6880100-2021-naia-womens-wrestling-tournament/videos?playing=6923314&limit=60
2021,,116,Round of 32,,,Valeria Davilla,Wayland Baptist (W),BYE,,BYE,,True,
2021,2021-03-12T15:51:02+0000,116,Round of 32,307,Mat 3,Aphrodite Ayala,Simpson (W),VPO1,8-7,JoNiesha Kennedy,Ottawa (W),False,https://www.flowrestling.org/events/6880100-2021-naia-womens-wrestling-tournament/videos?playing=6923328&limit=60
2021,2021-03-12T16:01:34+0000,116,Round of 32,308,Mat 3,Alyssa Schuller,Indiana Tech,VFA,5:22 8-4,Raven Guidry,Oklahoma City (W),False,https://www.flowrestling.org/events/6880100-2021-naia-womens-wrestling-tournament/videos?playing=6923341&limit=60
2021,2021-03-12T16:10:32+0000,116,Round of 32,309,Mat 3,Charlotte Fowler,Campbellsville (W),VPO1,4-2,Carolina Johnson,Southern Oregon (W),False,https://www.flowrestling.org/events/6880100-2021-naia-womens-wrestling-tournament/videos?playing=6923352&limit=60
2021,,116,Round of 32,,,Diana Leyva,York (W),BYE,,BYE,,True,
2021,2021-03-12T16:17:06+0000,116,Round of 32,310,Mat 3,Breanna Mestas,Corban,VSU,11-0 3:59,Stephanie Blankenship,Warner Pacific (W),False,https://www.flowrestling.org/events/6880100-2021-naia-womens-wrestling-tournament/videos?playing=6923361&limit=60
2021,2021-03-12T16:23:41+0000,116,Round of 32,311,Mat 3,Camille Fournier,Texas Wesleyan (W),VFA,2:44 7-0,Mariah Spix,Lyon (W),False,https://www.flowrestling.org/events/6880100-2021-naia-womens-wrestling-tournament/videos?playing=6923369&limit=60
2021,2021-03-12T16:27:44+0000,116,Round of 16,326,Mat 3,Peyton Prussin,Life (W),VSU,11-0 0:52,Katherine Heath,Baker (W),False,https://www.flowrestling.org/events/6880100-2021-naia-womens-wrestling-tournament/videos?playing=6923372&limit=60
2021,2021-03-12T16:36:12+0000,116,Round of 16,327,Mat 3,Arianna Marrufo,Jamestown (W),VFA,4:22 4-2,Emily Fergeson,York (W),False,https://www.flowrestling.org/events/6880100-2021-naia-womens-wrestling-tournament/videos?playing=6923381&limit=60
2021,2021-03-12T16:40:01+0000,116,Round of 16,328,Mat 3,Serenity Durham Goree,Midland (W),VSU1,12-2 2:26,Riley Horvath,Indiana Tech,False,https://www.flowrestling.org/events/6880100-2021-naia-womens-wrestling-tournament/videos?playing=6923387&limit=60
2021,2021-03-12T16:45:20+0000,116,Round of 16,329,Mat 3,Josie Bartishofski,Jamestown (W),VSU,10-0 2:51,Cierra Broukal,Campbellsville (W),False,https://www.flowrestling.org/events/6880100-2021-naia-womens-wrestling-tournament/videos?playing=6923394&limit=60
2021,2021-03-12T16:47:58+0000,116,Round of 16,330,Mat 3,Stefana Jelacic,Lourdes,VSU,10-0 1:40,Valeria Davilla,Wayland Baptist (W),False,https://www.flowrestling.org/events/6880100-2021-naia-womens-wrestling-tournament/videos?playing=6923396&limit=60
2021,2021-03-12T16:57:44+0000,116,Round of 16,331,Mat 3,Aphrodite Ayala,Simpson (W),VPO1,10-9,Alyssa Schuller,Indiana Tech,False,https://www.flowrestling.org/events/6880100-2021-naia-womens-wrestling-tournament/videos?playing=6923405&limit=60
2021,2021-03-12T17:01:02+0000,116,Round of 16,332,Mat 3,Charlotte Fowler,Campbellsville (W),VSU,10-0 0:49,Diana Leyva,York (W),False,https://www.flowrestling.org/events/6880100-2021-naia-womens-wrestling-tournament/videos?playing=6923407&limit=60
2021,2021-03-12T17:05:32+0000,116,Round of 16,333,Mat 3,Camille Fournier,Texas Wesleyan (W),VFA,2:42 7-0,Breanna Mestas,Corban,False,https://www.flowrestling.org/events/6880100-2021-naia-womens-wrestling-tournament/videos?playing=6923415&limit=60
2021,2021-03-12T23:01:36+0000,116,Quarter-Finals,367,Mat 3,Peyton Prussin,Life (W),VFA,1:01 2-2,Arianna Marrufo,Jamestown (W),False,https://www.flowrestling.org/events/6880100-2021-naia-womens-wrestling-tournament/videos?playing=6924188&limit=60
2021,2021-03-12T23:08:52+0000,116,Quarter-Finals,368,Mat 3,Josie Bartishofski,Jamestown (W),VPO,4-0,Serenity Durham Goree,Midland (W),False,https://www.flowrestling.org/events/6880100-2021-naia-womens-wrestling-tournament/videos?playing=6924208&limit=60
2021,2021-03-12T23:11:20+0000,116,Quarter-Finals,369,Mat 3,Stefana Jelacic,Lourdes,VSU,10-0 1:20,Aphrodite Ayala,Simpson (W),False,https://www.flowrestling.org/events/6880100-2021-naia-womens-wrestling-tournament/videos?playing=6924213&limit=60
2021,2021-03-12T23:17:00+0000,116,Quarter-Finals,370,Mat 3,Charlotte Fowler,Campbellsville (W),VSU,10-0 3:46,Camille Fournier,Texas Wesleyan (W),False,https://www.flowrestling.org/events/6880100-2021-naia-womens-wrestling-tournament/videos?playing=6924222&limit=60
2021,2021-03-13T16:17:49+0000,116,Semi-Finals,609,Mat 2,Peyton Prussin,Life (W),VSU,10-0 1:09,Josie Bartishofski,Jamestown (W),False,https://www.flowrestling.org/events/6880100-2021-naia-womens-wrestling-tournament/videos?playing=6925030&limit=60
2021,2021-03-13T16:30:23+0000,116,Semi-Finals,610,Mat 3,Charlotte Fowler,Campbellsville (W),VPO1,7-5,Stefana Jelacic,Lourdes,False,https://www.flowrestling.org/events/6880100-2021-naia-womens-wrestling-tournament/videos?playing=6925050&limit=60
2021,2021-03-14T01:35:20+0000,116,Finals,703,Mat 3,Peyton Prussin,Life (W),VSU,10-0 3:45,Charlotte Fowler,Campbellsville (W),False,https://www.flowrestling.org/events/6880100-2021-naia-womens-wrestling-tournament/videos?playing=6926186&limit=60
2021,,116,Consi of 16 #1,,,Brooklyn Hermel,Oklahoma City (W),BYE,,BYE,,True,
2021,,116,Consi of 16 #1,,,Sydney Mcghee,Missouri Baptist (W),BYE,,BYE,,True,
2021,2021-03-12T17:10:25+0000,116,Consi of 16 #1,334,Mat 3,Emma De Brum,Lyon (W),VSU,10-0 2:46,Daviona Bonner,Central Methodist (W),False,https://www.flowrestling.org/events/6880100-2021-naia-womens-wrestling-tournament/videos?playing=6923426&limit=60
2021,,116,Consi of 16 #1,,,Jasmine Alexander,Grand View (W),BYE,,BYE,,True,
2021,,116,Consi of 16 #1,,,Cora Johnson,Central Methodist (W),BYE,,BYE,,True,
2021,2021-03-12T17:12:34+0000,116,Consi of 16 #1,335,Mat 3,Raven Guidry,Oklahoma City (W),VFA,0:51 4-2,JoNiesha Kennedy,Ottawa (W),False,https://www.flowrestling.org/events/6880100-2021-naia-womens-wrestling-tournament/videos?playing=6923429&limit=60
2021,,116,Consi of 16 #1,,,Carolina Johnson,Southern Oregon (W),BYE,,BYE,,True,
2021,2021-03-12T17:16:25+0000,116,Consi of 16 #1,336,Mat 3,Mariah Spix,Lyon (W),VFA,2:06 5-0,Stephanie Blankenship,Warner Pacific (W),False,https://www.flowrestling.org/events/6880100-2021-naia-womens-wrestling-tournament/videos?playing=6923434&limit=60
2021,2021-03-12T17:31:07+0000,116,Consi of 16 #2,351,Mat 3,Brooklyn Hermel,Oklahoma City (W),VPO1,5-1,Breanna Mestas,Corban,False,https://www.flowrestling.org/events/6880100-2021-naia-womens-wrestling-tournament/videos?playing=6923459&limit=60
2021,2021-03-12T17:33:29+0000,116,Consi of 16 #2,352,Mat 3,Sydney Mcghee,Missouri Baptist (W),VSU,10-0 1:09,Diana Leyva,York (W),False,https://www.flowrestling.org/events/6880100-2021-naia-womens-wrestling-tournament/videos?playing=6923464&limit=60
2021,2021-03-12T17:44:21+0000,116,Consi of 16 #2,353,Mat 3,Emma De Brum,Lyon (W),VFA,1:29 8-0,Alyssa Schuller,Indiana Tech,False,https://www.flowrestling.org/events/6880100-2021-naia-womens-wrestling-tournament/videos?playing=6923490&limit=60
2021,2021-03-12T17:39:12+0000,116,Consi of 16 #2,354,Mat 3,Jasmine Alexander,Grand View (W),VSU1,12-1 3:26,Valeria Davilla,Wayland Baptist (W),False,https://www.flowrestling.org/events/6880100-2021-naia-womens-wrestling-tournament/videos?playing=6923479&limit=60
2021,2021-03-12T17:52:43+0000,116,Consi of 16 #2,355,Mat 3,Cierra Broukal,Campbellsville (W),VFA,5:12 10-4,Cora Johnson,Central Methodist (W),False,https://www.flowrestling.org/events/6880100-2021-naia-womens-wrestling-tournament/videos?playing=6923513&limit=60
2021,2021-03-12T17:59:12+0000,116,Consi of 16 #2,356,Mat 3,Raven Guidry,Oklahoma City (W),VSU,12-0 3:26,Riley Horvath,Indiana Tech,False,https://www.flowrestling.org/events/6880100-2021-naia-womens-wrestling-tournament/videos?playing=6923542&limit=60
2021,2021-03-12T18:07:35+0000,116,Consi of 16 #2,357,Mat 3,Carolina Johnson,Southern Oregon (W),VFA,5:03 10-1,Emily Fergeson,York (W),False,https://www.flowrestling.org/events/6880100-2021-naia-womens-wrestling-tournament/videos?playing=6923561&limit=60
2021,2021-03-12T18:18:45+0000,116,Consi of 16 #2,358,Mat 3,Katherine Heath,Baker (W),VPO1,17-14,Mariah Spix,Lyon (W),False,https://www.flowrestling.org/events/6880100-2021-naia-womens-wrestling-tournament/videos?playing=6923580&limit=60
2021,2021-03-12T23:24:55+0000,116,Consi of 8 #1,371,Mat 3,Sydney Mcghee,Missouri Baptist (W),VSU1,12-1 5:15,Brooklyn Hermel,Oklahoma City (W),False,https://www.flowrestling.org/events/6880100-2021-naia-womens-wrestling-tournament/videos?playing=6924240&limit=60
2021,2021-03-12T23:34:31+0000,116,Consi of 8 #1,372,Mat 3,Jasmine Alexander,Grand View (W),VPO1,16-13,Emma De Brum,Lyon (W),False,https://www.flowrestling.org/events/6880100-2021-naia-womens-wrestling-tournament/videos?playing=6924262&limit=60
2021,2021-03-12T23:42:43+0000,116,Consi of 8 #1,373,Mat 3,Cierra Broukal,Campbellsville (W),VFA,5:20 11-2,Raven Guidry,Oklahoma City (W),False,https://www.flowrestling.org/events/6880100-2021-naia-womens-wrestling-tournament/videos?playing=6924284&limit=60
2021,2021-03-12T23:50:40+0000,116,Consi of 8 #1,374,Mat 3,Carolina Johnson,Southern Oregon (W),VFA,5:46 5-5,Katherine Heath,Baker (W),False,https://www.flowrestling.org/events/6880100-2021-naia-womens-wrestling-tournament/videos?playing=6924304&limit=60
2021,2021-03-12T23:57:22+0000,116,Consi of 8 #2,383,Mat 3,Serenity Durham Goree,Midland (W),VFA,4:11 8-11,Sydney Mcghee,Missouri Baptist (W),False,https://www.flowrestling.org/events/6880100-2021-naia-womens-wrestling-tournament/videos?playing=6924327&limit=60
2021,2021-03-13T00:05:52+0000,116,Consi of 8 #2,384,Mat 3,Arianna Marrufo,Jamestown (W),VPO1,7-2,Jasmine Alexander,Grand View (W),False,https://www.flowrestling.org/events/6880100-2021-naia-womens-wrestling-tournament/videos?playing=6924353&limit=60
2021,2021-03-13T00:13:44+0000,116,Consi of 8 #2,385,Mat 3,Camille Fournier,Texas Wesleyan (W),VSU,11-0 5:37,Cierra Broukal,Campbellsville (W),False,https://www.flowrestling.org/events/6880100-2021-naia-womens-wrestling-tournament/videos?playing=6924369&limit=60
2021,2021-03-13T00:21:16+0000,116,Consi of 8 #2,386,Mat 3,Carolina Johnson,Southern Oregon (W),VSU1,12-1 5:00,Aphrodite Ayala,Simpson (W),False,https://www.flowrestling.org/events/6880100-2021-naia-womens-wrestling-tournament/videos?playing=6924385&limit=60
2021,2021-03-13T18:00:07+0000,116,Consi of 4,611,Mat 4,Arianna Marrufo,Jamestown (W),VPO1,9-5,Serenity Durham Goree,Midland (W),False,https://www.flowrestling.org/events/6880100-2021-naia-womens-wrestling-tournament/videos?playing=6925265&limit=60
2021,2021-03-13T17:54:25+0000,116,Consi of 4,612,Mat 2,Camille Fournier,Texas Wesleyan (W),VFA,2:52 8-0,Carolina Johnson,Southern Oregon (W),False,https://www.flowrestling.org/events/6880100-2021-naia-womens-wrestling-tournament/videos?playing=6925249&limit=60
2021,2021-03-13T18:33:54+0000,116,Consi-Semis,645,Mat 2,Stefana Jelacic,Lourdes,VSU,10-0 3:00,Arianna Marrufo,Jamestown (W),False,https://www.flowrestling.org/events/6880100-2021-naia-womens-wrestling-tournament/videos?playing=6925345&limit=60
2021,2021-03-13T18:44:38+0000,116,Consi-Semis,646,Mat 2,Camille Fournier,Texas Wesleyan (W),VSU,11-0 4:03,Josie Bartishofski,Jamestown (W),False,https://www.flowrestling.org/events/6880100-2021-naia-womens-wrestling-tournament/videos?playing=6925370&limit=60
2021,2021-03-13T19:49:34+0000,116,3rd Place,667,Mat 3,Stefana Jelacic,Lourdes,VPO1,10-8,Camille Fournier,Texas Wesleyan (W),False,https://www.flowrestling.org/events/6880100-2021-naia-womens-wrestling-tournament/videos?playing=6925559&limit=60
2021,2021-03-13T19:49:37+0000,116,5th Place,668,Mat 2,Arianna Marrufo,Jamestown (W),VPO1,8-5,Josie Bartishofski,Jamestown (W),False,https://www.flowrestling.org/events/6880100-2021-naia-womens-wrestling-tournament/videos?playing=6925560&limit=60
2021,2021-03-13T19:48:14+0000,116,7th Place,669,Mat 4,Serenity Durham Goree,Midland (W),VPO,7-0,Carolina Johnson,Southern Oregon (W),False,https://www.flowrestling.org/events/6880100-2021-naia-womens-wrestling-tournament/videos?playing=6925555&limit=60
2021,2021-03-12T15:01:19+0000,123,Round of 32,401,Mat 4,Julia Vidallon,Life (W),VSU,10-0 0:31,Baylie Koonce,St. Mary (W),False,https://www.flowrestling.org/events/6880100-2021-naia-womens-wrestling-tournament/videos?playing=6923246&limit=60
2021,2021-03-12T15:07:34+0000,123,Round of 32,402,Mat 4,Kendall Martin,Corban,VSU,10-0 1:32,Gigi Loza,Central Methodist (W),False,https://www.flowrestling.org/events/6880100-2021-naia-womens-wrestling-tournament/videos?playing=6923256&limit=60
2021,2021-03-12T15:13:41+0000,123,Round of 32,403,Mat 4,Samantha Weeks,Jamestown (W),VSU1,12-1 3:55,Jenny Castaneda,Waldorf (W),False,https://www.flowrestling.org/events/6880100-2021-naia-womens-wrestling-tournament/videos?playing=6923267&limit=60
2021,2021-03-12T15:22:45+0000,123,Round of 32,404,Mat 4,Theresa Rankin,Lourdes,VPO1,7-4,Rebekah Cordova,Wayland Baptist (W),False,https://www.flowrestling.org/events/6880100-2021-naia-womens-wrestling-tournament/videos?playing=6923281&limit=60
2021,2021-03-12T15:24:06+0000,123,Round of 32,405,Mat 4,Nichole Moore,Baker (W),VSU,11-0 0:35,Jocelyn Hernandez,Grand View (W),False,https://www.flowrestling.org/events/6880100-2021-naia-womens-wrestling-tournament/videos?playing=6923287&limit=60
2021,2021-03-12T15:32:22+0000,123,Round of 32,406,Mat 4,Glory Konecny,Southern Oregon (W),VPO1,9-3,Prethy Enriquez,Midland (W),False,https://www.flowrestling.org/events/6880100-2021-naia-womens-wrestling-tournament/videos?playing=6923304&limit=60
2021,2021-03-12T15:40:36+0000,123,Round of 32,407,Mat 4,Alesandra Burgos,Brewton Parker (W),VPO,8-0,Maria Lopez-Garcia,Simpson (W),False,https://www.flowrestling.org/events/6880100-2021-naia-womens-wrestling-tournament/videos?playing=6923313&limit=60
2021,2021-03-12T15:43:56+0000,123,Round of 32,408,Mat 4,Ashley Whetzal,Lyon (W),VFA,1:29 4-2,Mami Selemani,William Penn,False,https://www.flowrestling.org/events/6880100-2021-naia-womens-wrestling-tournament/videos?playing=6923317&limit=60
2021,2021-03-12T15:45:29+0000,123,Round of 32,409,Mat 4,Katlyn Pizzo,Campbellsville (W),VFA,0:19 2-2,Marissa Burt,Jamestown (W),False,https://www.flowrestling.org/events/6880100-2021-naia-womens-wrestling-tournament/videos?playing=6923321&limit=60
2021,,123,Round of 32,410,Mat 4,Olivia Branson,Baker (W),VFO,0-0,Kaelyn Siason,Providence (W),False,
2021,2021-03-12T15:57:24+0000,123,Round of 32,411,Mat 4,Geneva Winston,Brewton Parker (W),VPO1,8-4,Anjelynn Baron,Eastern Oregon (W),False,https://www.flowrestling.org/events/6880100-2021-naia-womens-wrestling-tournament/videos?playing=6923335&limit=60
2021,,123,Round of 32,412,Mat 4,Jacqueline Ghent,Campbellsville (W),VFO,0-0,Katy Figueroa,York (W),False,
2021,2021-03-12T16:06:25+0000,123,Round of 32,413,Mat 4,Jasmin Davis,Wayland Baptist (W),VSU,10-0 4:23,Alisha	Van Scoy,St. Mary (W),False,https://www.flowrestling.org/events/6880100-2021-naia-womens-wrestling-tournament/videos?playing=6923349&limit=60
2021,2021-03-12T16:12:58+0000,123,Round of 32,414,Mat 4,Isabella Gonzalez,Grand View (W),VSU1,12-1 4:48,Korissa VanOver,Indiana Tech,False,https://www.flowrestling.org/events/6880100-2021-naia-womens-wrestling-tournament/videos?playing=6923354&limit=60
2021,2021-03-12T16:16:15+0000,123,Round of 32,415,Mat 4,Tara Othman,Southern Oregon (W),VSU,10-0 2:05,Avery Thomason,Midland (W),False,https://www.flowrestling.org/events/6880100-2021-naia-womens-wrestling-tournament/videos?playing=6923359&limit=60
2021,2021-03-12T16:17:45+0000,123,Round of 32,416,Mat 4,Jasmine Hernandez,Lyon (W),VFA,0:30 6-0,Akemi Garcia,Lourdes,False,https://www.flowrestling.org/events/6880100-2021-naia-womens-wrestling-tournament/videos?playing=6923365&limit=60
2021,2021-03-12T16:22:15+0000,123,Round of 16,421,Mat 4,Julia Vidallon,Life (W),VSU1,15-4 2:32,Kendall Martin,Corban,False,https://www.flowrestling.org/events/6880100-2021-naia-womens-wrestling-tournament/videos?playing=6923368&limit=60
2021,2021-03-12T16:29:50+0000,123,Round of 16,422,Mat 4,Theresa Rankin,Lourdes,VFA,5:01 9-1,Samantha Weeks,Jamestown (W),False,https://www.flowrestling.org/events/6880100-2021-naia-womens-wrestling-tournament/videos?playing=6923375&limit=60
2021,2021-03-12T16:37:27+0000,123,Round of 16,423,Mat 4,Nichole Moore,Baker (W),VSU1,12-2 4:51,Glory Konecny,Southern Oregon (W),False,https://www.flowrestling.org/events/6880100-2021-naia-womens-wrestling-tournament/videos?playing=6923383&limit=60
2021,2021-03-12T16:39:20+0000,123,Round of 16,424,Mat 4,Ashley Whetzal,Lyon (W),VSU,10-0 0:53,Alesandra Burgos,Brewton Parker (W),False,https://www.flowrestling.org/events/6880100-2021-naia-womens-wrestling-tournament/videos?playing=6923385&limit=60
2021,2021-03-12T16:40:30+0000,123,Round of 16,425,Mat 4,Katlyn Pizzo,Campbellsville (W),VFA,0:14 4-0,Olivia Branson,Baker (W),False,https://www.flowrestling.org/events/6880100-2021-naia-womens-wrestling-tournament/videos?playing=6923389&limit=60
2021,2021-03-12T16:48:19+0000,123,Round of 16,426,Mat 4,Jacqueline Ghent,Campbellsville (W),VSU1,12-2 3:44,Geneva Winston,Brewton Parker (W),False,https://www.flowrestling.org/events/6880100-2021-naia-womens-wrestling-tournament/videos?playing=6923397&limit=60
2021,2021-03-12T16:52:56+0000,123,Round of 16,427,Mat 4,Isabella Gonzalez,Grand View (W),VSU,13-0 3:00,Jasmin Davis,Wayland Baptist (W),False,https://www.flowrestling.org/events/6880100-2021-naia-womens-wrestling-tournament/videos?playing=6923400&limit=60
2021,2021-03-12T16:56:12+0000,123,Round of 16,428,Mat 4,Jasmine Hernandez,Lyon (W),VSU,10-0 4:43,Tara Othman,Southern Oregon (W),False,https://www.flowrestling.org/events/6880100-2021-naia-womens-wrestling-tournament/videos?playing=6923402&limit=60
2021,2021-03-12T23:08:22+0000,123,Quarter-Finals,457,Mat 4,Julia Vidallon,Life (W),VPO,8-0,Theresa Rankin,Lourdes,False,https://www.flowrestling.org/events/6880100-2021-naia-womens-wrestling-tournament/videos?playing=6924205&limit=60
2021,2021-03-12T23:11:51+0000,123,Quarter-Finals,458,Mat 4,Nichole Moore,Baker (W),VSU,12-0 2:05,Ashley Whetzal,Lyon (W),False,https://www.flowrestling.org/events/6880100-2021-naia-womens-wrestling-tournament/videos?playing=6924214&limit=60
2021,2021-03-12T23:33:32+0000,123,Quarter-Finals,459,Mat 4,Katlyn Pizzo,Campbellsville (W),VFA,0:58 6-0,Jacqueline Ghent,Campbellsville (W),False,https://www.flowrestling.org/events/6880100-2021-naia-womens-wrestling-tournament/videos?playing=6924260&limit=60
2021,2021-03-12T23:39:30+0000,123,Quarter-Finals,460,Mat 4,Jasmine Hernandez,Lyon (W),VFA,2:21 10-1,Isabella Gonzalez,Grand View (W),False,https://www.flowrestling.org/events/6880100-2021-naia-womens-wrestling-tournament/videos?playing=6924274&limit=60
2021,2021-03-13T16:43:33+0000,123,Semi-Finals,613,Mat 3,Julia Vidallon,Life (W),VPO1,5-4,Nichole Moore,Baker (W),False,https://www.flowrestling.org/events/6880100-2021-naia-womens-wrestling-tournament/videos?playing=6925079&limit=60
2021,2021-03-13T16:36:14+0000,123,Semi-Finals,614,Mat 2,Jasmine Hernandez,Lyon (W),VSU1,14-4 3:49,Katlyn Pizzo,Campbellsville (W),False,https://www.flowrestling.org/events/6880100-2021-naia-womens-wrestling-tournament/videos?playing=6925063&limit=60
2021,2021-03-14T01:48:37+0000,123,Finals,704,Mat 3,Jasmine Hernandez,Lyon (W),VFA,4:35 13-4,Julia Vidallon,Life (W),False,https://www.flowrestling.org/events/6880100-2021-naia-womens-wrestling-tournament/videos?playing=6926201&limit=60
2021,2021-03-12T17:03:39+0000,123,Consi of 16 #1,429,Mat 4,Baylie Koonce,St. Mary (W),VFA,5:05 12-2,Gigi Loza,Central Methodist (W),False,https://www.flowrestling.org/events/6880100-2021-naia-womens-wrestling-tournament/videos?playing=6923411&limit=60
2021,2021-03-12T17:05:54+0000,123,Consi of 16 #1,430,Mat 4,Rebekah Cordova,Wayland Baptist (W),VSU,10-0 1:14,Jenny Castaneda,Waldorf (W),False,https://www.flowrestling.org/events/6880100-2021-naia-womens-wrestling-tournament/videos?playing=6923416&limit=60
2021,2021-03-12T17:08:16+0000,123,Consi of 16 #1,431,Mat 4,Jocelyn Hernandez,Grand View (W),VFA,1:34 4-0,Prethy Enriquez,Midland (W),False,https://www.flowrestling.org/events/6880100-2021-naia-womens-wrestling-tournament/videos?playing=6923419&limit=60
2021,2021-03-12T17:14:29+0000,123,Consi of 16 #1,432,Mat 4,Mami Selemani,William Penn,VSU1,14-2 3:51,Maria Lopez-Garcia,Simpson (W),False,https://www.flowrestling.org/events/6880100-2021-naia-womens-wrestling-tournament/videos?playing=6923431&limit=60
2021,,123,Consi of 16 #1,433,Mat 4,Marissa Burt,Jamestown (W),VFO,0-0,Kaelyn Siason,Providence (W),False,
2021,,123,Consi of 16 #1,434,Mat 4,Anjelynn Baron,Eastern Oregon (W),VFO,0-0,Katy Figueroa,York (W),False,
2021,2021-03-12T17:19:47+0000,123,Consi of 16 #1,435,Mat 4,Alisha	Van Scoy,St. Mary (W),VFA,1:03 4-0,Korissa VanOver,Indiana Tech,False,https://www.flowrestling.org/events/6880100-2021-naia-womens-wrestling-tournament/videos?playing=6923442&limit=60
2021,2021-03-12T17:23:57+0000,123,Consi of 16 #1,436,Mat 4,Akemi Garcia,Lourdes,VFA,2:55 4-1,Avery Thomason,Midland (W),False,https://www.flowrestling.org/events/6880100-2021-naia-womens-wrestling-tournament/videos?playing=6923447&limit=60
2021,2021-03-12T17:28:00+0000,123,Consi of 16 #2,445,Mat 4,Tara Othman,Southern Oregon (W),VSU,10-0 1:36,Baylie Koonce,St. Mary (W),False,https://www.flowrestling.org/events/6880100-2021-naia-womens-wrestling-tournament/videos?playing=6923452&limit=60
2021,2021-03-12T17:36:20+0000,123,Consi of 16 #2,446,Mat 4,Jasmin Davis,Wayland Baptist (W),VPO1,8-4,Rebekah Cordova,Wayland Baptist (W),False,https://www.flowrestling.org/events/6880100-2021-naia-womens-wrestling-tournament/videos?playing=6923469&limit=60
2021,2021-03-12T17:44:23+0000,123,Consi of 16 #2,447,Mat 4,Geneva Winston,Brewton Parker (W),VFA,4:50 8-8,Jocelyn Hernandez,Grand View (W),False,https://www.flowrestling.org/events/6880100-2021-naia-womens-wrestling-tournament/videos?playing=6923491&limit=60
2021,2021-03-12T17:56:12+0000,123,Consi of 16 #2,448,Mat 4,Mami Selemani,William Penn,VFA,5:06 14-3,Olivia Branson,Baker (W),False,https://www.flowrestling.org/events/6880100-2021-naia-womens-wrestling-tournament/videos?playing=6923534&limit=60
2021,2021-03-12T17:57:57+0000,123,Consi of 16 #2,449,Mat 4,Alesandra Burgos,Brewton Parker (W),VFA,0:55 2-0,Marissa Burt,Jamestown (W),False,https://www.flowrestling.org/events/6880100-2021-naia-womens-wrestling-tournament/videos?playing=6923540&limit=60
2021,2021-03-12T18:02:35+0000,123,Consi of 16 #2,450,Mat 4,Glory Konecny,Southern Oregon (W),VSU,10-0 3:00,Anjelynn Baron,Eastern Oregon (W),False,https://www.flowrestling.org/events/6880100-2021-naia-womens-wrestling-tournament/videos?playing=6923549&limit=60
2021,2021-03-12T18:10:44+0000,123,Consi of 16 #2,451,Mat 4,Samantha Weeks,Jamestown (W),VPO1,8-2,Alisha	Van Scoy,St. Mary (W),False,https://www.flowrestling.org/events/6880100-2021-naia-womens-wrestling-tournament/videos?playing=6923568&limit=60
2021,2021-03-12T18:03:23+0000,123,Consi of 16 #2,452,Mat 5,Kendall Martin,Corban,VFA,0:23 2-0,Akemi Garcia,Lourdes,False,https://www.flowrestling.org/events/6880100-2021-naia-womens-wrestling-tournament/videos?playing=6923551&limit=60
2021,2021-03-12T23:49:28+0000,123,Consi of 8 #1,461,Mat 4,Jasmin Davis,Wayland Baptist (W),VPO1,6-4,Tara Othman,Southern Oregon (W),False,https://www.flowrestling.org/events/6880100-2021-naia-womens-wrestling-tournament/videos?playing=6924302&limit=60
2021,2021-03-12T23:57:29+0000,123,Consi of 8 #1,462,Mat 4,Mami Selemani,William Penn,VSU1,16-6 4:24,Geneva Winston,Brewton Parker (W),False,https://www.flowrestling.org/events/6880100-2021-naia-womens-wrestling-tournament/videos?playing=6924328&limit=60
2021,2021-03-13T00:13:08+0000,123,Consi of 8 #1,463,Mat 4,Glory Konecny,Southern Oregon (W),VPO1,5-4,Alesandra Burgos,Brewton Parker (W),False,https://www.flowrestling.org/events/6880100-2021-naia-womens-wrestling-tournament/videos?playing=6924368&limit=60
2021,2021-03-13T00:14:52+0000,123,Consi of 8 #1,464,Mat 4,Kendall Martin,Corban,VFA,0:44 4-0,Samantha Weeks,Jamestown (W),False,https://www.flowrestling.org/events/6880100-2021-naia-womens-wrestling-tournament/videos?playing=6924371&limit=60
2021,,123,Consi of 8 #2,473,Mat 4,Jasmin Davis,Wayland Baptist (W),VIN,0:00 0-0,Ashley Whetzal,Lyon (W),False,
2021,2021-03-13T00:19:28+0000,123,Consi of 8 #2,474,Mat 4,Theresa Rankin,Lourdes,VSU,10-0 0:33,Mami Selemani,William Penn,False,https://www.flowrestling.org/events/6880100-2021-naia-womens-wrestling-tournament/videos?playing=6924379&limit=60
2021,2021-03-13T00:29:17+0000,123,Consi of 8 #2,475,Mat 4,Glory Konecny,Southern Oregon (W),VFA,1:01 4-2,Isabella Gonzalez,Grand View (W),False,https://www.flowrestling.org/events/6880100-2021-naia-womens-wrestling-tournament/videos?playing=6924401&limit=60
2021,2021-03-13T00:36:32+0000,123,Consi of 8 #2,476,Mat 4,Jacqueline Ghent,Campbellsville (W),VSU1,18-7 4:50,Kendall Martin,Corban,False,https://www.flowrestling.org/events/6880100-2021-naia-womens-wrestling-tournament/videos?playing=6924409&limit=60
2021,2021-03-13T17:59:40+0000,123,Consi of 4,615,Mat 3,Theresa Rankin,Lourdes,VSU1,13-2 2:27,Jasmin Davis,Wayland Baptist (W),False,https://www.flowrestling.org/events/6880100-2021-naia-womens-wrestling-tournament/videos?playing=6925263&limit=60
2021,2021-03-13T18:13:04+0000,123,Consi of 4,616,Mat 4,Jacqueline Ghent,Campbellsville (W),VPO1,7-3,Glory Konecny,Southern Oregon (W),False,https://www.flowrestling.org/events/6880100-2021-naia-womens-wrestling-tournament/videos?playing=6925295&limit=60
2021,2021-03-13T18:41:13+0000,123,Consi-Semis,647,Mat 3,Katlyn Pizzo,Campbellsville (W),VFA,2:31 13-1,Theresa Rankin,Lourdes,False,https://www.flowrestling.org/events/6880100-2021-naia-womens-wrestling-tournament/videos?playing=6925360&limit=60
2021,2021-03-13T18:52:22+0000,123,Consi-Semis,648,Mat 2,Jacqueline Ghent,Campbellsville (W),VIN,3:39 1-5,Nichole Moore,Baker (W),False,https://www.flowrestling.org/events/6880100-2021-naia-womens-wrestling-tournament/videos?playing=6925406&limit=60
2021,2021-03-13T19:51:43+0000,123,3rd Place,670,Mat 3,Katlyn Pizzo,Campbellsville (W),VFA,0:49 6-0,Jacqueline Ghent,Campbellsville (W),False,https://www.flowrestling.org/events/6880100-2021-naia-womens-wrestling-tournament/videos?playing=6925566&limit=60
2021,,123,5th Place,671,Mat 2,Theresa Rankin,Lourdes,VFO,0-0,Nichole Moore,Baker (W),False,
2021,2021-03-13T19:58:23+0000,123,7th Place,672,Mat 4,Glory Konecny,Southern Oregon (W),VPO1,2-1,Jasmin Davis,Wayland Baptist (W),False,https://www.flowrestling.org/events/6880100-2021-naia-womens-wrestling-tournament/videos?playing=6925587&limit=60
2021,2021-03-12T15:02:46+0000,130,Round of 32,501,Mat 5,Bridgette Duty,Cumberlands (W),VSU,10-0 0:51,Corinne Robertson,Ottawa (W),False,https://www.flowrestling.org/events/6880100-2021-naia-womens-wrestling-tournament/videos?playing=6923249&limit=60
2021,,130,Round of 32,,,Teya Villalpando,St. Mary (W),BYE,,BYE,,True,
2021,2021-03-12T15:05:42+0000,130,Round of 32,502,Mat 5,Karoline Ortiz,Missouri Baptist (W),VSU1,12-2 1:52,Marlene Avila,Grand View (W),False,https://www.flowrestling.org/events/6880100-2021-naia-womens-wrestling-tournament/videos?playing=6923251&limit=60
2021,,130,Round of 32,,,Riley Dalrymple,Life (W),BYE,,BYE,,True,
2021,2021-03-12T15:09:28+0000,130,Round of 32,503,Mat 5,Macy Higa,Eastern Oregon (W),VSU,10-0 1:50,MikaRae Mauldin,York (W),False,https://www.flowrestling.org/events/6880100-2021-naia-womens-wrestling-tournament/videos?playing=6923263&limit=60
2021,,130,Round of 32,,,Sydney Lewis,Indiana Tech,BYE,,BYE,,True,
2021,,130,Round of 32,,,Autumn Barela,Central Methodist (W),BYE,,BYE,,True,
2021,2021-03-12T15:11:31+0000,130,Round of 32,504,Mat 5,De'anna Prince,Wayland Baptist (W),VSU,10-0 0:24,Brooke Cicierski,Providence (W),False,https://www.flowrestling.org/events/6880100-2021-naia-womens-wrestling-tournament/videos?playing=6923265&limit=60
2021,,130,Round of 32,,,Angela Vitiritti,Campbellsville (W),BYE,,BYE,,True,
2021,2021-03-12T15:23:13+0000,130,Round of 32,505,Mat 5,Xylia Warner,Corban,VPO1,13-9,Cassidy Anderson,Central Christian (W),False,https://www.flowrestling.org/events/6880100-2021-naia-womens-wrestling-tournament/videos?playing=6923282&limit=60
2021,2021-03-12T15:24:49+0000,130,Round of 32,506,Mat 5,Diana Dzasezeva,Waldorf (W),VSU,10-0 0:54,Willow Barnes,Missouri Valley (W),False,https://www.flowrestling.org/events/6880100-2021-naia-womens-wrestling-tournament/videos?playing=6923288&limit=60
2021,,130,Round of 32,,,Briana Kellin,Life (W),BYE,,BYE,,True,
2021,2021-03-12T15:28:54+0000,130,Round of 32,507,Mat 5,Alexandra Baudhuin,Jamestown (W),VSU,10-0 2:56,Emily Alderman,Wayland Baptist (W),False,https://www.flowrestling.org/events/6880100-2021-naia-womens-wrestling-tournament/videos?playing=6923298&limit=60
2021,,130,Round of 32,,,Sophia Smith,Oklahoma City (W),BYE,,BYE,,True,
2021,2021-03-12T15:35:40+0000,130,Round of 32,508,Mat 5,Jordynn Robson,Southern Oregon (W),VSU,12-0 2:51,Lindsay Mills,Missouri Baptist (W),False,https://www.flowrestling.org/events/6880100-2021-naia-womens-wrestling-tournament/videos?playing=6923306&limit=60
2021,2021-03-12T15:39:58+0000,130,Round of 32,509,Mat 5,Mea Mohler,Texas Wesleyan (W),VSU,10-0 1:17,Kami Fiordalis,York (W),False,https://www.flowrestling.org/events/6880100-2021-naia-womens-wrestling-tournament/videos?playing=6923312&limit=60
2021,2021-03-12T15:48:25+0000,130,Round of 16,516,Mat 5,Bridgette Duty,Cumberlands (W),VFA,3:39 12-1,Teya Villalpando,St. Mary (W),False,https://www.flowrestling.org/events/6880100-2021-naia-womens-wrestling-tournament/videos?playing=6923326&limit=60
2021,2021-03-12T16:00:12+0000,130,Round of 16,517,Mat 5,Karoline Ortiz,Missouri Baptist (W),VPO1,4-3,Riley Dalrymple,Life (W),False,https://www.flowrestling.org/events/6880100-2021-naia-womens-wrestling-tournament/videos?playing=6923337&limit=60
2021,2021-03-12T16:03:44+0000,130,Round of 16,518,Mat 5,Macy Higa,Eastern Oregon (W),VSU,10-0 1:27,Sydney Lewis,Indiana Tech,False,https://www.flowrestling.org/events/6880100-2021-naia-womens-wrestling-tournament/videos?playing=6923345&limit=60
2021,2021-03-12T16:06:04+0000,130,Round of 16,519,Mat 5,De'anna Prince,Wayland Baptist (W),VSU,10-0 0:49,Autumn Barela,Central Methodist (W),False,https://www.flowrestling.org/events/6880100-2021-naia-womens-wrestling-tournament/videos?playing=6923348&limit=60
2021,2021-03-12T16:09:15+0000,130,Round of 16,520,Mat 5,Angela Vitiritti,Campbellsville (W),VFA,1:40 6-0,Xylia Warner,Corban,False,https://www.flowrestling.org/events/6880100-2021-naia-womens-wrestling-tournament/videos?playing=6923350&limit=60
2021,2021-03-12T16:19:27+0000,130,Round of 16,521,Mat 5,Briana Kellin,Life (W),VPO1,8-2,Diana Dzasezeva,Waldorf (W),False,https://www.flowrestling.org/events/6880100-2021-naia-womens-wrestling-tournament/videos?playing=6923367&limit=60
2021,2021-03-12T16:30:42+0000,130,Round of 16,522,Mat 5,Alexandra Baudhuin,Jamestown (W),VPO1,10-4,Sophia Smith,Oklahoma City (W),False,https://www.flowrestling.org/events/6880100-2021-naia-womens-wrestling-tournament/videos?playing=6923376&limit=60
2021,2021-03-12T16:32:17+0000,130,Round of 16,523,Mat 5,Mea Mohler,Texas Wesleyan (W),VSU,11-0 0:49,Jordynn Robson,Southern Oregon (W),False,https://www.flowrestling.org/events/6880100-2021-naia-womens-wrestling-tournament/videos?playing=6923378&limit=60
2021,2021-03-12T23:08:27+0000,130,Quarter-Finals,547,Mat 5,Bridgette Duty,Cumberlands (W),VSU,10-0 4:28,Karoline Ortiz,Missouri Baptist (W),False,https://www.flowrestling.org/events/6880100-2021-naia-womens-wrestling-tournament/videos?playing=6924206&limit=60
2021,2021-03-12T23:18:48+0000,130,Quarter-Finals,548,Mat 5,De'anna Prince,Wayland Baptist (W),VPO1,9-6,Macy Higa,Eastern Oregon (W),False,https://www.flowrestling.org/events/6880100-2021-naia-womens-wrestling-tournament/videos?playing=6924225&limit=60
2021,2021-03-12T23:27:11+0000,130,Quarter-Finals,549,Mat 5,Angela Vitiritti,Campbellsville (W),VPO1,2-2,Briana Kellin,Life (W),False,https://www.flowrestling.org/events/6880100-2021-naia-womens-wrestling-tournament/videos?playing=6924244&limit=60
2021,2021-03-12T23:37:06+0000,130,Quarter-Finals,550,Mat 5,Mea Mohler,Texas Wesleyan (W),VSU1,13-2 2:03,Alexandra Baudhuin,Jamestown (W),False,https://www.flowrestling.org/events/6880100-2021-naia-womens-wrestling-tournament/videos?playing=6924269&limit=60
2021,2021-03-13T16:49:52+0000,130,Semi-Finals,617,Mat 3,Bridgette Duty,Cumberlands (W),VSU1,12-1 3:51,De'anna Prince,Wayland Baptist (W),False,https://www.flowrestling.org/events/6880100-2021-naia-womens-wrestling-tournament/videos?playing=6925093&limit=60
2021,2021-03-13T16:53:35+0000,130,Semi-Finals,618,Mat 2,Angela Vitiritti,Campbellsville (W),VPO1,6-3,Mea Mohler,Texas Wesleyan (W),False,https://www.flowrestling.org/events/6880100-2021-naia-womens-wrestling-tournament/videos?playing=6925100&limit=60
2021,2021-03-14T01:58:05+0000,130,Finals,705,Mat 3,Bridgette Duty,Cumberlands (W),VSU1,12-2 3:33,Angela Vitiritti,Campbellsville (W),False,https://www.flowrestling.org/events/6880100-2021-naia-womens-wrestling-tournament/videos?playing=6926207&limit=60
2021,,130,Consi of 16 #1,,,Corinne Robertson,Ottawa (W),BYE,,BYE,,True,
2021,,130,Consi of 16 #1,,,Marlene Avila,Grand View (W),BYE,,BYE,,True,
2021,,130,Consi of 16 #1,,,MikaRae Mauldin,York (W),BYE,,BYE,,True,
2021,,130,Consi of 16 #1,,,Brooke Cicierski,Providence (W),BYE,,BYE,,True,
2021,,130,Consi of 16 #1,,,Cassidy Anderson,Central Christian (W),BYE,,BYE,,True,
2021,,130,Consi of 16 #1,,,Willow Barnes,Missouri Valley (W),BYE,,BYE,,True,
2021,,130,Consi of 16 #1,,,Emily Alderman,Wayland Baptist (W),BYE,,BYE,,True,
2021,2021-03-12T16:38:23+0000,130,Consi of 16 #1,524,Mat 5,Kami Fiordalis,York (W),VFA,3:31 4-8,Lindsay Mills,Missouri Baptist (W),False,https://www.flowrestling.org/events/6880100-2021-naia-womens-wrestling-tournament/videos?playing=6923384&limit=60
2021,2021-03-12T17:31:14+0000,130,Consi of 16 #2,533,Mat 5,Jordynn Robson,Southern Oregon (W),VPO1,6-4,Corinne Robertson,Ottawa (W),False,https://www.flowrestling.org/events/6880100-2021-naia-womens-wrestling-tournament/videos?playing=6923460&limit=60
2021,2021-03-12T17:39:09+0000,130,Consi of 16 #2,534,Mat 5,Sophia Smith,Oklahoma City (W),VSU,10-0 5:25,Marlene Avila,Grand View (W),False,https://www.flowrestling.org/events/6880100-2021-naia-womens-wrestling-tournament/videos?playing=6923478&limit=60
2021,2021-03-12T17:22:54+0000,130,Consi of 16 #2,535,Mat 5,Diana Dzasezeva,Waldorf (W),VSU,10-0 1:50,MikaRae Mauldin,York (W),False,https://www.flowrestling.org/events/6880100-2021-naia-womens-wrestling-tournament/videos?playing=6923446&limit=60
2021,2021-03-12T17:19:16+0000,130,Consi of 16 #2,536,Mat 5,Xylia Warner,Corban,VSU1,13-2 5:07,Brooke Cicierski,Providence (W),False,https://www.flowrestling.org/events/6880100-2021-naia-womens-wrestling-tournament/videos?playing=6923441&limit=60
2021,2021-03-12T16:44:07+0000,130,Consi of 16 #2,537,Mat 5,Autumn Barela,Central Methodist (W),VSU,10-0 1:58,Cassidy Anderson,Central Christian (W),False,https://www.flowrestling.org/events/6880100-2021-naia-womens-wrestling-tournament/videos?playing=6923392&limit=60
2021,2021-03-12T16:52:40+0000,130,Consi of 16 #2,538,Mat 5,Willow Barnes,Missouri Valley (W),VPO1,8-6,Sydney Lewis,Indiana Tech,False,https://www.flowrestling.org/events/6880100-2021-naia-womens-wrestling-tournament/videos?playing=6923399&limit=60
2021,2021-03-12T17:10:37+0000,130,Consi of 16 #2,539,Mat 5,Emily Alderman,Wayland Baptist (W),VPO1,6-4,Riley Dalrymple,Life (W),False,https://www.flowrestling.org/events/6880100-2021-naia-womens-wrestling-tournament/videos?playing=6923427&limit=60
2021,2021-03-12T17:42:39+0000,130,Consi of 16 #2,540,Mat 5,Teya Villalpando,St. Mary (W),VFA,1:57 8-0,Kami Fiordalis,York (W),False,https://www.flowrestling.org/events/6880100-2021-naia-womens-wrestling-tournament/videos?playing=6923486&limit=60
2021,2021-03-12T23:44:50+0000,130,Consi of 8 #1,551,Mat 5,Sophia Smith,Oklahoma City (W),VSU,10-0 3:32,Jordynn Robson,Southern Oregon (W),False,https://www.flowrestling.org/events/6880100-2021-naia-womens-wrestling-tournament/videos?playing=6924292&limit=60
2021,2021-03-12T23:46:32+0000,130,Consi of 8 #1,552,Mat 5,Diana Dzasezeva,Waldorf (W),VFA,0:39 4-0,Xylia Warner,Corban,False,https://www.flowrestling.org/events/6880100-2021-naia-womens-wrestling-tournament/videos?playing=6924298&limit=60
2021,2021-03-12T23:54:28+0000,130,Consi of 8 #1,553,Mat 5,Willow Barnes,Missouri Valley (W),VFA,5:20 10-7,Autumn Barela,Central Methodist (W),False,https://www.flowrestling.org/events/6880100-2021-naia-womens-wrestling-tournament/videos?playing=6924317&limit=60
2021,2021-03-13T00:02:46+0000,130,Consi of 8 #1,554,Mat 5,Teya Villalpando,St. Mary (W),VPO1,6-4,Emily Alderman,Wayland Baptist (W),False,https://www.flowrestling.org/events/6880100-2021-naia-womens-wrestling-tournament/videos?playing=6924344&limit=60
2021,2021-03-13T00:12:04+0000,130,Consi of 8 #2,563,Mat 5,Sophia Smith,Oklahoma City (W),VPO1,8-2,Macy Higa,Eastern Oregon (W),False,https://www.flowrestling.org/events/6880100-2021-naia-womens-wrestling-tournament/videos?playing=6924366&limit=60
2021,2021-03-13T00:21:22+0000,130,Consi of 8 #2,564,Mat 5,Diana Dzasezeva,Waldorf (W),VPO1,4-3,Karoline Ortiz,Missouri Baptist (W),False,https://www.flowrestling.org/events/6880100-2021-naia-womens-wrestling-tournament/videos?playing=6924387&limit=60
2021,2021-03-13T00:23:15+0000,130,Consi of 8 #2,565,Mat 5,Alexandra Baudhuin,Jamestown (W),VSU,10-0 1:01,Willow Barnes,Missouri Valley (W),False,https://www.flowrestling.org/events/6880100-2021-naia-womens-wrestling-tournament/videos?playing=6924389&limit=60
2021,2021-03-13T00:31:57+0000,130,Consi of 8 #2,566,Mat 5,Briana Kellin,Life (W),VPO,8-0,Teya Villalpando,St. Mary (W),False,https://www.flowrestling.org/events/6880100-2021-naia-womens-wrestling-tournament/videos?playing=6924404&limit=60
2021,2021-03-13T18:02:54+0000,130,Consi of 4,619,Mat 2,Diana Dzasezeva,Waldorf (W),VFA,5:40 3-2,Sophia Smith,Oklahoma City (W),False,https://www.flowrestling.org/events/6880100-2021-naia-womens-wrestling-tournament/videos?playing=6925270&limit=60
2021,2021-03-13T18:07:58+0000,130,Consi of 4,620,Mat 3,Alexandra Baudhuin,Jamestown (W),VPO1,3-2,Briana Kellin,Life (W),False,https://www.flowrestling.org/events/6880100-2021-naia-womens-wrestling-tournament/videos?playing=6925282&limit=60
2021,2021-03-13T18:50:44+0000,130,Consi-Semis,649,Mat 4,Mea Mohler,Texas Wesleyan (W),VIN,1:48 4-0,Diana Dzasezeva,Waldorf (W),False,https://www.flowrestling.org/events/6880100-2021-naia-womens-wrestling-tournament/videos?playing=6925397&limit=60
2021,2021-03-13T19:02:24+0000,130,Consi-Semis,650,Mat 2,De'anna Prince,Wayland Baptist (W),VPO1,12-8,Alexandra Baudhuin,Jamestown (W),False,https://www.flowrestling.org/events/6880100-2021-naia-womens-wrestling-tournament/videos?playing=6925426&limit=60
2021,2021-03-13T20:05:34+0000,130,3rd Place,673,Mat 3,Mea Mohler,Texas Wesleyan (W),VFA,3:42 5-0,De'anna Prince,Wayland Baptist (W),False,https://www.flowrestling.org/events/6880100-2021-naia-womens-wrestling-tournament/videos?playing=6925603&limit=60
2021,,130,5th Place,674,Mat 2,Alexandra Baudhuin,Jamestown (W),VFO,0-0,Diana Dzasezeva,Waldorf (W),False,
2021,2021-03-13T20:07:58+0000,130,7th Place,675,Mat 4,Briana Kellin,Life (W),VPO1,10-2,Sophia Smith,Oklahoma City (W),False,https://www.flowrestling.org/events/6880100-2021-naia-womens-wrestling-tournament/videos?playing=6925611&limit=60
2021,,136,Round of 32,,,Desiree Zavala,Wayland Baptist (W),BYE,,BYE,,True,
2021,2021-03-12T18:40:07+0000,136,Round of 32,108,Mat 1,Jocelyn Murphy,Missouri Valley (W),VFA,4:41 5-2,Ashlee Palimo'o,Midland (W),False,https://www.flowrestling.org/events/6880100-2021-naia-womens-wrestling-tournament/videos?playing=6923615&limit=60
2021,2021-03-12T18:51:41+0000,136,Round of 32,109,Mat 1,Remy Vargas,Jamestown (W),VSU1,16-5 6:00,Abbie Jones,Baker (W),False,https://www.flowrestling.org/events/6880100-2021-naia-womens-wrestling-tournament/videos?playing=6923648&limit=60
2021,2021-03-12T19:01:09+0000,136,Round of 32,110,Mat 1,Charmayne DeLong,Indiana Tech,VPO1,16-14,Paige Kalish,Brewton Parker (W),False,https://www.flowrestling.org/events/6880100-2021-naia-womens-wrestling-tournament/videos?playing=6923672&limit=60
2021,2021-03-12T19:04:33+0000,136,Round of 32,111,Mat 1,Brigid Shannon,Corban,VFA,2:14 2-0,Angelina Prado,Life (W),False,https://www.flowrestling.org/events/6880100-2021-naia-womens-wrestling-tournament/videos?playing=6923688&limit=60
2021,,136,Round of 32,,,Rebekah Garcia,Lyon (W),BYE,,BYE,,True,
2021,,136,Round of 32,,,Allyson Arrington,Cumberlands (W),BYE,,BYE,,True,
2021,2021-03-12T19:07:23+0000,136,Round of 32,112,Mat 1,Destiny Lyng,Oklahoma City (W),VFA,1:47 12-0,Andrea Montoya,Central Methodist (W),False,https://www.flowrestling.org/events/6880100-2021-naia-womens-wrestling-tournament/videos?playing=6923695&limit=60
2021,2021-03-12T19:15:17+0000,136,Round of 32,113,Mat 1,Andrea Schlabach,Grand View (W),VPO1,6-4,Lyric Gonsalves,Ottawa (W),False,https://www.flowrestling.org/events/6880100-2021-naia-womens-wrestling-tournament/videos?playing=6923724&limit=60
2021,,136,Round of 32,,,Amy Fuller,Hastings,BYE,,BYE,,True,
2021,,136,Round of 32,,,Jaimes Clark,Baker (W),BYE,,BYE,,True,
2021,2021-03-12T19:21:04+0000,136,Round of 32,113A,Mat 1,Savanna McCutchen,Missouri Valley (W),VFA,3:31 10-1,Luisita Jara,Jamestown (W),False,https://www.flowrestling.org/events/6880100-2021-naia-womens-wrestling-tournament/videos?playing=6923733&limit=60
2021,2021-03-12T19:26:39+0000,136,Round of 32,114,Mat 1,Mattison Parker,Oklahoma City (W),VFA,3:17 6-0,Tayler Hayase,Midland (W),False,https://www.flowrestling.org/events/6880100-2021-naia-womens-wrestling-tournament/videos?playing=6923749&limit=60
2021,,136,Round of 32,,,Carson Williams,Corban,BYE,,BYE,,True,
2021,,136,Round of 32,115,,Victoria Herrera,St. Mary (W),BYE,,BYE,,True,
2021,2021-03-12T19:35:06+0000,136,Round of 32,116,Mat 1,Randi Robison,Campbellsville (W),VFA,5:01 8-0,Hailey Budney,Cumberlands (W),False,https://www.flowrestling.org/events/6880100-2021-naia-womens-wrestling-tournament/videos?playing=6923771&limit=60
2021,2021-03-12T19:36:44+0000,136,Round of 16,125,Mat 1,Desiree Zavala,Wayland Baptist (W),VPO,10-0,Jocelyn Murphy,Missouri Valley (W),False,https://www.flowrestling.org/events/6880100-2021-naia-womens-wrestling-tournament/videos?playing=6923776&limit=60
2021,2021-03-12T19:38:06+0000,136,Round of 16,126,Mat 1,Charmayne DeLong,Indiana Tech,VFA,0:44 4-0,Remy Vargas,Jamestown (W),False,https://www.flowrestling.org/events/6880100-2021-naia-womens-wrestling-tournament/videos?playing=6923781&limit=60
2021,2021-03-12T19:48:38+0000,136,Round of 16,127,Mat 1,Brigid Shannon,Corban,VPO,4-0,Rebekah Garcia,Lyon (W),False,https://www.flowrestling.org/events/6880100-2021-naia-womens-wrestling-tournament/videos?playing=6923811&limit=60
2021,2021-03-12T19:50:34+0000,136,Round of 16,128,Mat 1,Destiny Lyng,Oklahoma City (W),VFA,1:10 8-0,Allyson Arrington,Cumberlands (W),False,https://www.flowrestling.org/events/6880100-2021-naia-womens-wrestling-tournament/videos?playing=6923814&limit=60
2021,2021-03-12T19:54:15+0000,136,Round of 16,129,Mat 1,Andrea Schlabach,Grand View (W),VFA,2:14 2-2,Amy Fuller,Hastings,False,https://www.flowrestling.org/events/6880100-2021-naia-womens-wrestling-tournament/videos?playing=6923824&limit=60
2021,2021-03-12T19:56:04+0000,136,Round of 16,130,Mat 1,Savanna McCutchen,Missouri Valley (W),VFA,1:00 4-0,Jaimes Clark,Baker (W),False,https://www.flowrestling.org/events/6880100-2021-naia-womens-wrestling-tournament/videos?playing=6923827&limit=60
2021,2021-03-12T20:01:51+0000,136,Round of 16,131,Mat 5,Mattison Parker,Oklahoma City (W),VSU,10-0 0:35,Carson Williams,Corban,False,https://www.flowrestling.org/events/6880100-2021-naia-womens-wrestling-tournament/videos?playing=6923845&limit=60
2021,2021-03-12T20:05:00+0000,136,Round of 16,132,Mat 1,Randi Robison,Campbellsville (W),VFA,4:54 11-2,Victoria Herrera,St. Mary (W),False,https://www.flowrestling.org/events/6880100-2021-naia-womens-wrestling-tournament/videos?playing=6923853&limit=60
2021,2021-03-13T01:00:25+0000,136,Quarter-Finals,157,Mat 1,Desiree Zavala,Wayland Baptist (W),VSU,10-0 0:27,Charmayne DeLong,Indiana Tech,False,https://www.flowrestling.org/events/6880100-2021-naia-womens-wrestling-tournament/videos?playing=6924454&limit=60
2021,2021-03-13T01:07:03+0000,136,Quarter-Finals,158,Mat 1,Destiny Lyng,Oklahoma City (W),VSU,12-0 3:08,Brigid Shannon,Corban,False,https://www.flowrestling.org/events/6880100-2021-naia-womens-wrestling-tournament/videos?playing=6924470&limit=60
2021,2021-03-13T01:18:15+0000,136,Quarter-Finals,159,Mat 1,Andrea Schlabach,Grand View (W),VPO1,4-3,Savanna McCutchen,Missouri Valley (W),False,https://www.flowrestling.org/events/6880100-2021-naia-womens-wrestling-tournament/videos?playing=6924498&limit=60
2021,2021-03-13T01:31:29+0000,136,Quarter-Finals,160,Mat 1,Randi Robison,Campbellsville (W),VPO1,11-7,Mattison Parker,Oklahoma City (W),False,https://www.flowrestling.org/events/6880100-2021-naia-womens-wrestling-tournament/videos?playing=6924534&limit=60
2021,2021-03-13T16:55:24+0000,136,Semi-Finals,621,Mat 2,Desiree Zavala,Wayland Baptist (W),VSU,10-0 1:15,Destiny Lyng,Oklahoma City (W),False,https://www.flowrestling.org/events/6880100-2021-naia-womens-wrestling-tournament/videos?playing=6925105&limit=60
2021,2021-03-13T17:01:49+0000,136,Semi-Finals,622,Mat 3,Randi Robison,Campbellsville (W),VPO1,2-1,Andrea Schlabach,Grand View (W),False,https://www.flowrestling.org/events/6880100-2021-naia-womens-wrestling-tournament/videos?playing=6925116&limit=60
2021,2021-03-14T02:04:31+0000,136,Finals,706,Mat 3,Desiree Zavala,Wayland Baptist (W),VSU,10-0 0:51,Randi Robison,Campbellsville (W),False,https://www.flowrestling.org/events/6880100-2021-naia-womens-wrestling-tournament/videos?playing=6926212&limit=60
2021,,136,Consi of 16 #1,,,Ashlee Palimo'o,Midland (W),BYE,,BYE,,True,
2021,2021-03-12T20:06:54+0000,136,Consi of 16 #1,133,Mat 5,Abbie Jones,Baker (W),VFA,2:17 4-2,Paige Kalish,Brewton Parker (W),False,https://www.flowrestling.org/events/6880100-2021-naia-womens-wrestling-tournament/videos?playing=6923860&limit=60
2021,,136,Consi of 16 #1,,,Angelina Prado,Life (W),BYE,,BYE,,True,
2021,,136,Consi of 16 #1,,,Andrea Montoya,Central Methodist (W),BYE,,BYE,,True,
2021,,136,Consi of 16 #1,,,Lyric Gonsalves,Ottawa (W),BYE,,BYE,,True,
2021,,136,Consi of 16 #1,,,Luisita Jara,Jamestown (W),BYE,,BYE,,True,
2021,,136,Consi of 16 #1,,,Tayler Hayase,Midland (W),BYE,,BYE,,True,
2021,,136,Consi of 16 #1,134,,Hailey Budney,Cumberlands (W),BYE,,BYE,,True,
2021,2021-03-12T20:29:53+0000,136,Consi of 16 #2,142,Mat 1,Ashlee Palimo'o,Midland (W),VPO1,6-2,Victoria Herrera,St. Mary (W),False,https://www.flowrestling.org/events/6880100-2021-naia-womens-wrestling-tournament/videos?playing=6923922&limit=60
2021,2021-03-12T20:18:05+0000,136,Consi of 16 #2,143,Mat 5,Abbie Jones,Baker (W),VSU,10-0 0:46,Carson Williams,Corban,False,https://www.flowrestling.org/events/6880100-2021-naia-womens-wrestling-tournament/videos?playing=6923894&limit=60
2021,2021-03-12T20:21:10+0000,136,Consi of 16 #2,144,Mat 1,Angelina Prado,Life (W),VFA,0:58 2-0,Jaimes Clark,Baker (W),False,https://www.flowrestling.org/events/6880100-2021-naia-womens-wrestling-tournament/videos?playing=6923901&limit=60
2021,2021-03-12T20:13:17+0000,136,Consi of 16 #2,145,Mat 5,Amy Fuller,Hastings,VSU,11-0 1:57,Andrea Montoya,Central Methodist (W),False,https://www.flowrestling.org/events/6880100-2021-naia-womens-wrestling-tournament/videos?playing=6923878&limit=60
2021,2021-03-12T20:07:42+0000,136,Consi of 16 #2,146,Mat 1,Lyric Gonsalves,Ottawa (W),VFA,0:59 4-0,Allyson Arrington,Cumberlands (W),False,https://www.flowrestling.org/events/6880100-2021-naia-womens-wrestling-tournament/videos?playing=6923865&limit=60
2021,2021-03-12T20:16:19+0000,136,Consi of 16 #2,146A,Mat 1,Luisita Jara,Jamestown (W),VPO1,2-1,Rebekah Garcia,Lyon (W),False,https://www.flowrestling.org/events/6880100-2021-naia-womens-wrestling-tournament/videos?playing=6923889&limit=60
2021,2021-03-12T20:08:38+0000,136,Consi of 16 #2,147,Mat 5,Tayler Hayase,Midland (W),VFA,0:30 4-0,Remy Vargas,Jamestown (W),False,https://www.flowrestling.org/events/6880100-2021-naia-womens-wrestling-tournament/videos?playing=6923868&limit=60
2021,2021-03-12T20:19:07+0000,136,Consi of 16 #2,148,Mat 1,Jocelyn Murphy,Missouri Valley (W),VFA,2:05 6-2,Hailey Budney,Cumberlands (W),False,https://www.flowrestling.org/events/6880100-2021-naia-womens-wrestling-tournament/videos?playing=6923897&limit=60
2021,2021-03-13T01:39:42+0000,136,Consi of 8 #1,161,Mat 1,Ashlee Palimo'o,Midland (W),VPO1,2-2,Abbie Jones,Baker (W),False,https://www.flowrestling.org/events/6880100-2021-naia-womens-wrestling-tournament/videos?playing=6924558&limit=60
2021,2021-03-13T01:42:32+0000,136,Consi of 8 #1,162,Mat 1,Angelina Prado,Life (W),VFA,2:00 2-2,Amy Fuller,Hastings,False,https://www.flowrestling.org/events/6880100-2021-naia-womens-wrestling-tournament/videos?playing=6924564&limit=60
2021,2021-03-13T01:51:23+0000,136,Consi of 8 #1,163,Mat 1,Luisita Jara,Jamestown (W),VPO1,12-4,Lyric Gonsalves,Ottawa (W),False,https://www.flowrestling.org/events/6880100-2021-naia-womens-wrestling-tournament/videos?playing=6924586&limit=60
2021,2021-03-13T01:53:07+0000,136,Consi of 8 #1,164,Mat 1,Jocelyn Murphy,Missouri Valley (W),VFA,0:43 6-0,Tayler Hayase,Midland (W),False,https://www.flowrestling.org/events/6880100-2021-naia-womens-wrestling-tournament/videos?playing=6924591&limit=60
2021,2021-03-13T01:57:04+0000,136,Consi of 8 #2,169,Mat 1,Brigid Shannon,Corban,VFA,2:49 4-1,Ashlee Palimo'o,Midland (W),False,https://www.flowrestling.org/events/6880100-2021-naia-womens-wrestling-tournament/videos?playing=6924604&limit=60
2021,2021-03-13T02:04:09+0000,136,Consi of 8 #2,170,Mat 1,Angelina Prado,Life (W),VSU,11-0 1:41,Charmayne DeLong,Indiana Tech,False,https://www.flowrestling.org/events/6880100-2021-naia-womens-wrestling-tournament/videos?playing=6924622&limit=60
2021,2021-03-13T02:13:56+0000,136,Consi of 8 #2,171,Mat 1,Luisita Jara,Jamestown (W),VPO1,5-5,Mattison Parker,Oklahoma City (W),False,https://www.flowrestling.org/events/6880100-2021-naia-womens-wrestling-tournament/videos?playing=6924636&limit=60
2021,2021-03-13T02:18:16+0000,136,Consi of 8 #2,172,Mat 4,Savanna McCutchen,Missouri Valley (W),VFA,2:08 6-6,Jocelyn Murphy,Missouri Valley (W),False,https://www.flowrestling.org/events/6880100-2021-naia-womens-wrestling-tournament/videos?playing=6924642&limit=60
2021,2021-03-13T18:11:24+0000,136,Consi of 4,623,Mat 2,Brigid Shannon,Corban,VSU,10-0 3:40,Angelina Prado,Life (W),False,https://www.flowrestling.org/events/6880100-2021-naia-womens-wrestling-tournament/videos?playing=6925292&limit=60
2021,2021-03-13T18:21:48+0000,136,Consi of 4,624,Mat 4,Savanna McCutchen,Missouri Valley (W),VSU,13-0 4:48,Luisita Jara,Jamestown (W),False,https://www.flowrestling.org/events/6880100-2021-naia-womens-wrestling-tournament/videos?playing=6925317&limit=60
2021,2021-03-13T18:44:50+0000,136,Consi-Semis,651,Mat 3,Andrea Schlabach,Grand View (W),VFA,2:53 2-0,Brigid Shannon,Corban,False,https://www.flowrestling.org/events/6880100-2021-naia-womens-wrestling-tournament/videos?playing=6925371&limit=60
2021,2021-03-13T18:52:56+0000,136,Consi-Semis,652,Mat 3,Savanna McCutchen,Missouri Valley (W),VFA,2:42 3-8,Destiny Lyng,Oklahoma City (W),False,https://www.flowrestling.org/events/6880100-2021-naia-womens-wrestling-tournament/videos?playing=6925408&limit=60
2021,2021-03-13T20:10:29+0000,136,3rd Place,676,Mat 3,Andrea Schlabach,Grand View (W),VFA,2:00 4-0,Savanna McCutchen,Missouri Valley (W),False,https://www.flowrestling.org/events/6880100-2021-naia-womens-wrestling-tournament/videos?playing=6925617&limit=60
2021,2021-03-13T20:10:51+0000,136,5th Place,677,Mat 2,Destiny Lyng,Oklahoma City (W),VFA,2:02 6-0,Brigid Shannon,Corban,False,https://www.flowrestling.org/events/6880100-2021-naia-womens-wrestling-tournament/videos?playing=6925619&limit=60
2021,2021-03-13T20:16:07+0000,136,7th Place,678,Mat 4,Angelina Prado,Life (W),VSU,10-0 5:51,Luisita Jara,Jamestown (W),False,https://www.flowrestling.org/events/6880100-2021-naia-womens-wrestling-tournament/videos?playing=6925633&limit=60
2021,2021-03-12T18:35:49+0000,143,Round of 32,214,Mat 2,Waipuilani Estrella-Beauchamp,Midland (W),VFA,0:51 4-0,Makia English,St. Mary (W),False,https://www.flowrestling.org/events/6880100-2021-naia-womens-wrestling-tournament/videos?playing=6923604&limit=60
2021,,143,Round of 32,,,Maryellen Lafferty,Texas Wesleyan (W),BYE,,BYE,,True,
2021,2021-03-12T18:42:20+0000,143,Round of 32,215,Mat 2,Cameryn Hulbert,York (W),VFA,2:17 7-0,Grace Nelson,Corban,False,https://www.flowrestling.org/events/6880100-2021-naia-womens-wrestling-tournament/videos?playing=6923620&limit=60
2021,2021-03-12T18:44:24+0000,143,Round of 32,216,Mat 2,Nancy Becerra,Missouri Valley (W),VSU,10-0 0:54,Krystal Fabricante,Eastern Oregon (W),False,https://www.flowrestling.org/events/6880100-2021-naia-womens-wrestling-tournament/videos?playing=6923627&limit=60
2021,,143,Round of 32,,,Jordan Suarez,Wayland Baptist (W),BYE,,BYE,,True,
2021,2021-03-12T18:46:44+0000,143,Round of 32,217,Mat 2,Irene Sanchez Figuera,Oklahoma City (W),VSU,10-0 1:34,Emily Lorring,Providence (W),False,https://www.flowrestling.org/events/6880100-2021-naia-womens-wrestling-tournament/videos?playing=6923634&limit=60
2021,,143,Round of 32,,,Joylynn Wegman,William Penn,BYE,,BYE,,True,
2021,2021-03-12T18:50:06+0000,143,Round of 32,218,Mat 2,Samantha Snow,Indiana Tech,VSU1,12-2 2:00,Kailee Godinez,Cumberlands (W),False,https://www.flowrestling.org/events/6880100-2021-naia-womens-wrestling-tournament/videos?playing=6923641&limit=60
2021,2021-03-12T18:52:59+0000,143,Round of 32,219,Mat 2,Emma Walker,Campbellsville (W),VSU,10-0 1:37,Ivy Kraght,Corban,False,https://www.flowrestling.org/events/6880100-2021-naia-womens-wrestling-tournament/videos?playing=6923650&limit=60
2021,,143,Round of 32,,,Kimberly Pollak,Hastings,BYE,,BYE,,True,
2021,2021-03-12T18:55:57+0000,143,Round of 32,220,Mat 2,Akina Yamada,Waldorf (W),VFA,1:40 12-1,Sierra Hartfelder,Brewton Parker (W),False,https://www.flowrestling.org/events/6880100-2021-naia-womens-wrestling-tournament/videos?playing=6923660&limit=60
2021,2021-03-12T18:57:20+0000,143,Round of 32,221,Mat 2,Erin Redford,Eastern Oregon (W),VSU,10-0 0:23,Julia Mata,Missouri Valley (W),False,https://www.flowrestling.org/events/6880100-2021-naia-womens-wrestling-tournament/videos?playing=6923662&limit=60
2021,,143,Round of 32,222,Mat 2,Ashley Ikner,Cumberlands (W),NC,0-0,Samantha Segura-Veliz,Midland (W),False,
2021,2021-03-12T19:02:50+0000,143,Round of 32,223,Mat 2,Glenda Veiga,Indiana Tech,VFA,1:11 4-0,Brittani Burgess,Ottawa (W),False,https://www.flowrestling.org/events/6880100-2021-naia-womens-wrestling-tournament/videos?playing=6923680&limit=60
2021,,143,Round of 32,,,Jenna Awana,Providence (W),BYE,,BYE,,True,
2021,2021-03-12T19:07:51+0000,143,Round of 32,224,Mat 2,Sydney Freund,Oklahoma City (W),VFA,2:34 8-1,Alexandrea Banag,Lyon (W),False,https://www.flowrestling.org/events/6880100-2021-naia-womens-wrestling-tournament/videos?playing=6923697&limit=60
2021,2021-03-12T19:09:36+0000,143,Round of 16,238,Mat 2,Waipuilani Estrella-Beauchamp,Midland (W),VFA,0:34 4-0,Maryellen Lafferty,Texas Wesleyan (W),False,https://www.flowrestling.org/events/6880100-2021-naia-womens-wrestling-tournament/videos?playing=6923702&limit=60
2021,2021-03-12T19:14:59+0000,143,Round of 16,239,Mat 2,Nancy Becerra,Missouri Valley (W),VFA,3:49 10-0,Cameryn Hulbert,York (W),False,https://www.flowrestling.org/events/6880100-2021-naia-womens-wrestling-tournament/videos?playing=6923721&limit=60
2021,2021-03-12T19:21:16+0000,143,Round of 16,240,Mat 2,Jordan Suarez,Wayland Baptist (W),VSU,10-0 4:12,Irene Sanchez Figuera,Oklahoma City (W),False,https://www.flowrestling.org/events/6880100-2021-naia-womens-wrestling-tournament/videos?playing=6923734&limit=60
2021,2021-03-12T19:24:47+0000,143,Round of 16,241,Mat 2,Samantha Snow,Indiana Tech,VSU,11-0 2:08,Joylynn Wegman,William Penn,False,https://www.flowrestling.org/events/6880100-2021-naia-womens-wrestling-tournament/videos?playing=6923743&limit=60
2021,2021-03-12T19:27:14+0000,143,Round of 16,242,Mat 2,Emma Walker,Campbellsville (W),VSU,10-0 0:33,Kimberly Pollak,Hastings,False,https://www.flowrestling.org/events/6880100-2021-naia-womens-wrestling-tournament/videos?playing=6923751&limit=60
2021,2021-03-12T19:37:14+0000,143,Round of 16,243,Mat 2,Erin Redford,Eastern Oregon (W),VSU,10-0 5:08,Akina Yamada,Waldorf (W),False,https://www.flowrestling.org/events/6880100-2021-naia-womens-wrestling-tournament/videos?playing=6923779&limit=60
2021,2021-03-12T19:44:01+0000,143,Round of 16,244,Mat 2,Ashley Ikner,Cumberlands (W),VFA,4:27 5-4,Glenda Veiga,Indiana Tech,False,https://www.flowrestling.org/events/6880100-2021-naia-womens-wrestling-tournament/videos?playing=6923798&limit=60
2021,2021-03-12T19:52:04+0000,143,Round of 16,245,Mat 2,Sydney Freund,Oklahoma City (W),VSU,10-0 5:11,Jenna Awana,Providence (W),False,https://www.flowrestling.org/events/6880100-2021-naia-womens-wrestling-tournament/videos?playing=6923818&limit=60
2021,2021-03-13T01:02:53+0000,143,Quarter-Finals,273,Mat 2,Waipuilani Estrella-Beauchamp,Midland (W),VSU,10-0 0:53,Nancy Becerra,Missouri Valley (W),False,https://www.flowrestling.org/events/6880100-2021-naia-womens-wrestling-tournament/videos?playing=6924460&limit=60
2021,2021-03-13T01:06:48+0000,143,Quarter-Finals,274,Mat 2,Jordan Suarez,Wayland Baptist (W),VFA,2:38 10-0,Samantha Snow,Indiana Tech,False,https://www.flowrestling.org/events/6880100-2021-naia-womens-wrestling-tournament/videos?playing=6924469&limit=60
2021,2021-03-13T01:10:01+0000,143,Quarter-Finals,275,Mat 2,Erin Redford,Eastern Oregon (W),VFA,1:47 4-0,Emma Walker,Campbellsville (W),False,https://www.flowrestling.org/events/6880100-2021-naia-womens-wrestling-tournament/videos?playing=6924479&limit=60
2021,2021-03-13T01:25:51+0000,143,Quarter-Finals,276,Mat 2,Sydney Freund,Oklahoma City (W),VPO1,11-3,Ashley Ikner,Cumberlands (W),False,https://www.flowrestling.org/events/6880100-2021-naia-womens-wrestling-tournament/videos?playing=6924517&limit=60
2021,2021-03-13T17:10:30+0000,143,Semi-Finals,625,Mat 2,Waipuilani Estrella-Beauchamp,Midland (W),VPO1,8-4,Jordan Suarez,Wayland Baptist (W),False,https://www.flowrestling.org/events/6880100-2021-naia-womens-wrestling-tournament/videos?playing=6925132&limit=60
2021,2021-03-13T17:11:14+0000,143,Semi-Finals,626,Mat 3,Erin Redford,Eastern Oregon (W),VPO1,2-2,Sydney Freund,Oklahoma City (W),False,https://www.flowrestling.org/events/6880100-2021-naia-womens-wrestling-tournament/videos?playing=6925135&limit=60
2021,2021-03-14T02:17:08+0000,143,Finals,707,Mat 3,Waipuilani Estrella-Beauchamp,Midland (W),VPO1,4-3,Erin Redford,Eastern Oregon (W),False,https://www.flowrestling.org/events/6880100-2021-naia-womens-wrestling-tournament/videos?playing=6926223&limit=60
2021,,143,Consi of 16 #1,,,Makia English,St. Mary (W),BYE,,BYE,,True,
2021,2021-03-12T19:55:35+0000,143,Consi of 16 #1,246,Mat 2,Grace Nelson,Corban,VFA,2:14 5-4,Krystal Fabricante,Eastern Oregon (W),False,https://www.flowrestling.org/events/6880100-2021-naia-womens-wrestling-tournament/videos?playing=6923825&limit=60
2021,,143,Consi of 16 #1,,,Emily Lorring,Providence (W),BYE,,BYE,,True,
2021,,143,Consi of 16 #1,,,Kailee Godinez,Cumberlands (W),BYE,,BYE,,True,
2021,,143,Consi of 16 #1,,,Ivy Kraght,Corban,BYE,,BYE,,True,
2021,2021-03-12T19:59:30+0000,143,Consi of 16 #1,247,Mat 2,Julia Mata,Missouri Valley (W),VSU,10-0 1:23,Sierra Hartfelder,Brewton Parker (W),False,https://www.flowrestling.org/events/6880100-2021-naia-womens-wrestling-tournament/videos?playing=6923837&limit=60
2021,,143,Consi of 16 #1,248,Mat 2,Brittani Burgess,Ottawa (W),NC,0-0,Samantha Segura-Veliz,Midland (W),False,
2021,,143,Consi of 16 #1,,,Alexandrea Banag,Lyon (W),BYE,,BYE,,True,
2021,2021-03-12T20:21:05+0000,143,Consi of 16 #2,257,Mat 2,Makia English,St. Mary (W),VFA,5:33 7-0,Jenna Awana,Providence (W),False,https://www.flowrestling.org/events/6880100-2021-naia-womens-wrestling-tournament/videos?playing=6923900&limit=60
2021,2021-03-12T20:25:59+0000,143,Consi of 16 #2,258,Mat 2,Grace Nelson,Corban,VFA,2:53 2-4,Glenda Veiga,Indiana Tech,False,https://www.flowrestling.org/events/6880100-2021-naia-womens-wrestling-tournament/videos?playing=6923912&limit=60
2021,2021-03-12T20:05:16+0000,143,Consi of 16 #2,259,Mat 2,Akina Yamada,Waldorf (W),VSU1,12-2 2:50,Emily Lorring,Providence (W),False,https://www.flowrestling.org/events/6880100-2021-naia-womens-wrestling-tournament/videos?playing=6923854&limit=60
2021,2021-03-12T20:07:01+0000,143,Consi of 16 #2,260,Mat 2,Kailee Godinez,Cumberlands (W),VFA,1:02 4-0,Kimberly Pollak,Hastings,False,https://www.flowrestling.org/events/6880100-2021-naia-womens-wrestling-tournament/videos?playing=6923861&limit=60
2021,2021-03-12T20:12:58+0000,143,Consi of 16 #2,261,Mat 2,Ivy Kraght,Corban,VSU,10-0 3:41,Joylynn Wegman,William Penn,False,https://www.flowrestling.org/events/6880100-2021-naia-womens-wrestling-tournament/videos?playing=6923877&limit=60
2021,2021-03-12T20:34:54+0000,143,Consi of 16 #2,262,Mat 2,Julia Mata,Missouri Valley (W),VFA,4:32 4-0,Irene Sanchez Figuera,Oklahoma City (W),False,https://www.flowrestling.org/events/6880100-2021-naia-womens-wrestling-tournament/videos?playing=6923933&limit=60
2021,2021-03-12T20:36:17+0000,143,Consi of 16 #2,263,Mat 2,Cameryn Hulbert,York (W),VFA,0:43 4-0,Brittani Burgess,Ottawa (W),False,https://www.flowrestling.org/events/6880100-2021-naia-womens-wrestling-tournament/videos?playing=6923938&limit=60
2021,2021-03-12T20:27:58+0000,143,Consi of 16 #2,264,Mat 2,Maryellen Lafferty,Texas Wesleyan (W),VFA,1:23 4-2,Alexandrea Banag,Lyon (W),False,https://www.flowrestling.org/events/6880100-2021-naia-womens-wrestling-tournament/videos?playing=6923918&limit=60
2021,2021-03-13T01:29:31+0000,143,Consi of 8 #1,277,Mat 2,Makia English,St. Mary (W),VFA,2:34 6-0,Grace Nelson,Corban,False,https://www.flowrestling.org/events/6880100-2021-naia-womens-wrestling-tournament/videos?playing=6924527&limit=60
2021,2021-03-13T01:34:10+0000,143,Consi of 8 #1,278,Mat 2,Akina Yamada,Waldorf (W),VSU1,14-4 2:58,Kailee Godinez,Cumberlands (W),False,https://www.flowrestling.org/events/6880100-2021-naia-womens-wrestling-tournament/videos?playing=6924540&limit=60
2021,2021-03-13T01:35:49+0000,143,Consi of 8 #1,279,Mat 2,Ivy Kraght,Corban,VFA,0:48 4-0,Julia Mata,Missouri Valley (W),False,https://www.flowrestling.org/events/6880100-2021-naia-womens-wrestling-tournament/videos?playing=6924546&limit=60
2021,2021-03-13T01:39:22+0000,143,Consi of 8 #1,280,Mat 2,Maryellen Lafferty,Texas Wesleyan (W),VFA,2:36 6-2,Cameryn Hulbert,York (W),False,https://www.flowrestling.org/events/6880100-2021-naia-womens-wrestling-tournament/videos?playing=6924555&limit=60
2021,2021-03-13T01:49:15+0000,143,Consi of 8 #2,285,Mat 2,Samantha Snow,Indiana Tech,VSU1,12-1 3:32,Makia English,St. Mary (W),False,https://www.flowrestling.org/events/6880100-2021-naia-womens-wrestling-tournament/videos?playing=6924580&limit=60
2021,2021-03-13T01:51:40+0000,143,Consi of 8 #2,286,Mat 2,Nancy Becerra,Missouri Valley (W),VFA,1:18 9-0,Akina Yamada,Waldorf (W),False,https://www.flowrestling.org/events/6880100-2021-naia-womens-wrestling-tournament/videos?playing=6924588&limit=60
2021,2021-03-13T01:59:31+0000,143,Consi of 8 #2,287,Mat 2,Ashley Ikner,Cumberlands (W),VPO,8-0,Ivy Kraght,Corban,False,https://www.flowrestling.org/events/6880100-2021-naia-womens-wrestling-tournament/videos?playing=6924610&limit=60
2021,2021-03-13T02:02:51+0000,143,Consi of 8 #2,288,Mat 2,Emma Walker,Campbellsville (W),VSU,10-0 2:24,Maryellen Lafferty,Texas Wesleyan (W),False,https://www.flowrestling.org/events/6880100-2021-naia-womens-wrestling-tournament/videos?playing=6924621&limit=60
2021,2021-03-13T18:20:01+0000,143,Consi of 4,627,Mat 2,Samantha Snow,Indiana Tech,VSU,13-0 3:51,Nancy Becerra,Missouri Valley (W),False,https://www.flowrestling.org/events/6880100-2021-naia-womens-wrestling-tournament/videos?playing=6925311&limit=60
2021,2021-03-13T18:11:43+0000,143,Consi of 4,628,Mat 3,Emma Walker,Campbellsville (W),VFA,2:46 4-2,Ashley Ikner,Cumberlands (W),False,https://www.flowrestling.org/events/6880100-2021-naia-womens-wrestling-tournament/videos?playing=6925293&limit=60
2021,2021-03-13T18:59:06+0000,143,Consi-Semis,653,Mat 4,Samantha Snow,Indiana Tech,VPO1,8-4,Sydney Freund,Oklahoma City (W),False,https://www.flowrestling.org/events/6880100-2021-naia-womens-wrestling-tournament/videos?playing=6925418&limit=60
2021,2021-03-13T19:01:00+0000,143,Consi-Semis,654,Mat 3,Emma Walker,Campbellsville (W),VPO1,9-8,Jordan Suarez,Wayland Baptist (W),False,https://www.flowrestling.org/events/6880100-2021-naia-womens-wrestling-tournament/videos?playing=6925423&limit=60
2021,2021-03-13T20:23:56+0000,143,3rd Place,679,Mat 3,Emma Walker,Campbellsville (W),VPO1,11-8,Samantha Snow,Indiana Tech,False,https://www.flowrestling.org/events/6880100-2021-naia-womens-wrestling-tournament/videos?playing=6925652&limit=60
2021,2021-03-13T20:25:13+0000,143,5th Place,680,Mat 2,Jordan Suarez,Wayland Baptist (W),VPO1,11-3,Sydney Freund,Oklahoma City (W),False,https://www.flowrestling.org/events/6880100-2021-naia-womens-wrestling-tournament/videos?playing=6925655&limit=60
2021,2021-03-13T20:18:23+0000,143,7th Place,681,Mat 4,Ashley Ikner,Cumberlands (W),VSU,10-0 1:06,Nancy Becerra,Missouri Valley (W),False,https://www.flowrestling.org/events/6880100-2021-naia-womens-wrestling-tournament/videos?playing=6925637&limit=60
2021,2021-03-12T18:39:47+0000,155,Round of 32,312,Mat 3,Cierra Foster,Oklahoma City (W),VSU,10-0 1:16,Sitilaly Sanchez,Life Pacific (W),False,https://www.flowrestling.org/events/6880100-2021-naia-womens-wrestling-tournament/videos?playing=6923614&limit=60
2021,,155,Round of 32,,,Dempsi Talkington,Eastern Oregon (W),BYE,,BYE,,True,
2021,2021-03-12T18:41:45+0000,155,Round of 32,313,Mat 3,Anastasia Hardin,Providence (W),VSU,10-0 0:24,Rachel Rodawald,Central Methodist (W),False,https://www.flowrestling.org/events/6880100-2021-naia-womens-wrestling-tournament/videos?playing=6923619&limit=60
2021,2021-03-12T18:44:58+0000,155,Round of 32,314,Mat 3,Sienna Ramirez,Southern Oregon (W),VSU,10-0 2:15,Brooke Lynn Rush,Missouri Valley (W),False,https://www.flowrestling.org/events/6880100-2021-naia-womens-wrestling-tournament/videos?playing=6923630&limit=60
2021,2021-03-12T18:47:23+0000,155,Round of 32,315,Mat 3,Kendra Thompson,Campbellsville (W),VFA,1:19 9-0,Derriane Morrison,Ottawa (W),False,https://www.flowrestling.org/events/6880100-2021-naia-womens-wrestling-tournament/videos?playing=6923635&limit=60
2021,2021-03-12T18:49:38+0000,155,Round of 32,316,Mat 3,Haley Schafer,Central Christian (W),VFA,0:58 2-0,Jacqueline Carreras,Hastings,False,https://www.flowrestling.org/events/6880100-2021-naia-womens-wrestling-tournament/videos?playing=6923639&limit=60
2021,2021-03-12T18:54:05+0000,155,Round of 32,317,Mat 3,Bella Mitchell,York (W),VSU,11-0 2:56,Emilee Demann,St. Mary (W),False,https://www.flowrestling.org/events/6880100-2021-naia-womens-wrestling-tournament/videos?playing=6923652&limit=60
2021,2021-03-12T18:57:35+0000,155,Round of 32,318,Mat 3,Tiyahna Askew,Missouri Baptist (W),VSU,10-0 1:30,Jodie Hartlein,Warner Pacific (W),False,https://www.flowrestling.org/events/6880100-2021-naia-womens-wrestling-tournament/videos?playing=6923663&limit=60
2021,2021-03-12T19:00:58+0000,155,Round of 32,319,Mat 3,Kamalamaokapomahealani Lewis,Midland (W),VFA,2:02 9-0,Nayeli Maston,Eastern Oregon (W),False,https://www.flowrestling.org/events/6880100-2021-naia-womens-wrestling-tournament/videos?playing=6923671&limit=60
2021,2021-03-12T19:03:23+0000,155,Round of 32,320,Mat 3,Aliyah Ashby,Central Methodist (W),VFA,0:59 2-0,Haylee McDonald,Central Christian (W),False,https://www.flowrestling.org/events/6880100-2021-naia-womens-wrestling-tournament/videos?playing=6923682&limit=60
2021,,155,Round of 32,,,Beyonce Garcia,Southern Oregon (W),BYE,,BYE,,True,
2021,2021-03-12T19:08:12+0000,155,Round of 32,321,Mat 3,India Page,Brewton Parker (W),VFA,1:03 13-0,Salima Omari,William Penn,False,https://www.flowrestling.org/events/6880100-2021-naia-womens-wrestling-tournament/videos?playing=6923701&limit=60
2021,2021-03-12T19:14:12+0000,155,Round of 32,322,Mat 3,Destinee Rivera,Life (W),VSU,11-0 3:43,Joycelyn Katcheak,Jamestown (W),False,https://www.flowrestling.org/events/6880100-2021-naia-womens-wrestling-tournament/videos?playing=6923719&limit=60
2021,2021-03-12T19:16:26+0000,155,Round of 32,323,Mat 3,Berenice Espino,Waldorf (W),VFA,1:06 4-0,Alexis Lopez,Grand View (W),False,https://www.flowrestling.org/events/6880100-2021-naia-womens-wrestling-tournament/videos?playing=6923726&limit=60
2021,2021-03-12T19:25:28+0000,155,Round of 32,324,Mat 3,Kambrie Hedrick,Missouri Valley (W),VPO1,9-6,Hannah Dickinson,Ottawa (W),False,https://www.flowrestling.org/events/6880100-2021-naia-womens-wrestling-tournament/videos?playing=6923747&limit=60
2021,2021-03-12T19:27:22+0000,155,Round of 32,325,Mat 3,Morgan Mayginnes,Baker (W),VSU,10-0 0:57,Maddie Oellermann,Missouri Baptist (W),False,https://www.flowrestling.org/events/6880100-2021-naia-womens-wrestling-tournament/videos?playing=6923752&limit=60
2021,2021-03-12T19:30:22+0000,155,Round of 16,337,Mat 3,Cierra Foster,Oklahoma City (W),VFA,1:28 4-0,Dempsi Talkington,Eastern Oregon (W),False,https://www.flowrestling.org/events/6880100-2021-naia-womens-wrestling-tournament/videos?playing=6923757&limit=60
2021,2021-03-12T19:37:32+0000,155,Round of 16,338,Mat 3,Sienna Ramirez,Southern Oregon (W),VFA,4:52 12-2,Anastasia Hardin,Providence (W),False,https://www.flowrestling.org/events/6880100-2021-naia-womens-wrestling-tournament/videos?playing=6923780&limit=60
2021,2021-03-12T19:40:43+0000,155,Round of 16,339,Mat 3,Kendra Thompson,Campbellsville (W),VSU,11-0 1:29,Haley Schafer,Central Christian (W),False,https://www.flowrestling.org/events/6880100-2021-naia-womens-wrestling-tournament/videos?playing=6923785&limit=60
2021,2021-03-12T19:45:33+0000,155,Round of 16,340,Mat 3,Tiyahna Askew,Missouri Baptist (W),VSU,10-0 3:18,Bella Mitchell,York (W),False,https://www.flowrestling.org/events/6880100-2021-naia-womens-wrestling-tournament/videos?playing=6923805&limit=60
2021,2021-03-12T19:49:45+0000,155,Round of 16,341,Mat 3,Kamalamaokapomahealani Lewis,Midland (W),VFA,2:25 6-0,Aliyah Ashby,Central Methodist (W),False,https://www.flowrestling.org/events/6880100-2021-naia-womens-wrestling-tournament/videos?playing=6923813&limit=60
2021,2021-03-12T19:56:14+0000,155,Round of 16,342,Mat 3,India Page,Brewton Parker (W),VSU,10-0 2:48,Beyonce Garcia,Southern Oregon (W),False,https://www.flowrestling.org/events/6880100-2021-naia-womens-wrestling-tournament/videos?playing=6923828&limit=60
2021,2021-03-12T20:02:44+0000,155,Round of 16,343,Mat 4,Destinee Rivera,Life (W),VSU,10-0 1:45,Berenice Espino,Waldorf (W),False,https://www.flowrestling.org/events/6880100-2021-naia-womens-wrestling-tournament/videos?playing=6923847&limit=60
2021,2021-03-12T20:01:23+0000,155,Round of 16,344,Mat 3,Morgan Mayginnes,Baker (W),VSU,10-0 1:51,Kambrie Hedrick,Missouri Valley (W),False,https://www.flowrestling.org/events/6880100-2021-naia-womens-wrestling-tournament/videos?playing=6923842&limit=60
2021,2021-03-13T01:08:36+0000,155,Quarter-Finals,375,Mat 3,Sienna Ramirez,Southern Oregon (W),VFA,6:00 4-1,Cierra Foster,Oklahoma City (W),False,https://www.flowrestling.org/events/6880100-2021-naia-womens-wrestling-tournament/videos?playing=6924475&limit=60
2021,2021-03-13T01:17:03+0000,155,Quarter-Finals,376,Mat 3,Kendra Thompson,Campbellsville (W),VFA,5:38 6-4,Tiyahna Askew,Missouri Baptist (W),False,https://www.flowrestling.org/events/6880100-2021-naia-womens-wrestling-tournament/videos?playing=6924496&limit=60
2021,2021-03-13T01:20:37+0000,155,Quarter-Finals,377,Mat 3,Kamalamaokapomahealani Lewis,Midland (W),VFA,2:28 2-2,India Page,Brewton Parker (W),False,https://www.flowrestling.org/events/6880100-2021-naia-womens-wrestling-tournament/videos?playing=6924506&limit=60
2021,2021-03-13T01:27:53+0000,155,Quarter-Finals,378,Mat 3,Morgan Mayginnes,Baker (W),VFA,4:09 6-1,Destinee Rivera,Life (W),False,https://www.flowrestling.org/events/6880100-2021-naia-womens-wrestling-tournament/videos?playing=6924521&limit=60
2021,2021-03-13T17:23:15+0000,155,Semi-Finals,629,Mat 3,Sienna Ramirez,Southern Oregon (W),VPO1,8-6,Kendra Thompson,Campbellsville (W),False,https://www.flowrestling.org/events/6880100-2021-naia-womens-wrestling-tournament/videos?playing=6925163&limit=60
2021,2021-03-13T17:19:28+0000,155,Semi-Finals,630,Mat 2,Morgan Mayginnes,Baker (W),VPO1,14-9,Kamalamaokapomahealani Lewis,Midland (W),False,https://www.flowrestling.org/events/6880100-2021-naia-womens-wrestling-tournament/videos?playing=6925155&limit=60
2021,2021-03-14T02:25:42+0000,155,Finals,708,Mat 3,Sienna Ramirez,Southern Oregon (W),VSU,10-0 3:27,Morgan Mayginnes,Baker (W),False,https://www.flowrestling.org/events/6880100-2021-naia-womens-wrestling-tournament/videos?playing=6926236&limit=60
2021,,155,Consi of 16 #1,,,Sitilaly Sanchez,Life Pacific (W),BYE,,BYE,,True,
2021,2021-03-12T20:03:44+0000,155,Consi of 16 #1,345,Mat 4,Brooke Lynn Rush,Missouri Valley (W),VFA,0:14 4-0,Rachel Rodawald,Central Methodist (W),False,https://www.flowrestling.org/events/6880100-2021-naia-womens-wrestling-tournament/videos?playing=6923849&limit=60
2021,,155,Consi of 16 #1,346,Mat 3,Jacqueline Carreras,Hastings,VIN,0:00 0-0,Derriane Morrison,Ottawa (W),False,
2021,,155,Consi of 16 #1,347,Mat 4,Emilee Demann,St. Mary (W),VFO,0-0,Jodie Hartlein,Warner Pacific (W),False,
2021,2021-03-12T20:07:08+0000,155,Consi of 16 #1,348,Mat 3,Nayeli Maston,Eastern Oregon (W),VFA,1:55 4-2,Haylee McDonald,Central Christian (W),False,https://www.flowrestling.org/events/6880100-2021-naia-womens-wrestling-tournament/videos?playing=6923862&limit=60
2021,,155,Consi of 16 #1,,,Salima Omari,William Penn,BYE,,BYE,,True,
2021,2021-03-12T20:09:35+0000,155,Consi of 16 #1,349,Mat 4,Joycelyn Katcheak,Jamestown (W),VFA,1:18 8-0,Alexis Lopez,Grand View (W),False,https://www.flowrestling.org/events/6880100-2021-naia-womens-wrestling-tournament/videos?playing=6923871&limit=60
2021,2021-03-12T20:14:23+0000,155,Consi of 16 #1,350,Mat 3,Hannah Dickinson,Ottawa (W),VSU,11-0 4:32,Maddie Oellermann,Missouri Baptist (W),False,https://www.flowrestling.org/events/6880100-2021-naia-womens-wrestling-tournament/videos?playing=6923888&limit=60
2021,2021-03-12T20:21:23+0000,155,Consi of 16 #2,359,Mat 4,Sitilaly Sanchez,Life Pacific (W),VFA,1:32 8-1,Kambrie Hedrick,Missouri Valley (W),False,https://www.flowrestling.org/events/6880100-2021-naia-womens-wrestling-tournament/videos?playing=6923903&limit=60
2021,2021-03-12T20:23:31+0000,155,Consi of 16 #2,360,Mat 3,Brooke Lynn Rush,Missouri Valley (W),VFA,1:51 2-0,Berenice Espino,Waldorf (W),False,https://www.flowrestling.org/events/6880100-2021-naia-womens-wrestling-tournament/videos?playing=6923906&limit=60
2021,2021-03-12T20:23:19+0000,155,Consi of 16 #2,361,Mat 4,Beyonce Garcia,Southern Oregon (W),VFA,0:26 4-0,Jacqueline Carreras,Hastings,False,https://www.flowrestling.org/events/6880100-2021-naia-womens-wrestling-tournament/videos?playing=6923905&limit=60
2021,2021-03-12T20:34:07+0000,155,Consi of 16 #2,362,Mat 3,Emilee Demann,St. Mary (W),VPO,12-0,Aliyah Ashby,Central Methodist (W),False,https://www.flowrestling.org/events/6880100-2021-naia-womens-wrestling-tournament/videos?playing=6923932&limit=60
2021,2021-03-12T20:26:33+0000,155,Consi of 16 #2,363,Mat 4,Bella Mitchell,York (W),VSU,10-0 2:14,Nayeli Maston,Eastern Oregon (W),False,https://www.flowrestling.org/events/6880100-2021-naia-womens-wrestling-tournament/videos?playing=6923914&limit=60
2021,,155,Consi of 16 #2,364,Mat 3,Haley Schafer,Central Christian (W),VFO,0-0,Salima Omari,William Penn,False,
2021,2021-03-12T20:34:57+0000,155,Consi of 16 #2,365,Mat 4,Anastasia Hardin,Providence (W),VSU1,15-5 6:00,Joycelyn Katcheak,Jamestown (W),False,https://www.flowrestling.org/events/6880100-2021-naia-womens-wrestling-tournament/videos?playing=6923934&limit=60
2021,2021-03-12T20:35:45+0000,155,Consi of 16 #2,366,Mat 3,Dempsi Talkington,Eastern Oregon (W),VFA,0:44 4-0,Hannah Dickinson,Ottawa (W),False,https://www.flowrestling.org/events/6880100-2021-naia-womens-wrestling-tournament/videos?playing=6923936&limit=60
2021,2021-03-13T01:33:50+0000,155,Consi of 8 #1,379,Mat 3,Sitilaly Sanchez,Life Pacific (W),VFA,3:50 2-2,Brooke Lynn Rush,Missouri Valley (W),False,https://www.flowrestling.org/events/6880100-2021-naia-womens-wrestling-tournament/videos?playing=6924537&limit=60
2021,2021-03-13T01:35:14+0000,155,Consi of 8 #1,380,Mat 3,Beyonce Garcia,Southern Oregon (W),VFA,0:44 8-0,Emilee Demann,St. Mary (W),False,https://www.flowrestling.org/events/6880100-2021-naia-womens-wrestling-tournament/videos?playing=6924545&limit=60
2021,2021-03-13T01:41:13+0000,155,Consi of 8 #1,381,Mat 3,Bella Mitchell,York (W),VSU,12-0 3:18,Haley Schafer,Central Christian (W),False,https://www.flowrestling.org/events/6880100-2021-naia-womens-wrestling-tournament/videos?playing=6924561&limit=60
2021,2021-03-13T01:49:52+0000,155,Consi of 8 #1,382,Mat 3,Dempsi Talkington,Eastern Oregon (W),VFA,5:34 8-6,Anastasia Hardin,Providence (W),False,https://www.flowrestling.org/events/6880100-2021-naia-womens-wrestling-tournament/videos?playing=6924583&limit=60
2021,2021-03-13T01:57:04+0000,155,Consi of 8 #2,387,Mat 3,Tiyahna Askew,Missouri Baptist (W),VFA,4:28 16-3,Sitilaly Sanchez,Life Pacific (W),False,https://www.flowrestling.org/events/6880100-2021-naia-womens-wrestling-tournament/videos?playing=6924603&limit=60
2021,2021-03-13T01:58:34+0000,155,Consi of 8 #2,388,Mat 3,Cierra Foster,Oklahoma City (W),VFA,0:12 4-0,Beyonce Garcia,Southern Oregon (W),False,https://www.flowrestling.org/events/6880100-2021-naia-womens-wrestling-tournament/videos?playing=6924607&limit=60
2021,2021-03-13T02:04:52+0000,155,Consi of 8 #2,389,Mat 3,Destinee Rivera,Life (W),VSU,13-0 4:24,Bella Mitchell,York (W),False,https://www.flowrestling.org/events/6880100-2021-naia-womens-wrestling-tournament/videos?playing=6924623&limit=60
2021,2021-03-13T02:15:12+0000,155,Consi of 8 #2,390,Mat 3,Dempsi Talkington,Eastern Oregon (W),VPO1,11-5,India Page,Brewton Parker (W),False,https://www.flowrestling.org/events/6880100-2021-naia-womens-wrestling-tournament/videos?playing=6924640&limit=60
2021,2021-03-13T18:19:05+0000,155,Consi of 4,631,Mat 3,Cierra Foster,Oklahoma City (W),VSU,12-0 4:34,Tiyahna Askew,Missouri Baptist (W),False,https://www.flowrestling.org/events/6880100-2021-naia-womens-wrestling-tournament/videos?playing=6925310&limit=60
2021,2021-03-13T18:30:03+0000,155,Consi of 4,632,Mat 4,Destinee Rivera,Life (W),VPO,2-0,Dempsi Talkington,Eastern Oregon (W),False,https://www.flowrestling.org/events/6880100-2021-naia-womens-wrestling-tournament/videos?playing=6925335&limit=60
2021,2021-03-13T19:10:53+0000,155,Consi-Semis,655,Mat 2,Kamalamaokapomahealani Lewis,Midland (W),VFA,5:59 8-6,Cierra Foster,Oklahoma City (W),False,https://www.flowrestling.org/events/6880100-2021-naia-womens-wrestling-tournament/videos?playing=6925449&limit=60
2021,2021-03-13T19:09:43+0000,155,Consi-Semis,656,Mat 3,Kendra Thompson,Campbellsville (W),VPO1,4-1,Destinee Rivera,Life (W),False,https://www.flowrestling.org/events/6880100-2021-naia-womens-wrestling-tournament/videos?playing=6925445&limit=60
2021,2021-03-13T20:31:57+0000,155,3rd Place,682,Mat 3,Kendra Thompson,Campbellsville (W),VFA,4:51 13-8,Kamalamaokapomahealani Lewis,Midland (W),False,https://www.flowrestling.org/events/6880100-2021-naia-womens-wrestling-tournament/videos?playing=6925670&limit=60
2021,2021-03-13T20:26:59+0000,155,5th Place,683,Mat 2,Cierra Foster,Oklahoma City (W),VFA,0:35 4-0,Destinee Rivera,Life (W),False,https://www.flowrestling.org/events/6880100-2021-naia-womens-wrestling-tournament/videos?playing=6925659&limit=60
2021,2021-03-13T20:33:36+0000,155,7th Place,684,Mat 4,Tiyahna Askew,Missouri Baptist (W),VFA,5:43 5-4,Dempsi Talkington,Eastern Oregon (W),False,https://www.flowrestling.org/events/6880100-2021-naia-womens-wrestling-tournament/videos?playing=6925674&limit=60
2021,2021-03-12T18:36:36+0000,170,Round of 32,417,Mat 4,Alexandra Castillo,Campbellsville (W),VFA,1:51 6-0,Catherine McNulty,Indiana Tech,False,https://www.flowrestling.org/events/6880100-2021-naia-womens-wrestling-tournament/videos?playing=6923606&limit=60
2021,,170,Round of 32,,,Kassandra Lindemann,Grand View (W),BYE,,BYE,,True,
2021,,170,Round of 32,,,Danielle Saldivar,Missouri Valley (W),BYE,,BYE,,True,
2021,,170,Round of 32,,,Shania Gowan,Missouri Baptist (W),BYE,,BYE,,True,
2021,,170,Round of 32,,,Sierra Talmadge,Jamestown (W),BYE,,BYE,,True,
2021,,170,Round of 32,,,Kiya Jones,Baker (W),BYE,,BYE,,True,
2021,,170,Round of 32,,,Jasmin Ballesteros,Midland (W),BYE,,BYE,,True,
2021,2021-03-12T18:38:26+0000,170,Round of 32,418,Mat 4,Chamira Cooper,Cumberlands (W),VFA,0:50 4-0,Bailey Dennis,Southern Oregon (W),False,https://www.flowrestling.org/events/6880100-2021-naia-womens-wrestling-tournament/videos?playing=6923608&limit=60
2021,2021-03-12T18:40:15+0000,170,Round of 32,419,Mat 4,Hunter Robinson,Grand View (W),VFA,0:50 5-0,Jordan Roberts,Missouri Baptist (W),False,https://www.flowrestling.org/events/6880100-2021-naia-womens-wrestling-tournament/videos?playing=6923617&limit=60
2021,,170,Round of 32,,,Sabrina Perez,Providence (W),BYE,,BYE,,True,
2021,,170,Round of 32,,,Olivia Ricci,Wayland Baptist (W),BYE,,BYE,,True,
2021,,170,Round of 32,,,Mahealani Ramirez,Missouri Valley (W),BYE,,BYE,,True,
2021,,170,Round of 32,,,Jennifer Curry,Baker (W),BYE,,BYE,,True,
2021,2021-03-12T18:43:07+0000,170,Round of 32,420,Mat 4,Michelle Kamyshin,Cumberlands (W),VFA,1:49 4-0,Jessica Valadez,St. Mary (W),False,https://www.flowrestling.org/events/6880100-2021-naia-womens-wrestling-tournament/videos?playing=6923622&limit=60
2021,,170,Round of 32,,,Yahaira Vargas,Central Methodist (W),BYE,,BYE,,True,
2021,,170,Round of 32,,,Jordan Nelson,Life (W),BYE,,BYE,,True,
2021,2021-03-12T19:09:43+0000,170,Round of 16,437,Mat 4,Alexandra Castillo,Campbellsville (W),VFA,1:00 5-0,Kassandra Lindemann,Grand View (W),False,https://www.flowrestling.org/events/6880100-2021-naia-womens-wrestling-tournament/videos?playing=6923703&limit=60
2021,2021-03-12T18:55:09+0000,170,Round of 16,438,Mat 4,Shania Gowan,Missouri Baptist (W),VSU,13-0 5:59,Danielle Saldivar,Missouri Valley (W),False,https://www.flowrestling.org/events/6880100-2021-naia-womens-wrestling-tournament/videos?playing=6923659&limit=60
2021,2021-03-12T19:04:23+0000,170,Round of 16,439,Mat 4,Sierra Talmadge,Jamestown (W),VPO1,9-2,Kiya Jones,Baker (W),False,https://www.flowrestling.org/events/6880100-2021-naia-womens-wrestling-tournament/videos?playing=6923687&limit=60
2021,2021-03-12T19:15:00+0000,170,Round of 16,440,Mat 4,Chamira Cooper,Cumberlands (W),VSU,10-0 3:13,Jasmin Ballesteros,Midland (W),False,https://www.flowrestling.org/events/6880100-2021-naia-womens-wrestling-tournament/videos?playing=6923722&limit=60
2021,2021-03-12T19:23:33+0000,170,Round of 16,441,Mat 4,Hunter Robinson,Grand View (W),VPO,6-0,Sabrina Perez,Providence (W),False,https://www.flowrestling.org/events/6880100-2021-naia-womens-wrestling-tournament/videos?playing=6923741&limit=60
2021,2021-03-12T19:07:52+0000,170,Round of 16,442,Mat 4,Mahealani Ramirez,Missouri Valley (W),VFA,1:29 5-0,Olivia Ricci,Wayland Baptist (W),False,https://www.flowrestling.org/events/6880100-2021-naia-womens-wrestling-tournament/videos?playing=6923698&limit=60
2021,2021-03-12T19:32:09+0000,170,Round of 16,443,Mat 4,Jennifer Curry,Baker (W),VPO1,10-1,Michelle Kamyshin,Cumberlands (W),False,https://www.flowrestling.org/events/6880100-2021-naia-womens-wrestling-tournament/videos?playing=6923763&limit=60
2021,2021-03-12T19:35:16+0000,170,Round of 16,444,Mat 4,Jordan Nelson,Life (W),VSU,10-0 1:45,Yahaira Vargas,Central Methodist (W),False,https://www.flowrestling.org/events/6880100-2021-naia-womens-wrestling-tournament/videos?playing=6923773&limit=60
2021,2021-03-13T01:01:43+0000,170,Quarter-Finals,465,Mat 4,Alexandra Castillo,Campbellsville (W),VFA,0:55 8-0,Shania Gowan,Missouri Baptist (W),False,https://www.flowrestling.org/events/6880100-2021-naia-womens-wrestling-tournament/videos?playing=6924457&limit=60
2021,2021-03-13T01:13:45+0000,170,Quarter-Finals,466,Mat 4,Sierra Talmadge,Jamestown (W),VPO1,9-5,Chamira Cooper,Cumberlands (W),False,https://www.flowrestling.org/events/6880100-2021-naia-womens-wrestling-tournament/videos?playing=6924488&limit=60
2021,2021-03-13T01:15:22+0000,170,Quarter-Finals,467,Mat 4,Hunter Robinson,Grand View (W),VFA,0:42 4-0,Mahealani Ramirez,Missouri Valley (W),False,https://www.flowrestling.org/events/6880100-2021-naia-womens-wrestling-tournament/videos?playing=6924492&limit=60
2021,2021-03-13T01:24:36+0000,170,Quarter-Finals,468,Mat 4,Jordan Nelson,Life (W),VSU,13-0 5:47,Jennifer Curry,Baker (W),False,https://www.flowrestling.org/events/6880100-2021-naia-womens-wrestling-tournament/videos?playing=6924514&limit=60
2021,2021-03-13T17:29:59+0000,170,Semi-Finals,633,Mat 2,Alexandra Castillo,Campbellsville (W),VPO1,8-2,Sierra Talmadge,Jamestown (W),False,https://www.flowrestling.org/events/6880100-2021-naia-womens-wrestling-tournament/videos?playing=6925182&limit=60
2021,2021-03-13T17:31:51+0000,170,Semi-Finals,634,Mat 3,Jordan Nelson,Life (W),VPO,8-0,Hunter Robinson,Grand View (W),False,https://www.flowrestling.org/events/6880100-2021-naia-womens-wrestling-tournament/videos?playing=6925186&limit=60
2021,2021-03-14T02:39:35+0000,170,Finals,709,Mat 3,Jordan Nelson,Life (W),VPO1,5-1,Alexandra Castillo,Campbellsville (W),False,https://www.flowrestling.org/events/6880100-2021-naia-womens-wrestling-tournament/videos?playing=6926251&limit=60
2021,,170,Consi of 16 #1,,,Catherine McNulty,Indiana Tech,BYE,,BYE,,True,
2021,,170,Consi of 16 #1,,,,,BYE,,,,True,
2021,,170,Consi of 16 #1,,,,,BYE,,,,True,
2021,,170,Consi of 16 #1,,,Bailey Dennis,Southern Oregon (W),BYE,,BYE,,True,
2021,,170,Consi of 16 #1,,,Jordan Roberts,Missouri Baptist (W),BYE,,BYE,,True,
2021,,170,Consi of 16 #1,,,,,BYE,,,,True,
2021,,170,Consi of 16 #1,,,Jessica Valadez,St. Mary (W),BYE,,BYE,,True,
2021,,170,Consi of 16 #1,,,,,BYE,,,,True,
2021,2021-03-12T19:59:53+0000,170,Consi of 16 #2,453,Mat 4,Catherine McNulty,Indiana Tech,VFA,4:46 7-0,Yahaira Vargas,Central Methodist (W),False,https://www.flowrestling.org/events/6880100-2021-naia-womens-wrestling-tournament/videos?playing=6923840&limit=60
2021,,170,Consi of 16 #2,,,Michelle Kamyshin,Cumberlands (W),BYE,,BYE,,True,
2021,,170,Consi of 16 #2,,,Olivia Ricci,Wayland Baptist (W),BYE,,BYE,,True,
2021,2021-03-12T19:51:46+0000,170,Consi of 16 #2,454,Mat 4,Sabrina Perez,Providence (W),VPO1,10-2,Bailey Dennis,Southern Oregon (W),False,https://www.flowrestling.org/events/6880100-2021-naia-womens-wrestling-tournament/videos?playing=6923816&limit=60
2021,2021-03-12T19:43:02+0000,170,Consi of 16 #2,455,Mat 4,Jasmin Ballesteros,Midland (W),VSU1,12-2 2:37,Jordan Roberts,Missouri Baptist (W),False,https://www.flowrestling.org/events/6880100-2021-naia-womens-wrestling-tournament/videos?playing=6923793&limit=60
2021,,170,Consi of 16 #2,,,Kiya Jones,Baker (W),BYE,,BYE,,True,
2021,2021-03-12T19:38:16+0000,170,Consi of 16 #2,456,Mat 4,Danielle Saldivar,Missouri Valley (W),VFA,1:01 5-0,Jessica Valadez,St. Mary (W),False,https://www.flowrestling.org/events/6880100-2021-naia-womens-wrestling-tournament/videos?playing=6923782&limit=60
2021,,170,Consi of 16 #2,,,Kassandra Lindemann,Grand View (W),BYE,,BYE,,True,
2021,2021-03-13T01:25:42+0000,170,Consi of 8 #1,469,Mat 4,Michelle Kamyshin,Cumberlands (W),VFA,0:26 4-0,Catherine McNulty,Indiana Tech,False,https://www.flowrestling.org/events/6880100-2021-naia-womens-wrestling-tournament/videos?playing=6924516&limit=60
2021,2021-03-13T01:29:23+0000,170,Consi of 8 #1,470,Mat 4,Sabrina Perez,Providence (W),VSU,10-0 2:33,Olivia Ricci,Wayland Baptist (W),False,https://www.flowrestling.org/events/6880100-2021-naia-womens-wrestling-tournament/videos?playing=6924526&limit=60
2021,2021-03-13T01:33:56+0000,170,Consi of 8 #1,471,Mat 4,Kiya Jones,Baker (W),VFA,2:55 8-0,Jasmin Ballesteros,Midland (W),False,https://www.flowrestling.org/events/6880100-2021-naia-womens-wrestling-tournament/videos?playing=6924538&limit=60
2021,,170,Consi of 8 #1,472,Mat 4,Danielle Saldivar,Missouri Valley (W),VIN,0:00 0-0,Kassandra Lindemann,Grand View (W),False,
2021,2021-03-13T01:46:31+0000,170,Consi of 8 #2,477,Mat 4,Chamira Cooper,Cumberlands (W),VFA,4:50 9-2,Michelle Kamyshin,Cumberlands (W),False,https://www.flowrestling.org/events/6880100-2021-naia-womens-wrestling-tournament/videos?playing=6924574&limit=60
2021,2021-03-13T01:56:44+0000,170,Consi of 8 #2,478,Mat 4,Shania Gowan,Missouri Baptist (W),VPO1,6-2,Sabrina Perez,Providence (W),False,https://www.flowrestling.org/events/6880100-2021-naia-womens-wrestling-tournament/videos?playing=6924602&limit=60
2021,2021-03-13T02:01:08+0000,170,Consi of 8 #2,479,Mat 4,Jennifer Curry,Baker (W),VFA,2:51 4-1,Kiya Jones,Baker (W),False,https://www.flowrestling.org/events/6880100-2021-naia-womens-wrestling-tournament/videos?playing=6924617&limit=60
2021,2021-03-13T02:14:21+0000,170,Consi of 8 #2,480,Mat 4,Danielle Saldivar,Missouri Valley (W),VFA,5:59 6-1,Mahealani Ramirez,Missouri Valley (W),False,https://www.flowrestling.org/events/6880100-2021-naia-womens-wrestling-tournament/videos?playing=6924639&limit=60
2021,2021-03-13T18:22:13+0000,170,Consi of 4,635,Mat 2,Chamira Cooper,Cumberlands (W),VFA,1:08 4-0,Shania Gowan,Missouri Baptist (W),False,https://www.flowrestling.org/events/6880100-2021-naia-womens-wrestling-tournament/videos?playing=6925320&limit=60
2021,2021-03-13T18:27:38+0000,170,Consi of 4,636,Mat 3,Jennifer Curry,Baker (W),VPO1,5-1,Danielle Saldivar,Missouri Valley (W),False,https://www.flowrestling.org/events/6880100-2021-naia-womens-wrestling-tournament/videos?playing=6925330&limit=60
2021,2021-03-13T19:07:10+0000,170,Consi-Semis,657,Mat 4,Hunter Robinson,Grand View (W),VPO1,5-1,Chamira Cooper,Cumberlands (W),False,https://www.flowrestling.org/events/6880100-2021-naia-womens-wrestling-tournament/videos?playing=6925435&limit=60
2021,2021-03-13T19:10:49+0000,170,Consi-Semis,658,Mat 4,Sierra Talmadge,Jamestown (W),VFA,2:17 5-0,Jennifer Curry,Baker (W),False,https://www.flowrestling.org/events/6880100-2021-naia-womens-wrestling-tournament/videos?playing=6925448&limit=60
2021,2021-03-13T20:41:13+0000,170,3rd Place,685,Mat 3,Sierra Talmadge,Jamestown (W),VPO1,3-3,Hunter Robinson,Grand View (W),False,https://www.flowrestling.org/events/6880100-2021-naia-womens-wrestling-tournament/videos?playing=6925694&limit=60
2021,2021-03-13T20:36:48+0000,170,5th Place,686,Mat 2,Chamira Cooper,Cumberlands (W),VFA,2:38 10-0,Jennifer Curry,Baker (W),False,https://www.flowrestling.org/events/6880100-2021-naia-womens-wrestling-tournament/videos?playing=6925681&limit=60
2021,2021-03-13T20:38:48+0000,170,7th Place,687,Mat 4,Shania Gowan,Missouri Baptist (W),VCA,4-0,Danielle Saldivar,Missouri Valley (W),False,https://www.flowrestling.org/events/6880100-2021-naia-womens-wrestling-tournament/videos?playing=6925687&limit=60
2021,,191,Round of 32,,,Nkechinyere Nwankwo,Oklahoma City (W),BYE,,BYE,,True,
2021,,191,Round of 32,,,Samantha Ruano,William Penn,BYE,,BYE,,True,
2021,,191,Round of 32,,,Daniella Seely,Missouri Baptist (W),BYE,,BYE,,True,
2021,2021-03-12T18:39:35+0000,191,Round of 32,510,Mat 5,Brianna Staebler,Campbellsville (W),VSU,11-0 3:33,Martha Vizcarra,Baker (W),False,https://www.flowrestling.org/events/6880100-2021-naia-womens-wrestling-tournament/videos?playing=6923612&limit=60
2021,2021-03-12T18:45:36+0000,191,Round of 32,511,Mat 5,Catherine Palmieri,Life (W),VSU,10-0 4:23,Ariana Pereria,Cumberlands (W),False,https://www.flowrestling.org/events/6880100-2021-naia-womens-wrestling-tournament/videos?playing=6923632&limit=60
2021,,191,Round of 32,,,Larissa Ramos,Central Christian (W),BYE,,BYE,,True,
2021,,191,Round of 32,,,Olivia Robinson,Eastern Oregon (W),BYE,,BYE,,True,
2021,,191,Round of 32,,,Kelani Corbett,Lyon (W),BYE,,BYE,,True,
2021,,191,Round of 32,,,MaQuoia Bernabe,Cumberlands (W),BYE,,BYE,,True,
2021,,191,Round of 32,512,Mat 5,Jythssel Mascorro,Ottawa (W),VIN,0:00 0-0,Triniya Walker,Central Methodist (W),False,
2021,,191,Round of 32,,,Victoria Hinojo,Oklahoma City (W),BYE,,BYE,,True,
2021,2021-03-12T18:54:06+0000,191,Round of 32,513,Mat 5,Liliana Vergara,Campbellsville (W),VFA,4:37 11-0,Charity Goldsmith-Ding,York (W),False,https://www.flowrestling.org/events/6880100-2021-naia-womens-wrestling-tournament/videos?playing=6923653&limit=60
2021,2021-03-12T19:00:19+0000,191,Round of 32,514,Mat 5,Kelly LaCost,Jamestown (W),VSU1,12-1 4:32,Serena Sanchez,Midland (W),False,https://www.flowrestling.org/events/6880100-2021-naia-womens-wrestling-tournament/videos?playing=6923670&limit=60
2021,,191,Round of 32,,,Rayana Vigil,Southern Oregon (W),BYE,,BYE,,True,
2021,2021-03-12T19:03:00+0000,191,Round of 32,515,Mat 5,Natalia Villegas,Grand View (W),VFA,1:38 8-0,Elizabeth Hubbard,Lyon (W),False,https://www.flowrestling.org/events/6880100-2021-naia-womens-wrestling-tournament/videos?playing=6923681&limit=60
2021,,191,Round of 32,,,Elisa Robinson,Baker (W),BYE,,BYE,,True,
2021,2021-03-12T19:07:19+0000,191,Round of 16,525,Mat 5,Nkechinyere Nwankwo,Oklahoma City (W),VFA,0:23 4-0,Samantha Ruano,William Penn,False,https://www.flowrestling.org/events/6880100-2021-naia-womens-wrestling-tournament/videos?playing=6923694&limit=60
2021,2021-03-12T19:11:24+0000,191,Round of 16,526,Mat 5,Brianna Staebler,Campbellsville (W),VFA,2:25 9-0,Daniella Seely,Missouri Baptist (W),False,https://www.flowrestling.org/events/6880100-2021-naia-womens-wrestling-tournament/videos?playing=6923709&limit=60
2021,2021-03-12T19:13:50+0000,191,Round of 16,527,Mat 5,Catherine Palmieri,Life (W),VFA,0:32 4-0,Larissa Ramos,Central Christian (W),False,https://www.flowrestling.org/events/6880100-2021-naia-womens-wrestling-tournament/videos?playing=6923715&limit=60
2021,2021-03-12T19:19:45+0000,191,Round of 16,528,Mat 5,Kelani Corbett,Lyon (W),VFA,4:04 4-1,Olivia Robinson,Eastern Oregon (W),False,https://www.flowrestling.org/events/6880100-2021-naia-womens-wrestling-tournament/videos?playing=6923730&limit=60
2021,2021-03-12T19:21:45+0000,191,Round of 16,529,Mat 5,MaQuoia Bernabe,Cumberlands (W),VFA,0:58 5-0,Jythssel Mascorro,Ottawa (W),False,https://www.flowrestling.org/events/6880100-2021-naia-womens-wrestling-tournament/videos?playing=6923736&limit=60
2021,2021-03-12T19:29:15+0000,191,Round of 16,530,Mat 5,Victoria Hinojo,Oklahoma City (W),VFA,5:10 10-1,Liliana Vergara,Campbellsville (W),False,https://www.flowrestling.org/events/6880100-2021-naia-womens-wrestling-tournament/videos?playing=6923753&limit=60
2021,2021-03-12T19:32:31+0000,191,Round of 16,531,Mat 5,Kelly LaCost,Jamestown (W),VFA,2:32 3-0,Rayana Vigil,Southern Oregon (W),False,https://www.flowrestling.org/events/6880100-2021-naia-womens-wrestling-tournament/videos?playing=6923765&limit=60
2021,2021-03-12T19:35:13+0000,191,Round of 16,532,Mat 5,Elisa Robinson,Baker (W),VFA,1:51 6-0,Natalia Villegas,Grand View (W),False,https://www.flowrestling.org/events/6880100-2021-naia-womens-wrestling-tournament/videos?playing=6923772&limit=60
2021,2021-03-13T01:06:39+0000,191,Quarter-Finals,555,Mat 5,Nkechinyere Nwankwo,Oklahoma City (W),VSU,12-0 4:32,Brianna Staebler,Campbellsville (W),False,https://www.flowrestling.org/events/6880100-2021-naia-womens-wrestling-tournament/videos?playing=6924468&limit=60
2021,2021-03-13T01:13:53+0000,191,Quarter-Finals,556,Mat 5,Kelani Corbett,Lyon (W),VFA,5:26 9-2,Catherine Palmieri,Life (W),False,https://www.flowrestling.org/events/6880100-2021-naia-womens-wrestling-tournament/videos?playing=6924489&limit=60
2021,2021-03-13T01:22:10+0000,191,Quarter-Finals,557,Mat 5,Victoria Hinojo,Oklahoma City (W),VPO1,4-2,MaQuoia Bernabe,Cumberlands (W),False,https://www.flowrestling.org/events/6880100-2021-naia-womens-wrestling-tournament/videos?playing=6924510&limit=60
2021,2021-03-13T01:24:57+0000,191,Quarter-Finals,558,Mat 5,Elisa Robinson,Baker (W),VFA,1:08 5-0,Kelly LaCost,Jamestown (W),False,https://www.flowrestling.org/events/6880100-2021-naia-womens-wrestling-tournament/videos?playing=6924515&limit=60
2021,2021-03-13T17:40:57+0000,191,Semi-Finals,637,Mat 2,Nkechinyere Nwankwo,Oklahoma City (W),VPO1,6-1,Kelani Corbett,Lyon (W),False,https://www.flowrestling.org/events/6880100-2021-naia-womens-wrestling-tournament/videos?playing=6925213&limit=60
2021,2021-03-13T17:33:30+0000,191,Semi-Finals,638,Mat 3,Elisa Robinson,Baker (W),VFA,0:29 4-0,Victoria Hinojo,Oklahoma City (W),False,https://www.flowrestling.org/events/6880100-2021-naia-womens-wrestling-tournament/videos?playing=6925190&limit=60
2021,2021-03-14T02:47:19+0000,191,Finals,710,Mat 3,Nkechinyere Nwankwo,Oklahoma City (W),VFA,1:48 6-2,Elisa Robinson,Baker (W),False,https://www.flowrestling.org/events/6880100-2021-naia-womens-wrestling-tournament/videos?playing=6926260&limit=60
2021,,191,Consi of 16 #1,,,,,BYE,,,,True,
2021,,191,Consi of 16 #1,,,Martha Vizcarra,Baker (W),BYE,,BYE,,True,
2021,,191,Consi of 16 #1,,,Ariana Pereria,Cumberlands (W),BYE,,BYE,,True,
2021,,191,Consi of 16 #1,,,,,BYE,,,,True,
2021,,191,Consi of 16 #1,,,Triniya Walker,Central Methodist (W),BYE,,BYE,,True,
2021,,191,Consi of 16 #1,,,Charity Goldsmith-Ding,York (W),BYE,,BYE,,True,
2021,,191,Consi of 16 #1,,,Serena Sanchez,Midland (W),BYE,,BYE,,True,
2021,,191,Consi of 16 #1,,,Elizabeth Hubbard,Lyon (W),BYE,,BYE,,True,
2021,,191,Consi of 16 #2,,,Natalia Villegas,Grand View (W),BYE,,BYE,,True,
2021,2021-03-12T19:51:54+0000,191,Consi of 16 #2,541,Mat 5,Rayana Vigil,Southern Oregon (W),VFA,2:39 2-2,Martha Vizcarra,Baker (W),False,https://www.flowrestling.org/events/6880100-2021-naia-womens-wrestling-tournament/videos?playing=6923817&limit=60
2021,2021-03-12T19:59:38+0000,191,Consi of 16 #2,542,Mat 5,Ariana Pereria,Cumberlands (W),VSU1,12-2 5:27,Liliana Vergara,Campbellsville (W),False,https://www.flowrestling.org/events/6880100-2021-naia-womens-wrestling-tournament/videos?playing=6923838&limit=60
2021,,191,Consi of 16 #2,,,Jythssel Mascorro,Ottawa (W),BYE,,BYE,,True,
2021,,191,Consi of 16 #2,543,Mat 5,Olivia Robinson,Eastern Oregon (W),VFO,0-0,Triniya Walker,Central Methodist (W),False,
2021,2021-03-12T19:44:48+0000,191,Consi of 16 #2,544,Mat 5,Larissa Ramos,Central Christian (W),VFA,0:52 4-0,Charity Goldsmith-Ding,York (W),False,https://www.flowrestling.org/events/6880100-2021-naia-womens-wrestling-tournament/videos?playing=6923803&limit=60
2021,2021-03-12T19:43:01+0000,191,Consi of 16 #2,545,Mat 5,Serena Sanchez,Midland (W),VFA,1:03 2-4,Daniella Seely,Missouri Baptist (W),False,https://www.flowrestling.org/events/6880100-2021-naia-womens-wrestling-tournament/videos?playing=6923792&limit=60
2021,2021-03-12T19:41:09+0000,191,Consi of 16 #2,546,Mat 5,Elizabeth Hubbard,Lyon (W),VSU1,13-2 3:36,Samantha Ruano,William Penn,False,https://www.flowrestling.org/events/6880100-2021-naia-womens-wrestling-tournament/videos?playing=6923786&limit=60
2021,2021-03-13T01:28:02+0000,191,Consi of 8 #1,559,Mat 5,Natalia Villegas,Grand View (W),VFA,2:11 6-0,Rayana Vigil,Southern Oregon (W),False,https://www.flowrestling.org/events/6880100-2021-naia-womens-wrestling-tournament/videos?playing=6924522&limit=60
2021,2021-03-13T01:31:16+0000,191,Consi of 8 #1,560,Mat 5,Ariana Pereria,Cumberlands (W),VSU,10-0 2:08,Jythssel Mascorro,Ottawa (W),False,https://www.flowrestling.org/events/6880100-2021-naia-womens-wrestling-tournament/videos?playing=6924530&limit=60
2021,2021-03-13T01:40:58+0000,191,Consi of 8 #1,561,Mat 5,Olivia Robinson,Eastern Oregon (W),VPO1,9-4,Larissa Ramos,Central Christian (W),False,https://www.flowrestling.org/events/6880100-2021-naia-womens-wrestling-tournament/videos?playing=6924559&limit=60
2021,2021-03-13T01:44:06+0000,191,Consi of 8 #1,562,Mat 5,Serena Sanchez,Midland (W),VFA,1:55 6-0,Elizabeth Hubbard,Lyon (W),False,https://www.flowrestling.org/events/6880100-2021-naia-womens-wrestling-tournament/videos?playing=6924567&limit=60
2021,2021-03-13T01:50:36+0000,191,Consi of 8 #2,567,Mat 5,Catherine Palmieri,Life (W),VFA,3:48 6-1,Natalia Villegas,Grand View (W),False,https://www.flowrestling.org/events/6880100-2021-naia-womens-wrestling-tournament/videos?playing=6924585&limit=60
2021,2021-03-13T01:54:09+0000,191,Consi of 8 #2,568,Mat 5,Brianna Staebler,Campbellsville (W),VFA,2:30 6-0,Ariana Pereria,Cumberlands (W),False,https://www.flowrestling.org/events/6880100-2021-naia-womens-wrestling-tournament/videos?playing=6924595&limit=60
2021,2021-03-13T02:02:03+0000,191,Consi of 8 #2,569,Mat 5,Kelly LaCost,Jamestown (W),VPO,3-0,Olivia Robinson,Eastern Oregon (W),False,https://www.flowrestling.org/events/6880100-2021-naia-womens-wrestling-tournament/videos?playing=6924618&limit=60
2021,2021-03-13T02:08:08+0000,191,Consi of 8 #2,570,Mat 5,MaQuoia Bernabe,Cumberlands (W),VSU,11-0 3:40,Serena Sanchez,Midland (W),False,https://www.flowrestling.org/events/6880100-2021-naia-womens-wrestling-tournament/videos?playing=6924625&limit=60
2021,2021-03-13T18:24:38+0000,191,Consi of 4,639,Mat 2,Brianna Staebler,Campbellsville (W),VFA,1:04 4-0,Catherine Palmieri,Life (W),False,https://www.flowrestling.org/events/6880100-2021-naia-womens-wrestling-tournament/videos?playing=6925326&limit=60
2021,2021-03-13T18:35:19+0000,191,Consi of 4,640,Mat 3,MaQuoia Bernabe,Cumberlands (W),VPO,3-0,Kelly LaCost,Jamestown (W),False,https://www.flowrestling.org/events/6880100-2021-naia-womens-wrestling-tournament/videos?playing=6925347&limit=60
2021,2021-03-13T19:19:40+0000,191,Consi-Semis,659,Mat 2,Brianna Staebler,Campbellsville (W),VFA,2:48 7-2,Victoria Hinojo,Oklahoma City (W),False,https://www.flowrestling.org/events/6880100-2021-naia-womens-wrestling-tournament/videos?playing=6925479&limit=60
2021,2021-03-13T19:17:29+0000,191,Consi-Semis,660,Mat 3,Kelani Corbett,Lyon (W),VSU,10-0 4:41,MaQuoia Bernabe,Cumberlands (W),False,https://www.flowrestling.org/events/6880100-2021-naia-womens-wrestling-tournament/videos?playing=6925473&limit=60
2021,2021-03-13T20:45:27+0000,191,3rd Place,688,Mat 3,Kelani Corbett,Lyon (W),VFA,2:38 8-1,Brianna Staebler,Campbellsville (W),False,https://www.flowrestling.org/events/6880100-2021-naia-womens-wrestling-tournament/videos?playing=6925709&limit=60
2021,2021-03-13T20:49:18+0000,191,5th Place,689,Mat 2,MaQuoia Bernabe,Cumberlands (W),VPO1,4-2,Victoria Hinojo,Oklahoma City (W),False,https://www.flowrestling.org/events/6880100-2021-naia-womens-wrestling-tournament/videos?playing=6925715&limit=60
2021,2021-03-13T20:43:46+0000,191,7th Place,690,Mat 4,Catherine Palmieri,Life (W),VFA,1:34 6-0,Kelly LaCost,Jamestown (W),False,https://www.flowrestling.org/events/6880100-2021-naia-womens-wrestling-tournament/videos?playing=6925702&limit=60
