year,weight_class,round,winner,winner_school,win_method,score,loser,loser_school
2026,103,1st Place Match,Erin Hikiji,Providence,tech fall,TF 11-0,Zoey Haney,Indiana Tech
2026,103,3rd Place Match,Makennah Craft,Campbellsville,tech fall,TF 11-0,Alexsys Jacquez,Saint Mary
2026,103,5th Place Match,Lita Cruz,Grand View,decision,Dec 8-4,Alexis Miller,Oklahoma City
2026,103,7th Place Match,Aynsley Fink,Ottawa,tech fall,TF 11-0,Isabelle Apple,Grand View
2026,103,Cons. Semi,Alexsys Jacquez,Saint Mary,decision,Dec 13-8,Alexis Miller,Oklahoma City
2026,103,Cons. Semi,Makennah Craft,Campbellsville,decision,Dec 5-4,Lita Cruz,Grand View
2026,103,Cons. Round 5,Alexsys Jacquez,Saint Mary,tech fall,TF 15-2,Aynsley Fink,Ottawa
2026,103,Cons. Round 5,Makennah Craft,Campbellsville,decision,Dec 7-5,Isabelle Apple,Grand View
2026,103,Semifinal,Erin Hikiji,Providence,tech fall,TF 10-0,Lita Cruz,Grand View
2026,103,Semifinal,Zoey Haney,Indiana Tech,fall,Fall 1:55,Alexis Miller,Oklahoma City
2026,103,Cons. Round 4,Aynsley Fink,Ottawa,decision,Dec 6-2,Calli Connally,Wayland Baptist
2026,103,Cons. Round 4,Alexsys Jacquez,Saint Mary,tech fall,TF 13-2,Destiny Jones,Saint Mary
2026,103,Cons. Round 4,Makennah Craft,Campbellsville,fall,Fall 0:48,Makayla Young,Indiana Tech
2026,103,Cons. Round 4,Isabelle Apple,Grand View,fall,Fall 3:39,Liana Ferreira,Southern Oregon
2026,103,Cons. Round 3,Calli Connally,Wayland Baptist,tech fall,TF 12-1,Alexandra Evans,Rio Grande
2026,103,Cons. Round 3,Destiny Jones,Saint Mary,fall,Fall 0:30,Zoey Mzeru,Central Methodist
2026,103,Cons. Round 3,Makayla Young,Indiana Tech,fall,Fall 2:53,Morgan Repasky,Montreat
2026,103,Cons. Round 3,Liana Ferreira,Southern Oregon,fall,Fall 4:47,Karina Vang,Doane
2026,103,Quarterfinal,Erin Hikiji,Providence,decision,Dec 11-4,Alexsys Jacquez,Saint Mary
2026,103,Quarterfinal,Lita Cruz,Grand View,decision,Dec 6-4,Aynsley Fink,Ottawa
2026,103,Quarterfinal,Zoey Haney,Indiana Tech,decision,Dec 5-4,Isabelle Apple,Grand View
2026,103,Quarterfinal,Alexis Miller,Oklahoma City,fall,Fall 2:09,Makennah Craft,Campbellsville
2026,103,Cons. Round 2,Calli Connally,Wayland Baptist,tech fall,TF 10-0,Mackenzie Gilbert,Waldorf
2026,103,Cons. Round 2,Makayla Young,Indiana Tech,decision,Dec 4-2,Isabella Bocanegra,Providence
2026,103,Cons. Round 2,Liana Ferreira,Southern Oregon,fall,Fall 5:51,Kimberly Navarette,Doane
2026,103,Champ. Round 2,Erin Hikiji,Providence,decision,Dec 8-1,Liana Ferreira,Southern Oregon
2026,103,Champ. Round 2,Alexsys Jacquez,Saint Mary,tech fall,TF 11-0,Karina Vang,Doane
2026,103,Champ. Round 2,Aynsley Fink,Ottawa,tech fall,TF 10-0,Makayla Young,Indiana Tech
2026,103,Champ. Round 2,Lita Cruz,Grand View,fall,Fall 5:50,Morgan Repasky,Montreat
2026,103,Champ. Round 2,Zoey Haney,Indiana Tech,tech fall,TF 10-0,Zoey Mzeru,Central Methodist
2026,103,Champ. Round 2,Isabelle Apple,Grand View,fall,Fall 2:46,Destiny Jones,Saint Mary
2026,103,Champ. Round 2,Alexis Miller,Oklahoma City,fall,Fall 1:34,Alexandra Evans,Rio Grande
2026,103,Champ. Round 2,Makennah Craft,Campbellsville,decision,Dec 6-5,Calli Connally,Wayland Baptist
2026,103,Champ. Round 1,Erin Hikiji,Providence,tech fall,TF 10-0,Mackenzie Gilbert,Waldorf
2026,103,Champ. Round 1,Isabelle Apple,Grand View,tech fall,TF 12-2,Isabella Bocanegra,Providence
2026,103,Champ. Round 1,Calli Connally,Wayland Baptist,fall,Fall 0:59,Kimberly Navarette,Doane
2026,110,1st Place Match,Mia Palumbo,William Penn,tech fall,TF 10-0,Avery Ashley,Oklahoma City
2026,110,3rd Place Match,Tristan Nitta,Grand View,fall,Fall 4:28,Kylie Robledo,Baker
2026,110,5th Place Match,Kayla McNatt,Arizona Christian,injury default,Inj. 0:00,Paige Morales,Providence
2026,110,7th Place Match,Avy Perez,William Penn,fall,Fall 2:59,Chloe Brewis,Hastings
2026,110,Cons. Semi,Kylie Robledo,Baker,decision,Dec 7-0,Paige Morales,Providence
2026,110,Cons. Semi,Tristan Nitta,Grand View,fall,Fall 4:17,Kayla McNatt,Arizona Christian
2026,110,Cons. Round 5,Kylie Robledo,Baker,decision,Dec 18-10,Chloe Brewis,Hastings
2026,110,Cons. Round 5,Tristan Nitta,Grand View,fall,Fall 1:01,Avy Perez,William Penn
2026,110,Semifinal,Mia Palumbo,William Penn,tech fall,TF 10-0,Kayla McNatt,Arizona Christian
2026,110,Semifinal,Avery Ashley,Oklahoma City,fall,Fall 2:48,Paige Morales,Providence
2026,110,Cons. Round 4,Chloe Brewis,Hastings,fall,Fall 4:53,Jenna Gerhardt,Dickinson State
2026,110,Cons. Round 4,Kylie Robledo,Baker,decision,Dec 6-3,Emma Jones,Indiana Tech
2026,110,Cons. Round 4,Tristan Nitta,Grand View,tech fall,TF 10-0,Eliana Martinez,Grand View
2026,110,Cons. Round 4,Avy Perez,William Penn,tech fall,TF 10-0,Reagan Thomas,Lindsey Wilson
2026,110,Cons. Round 3,Chloe Brewis,Hastings,tech fall,TF 10-0,Myriam Riley,Dickinson State
2026,110,Cons. Round 3,Kylie Robledo,Baker,tech fall,TF 11-0,Julia Snyder,Rochester Christian
2026,110,Cons. Round 3,Tristan Nitta,Grand View,fall,Fall 2:35,Makenize Smith,Indiana Tech
2026,110,Cons. Round 3,Reagan Thomas,Lindsey Wilson,fall,Fall 1:33,Kayla Shota,Providence
2026,110,Quarterfinal,Mia Palumbo,William Penn,tech fall,TF 11-0,Emma Jones,Indiana Tech
2026,110,Quarterfinal,Kayla McNatt,Arizona Christian,fall,Fall 2:50,Jenna Gerhardt,Dickinson State
2026,110,Quarterfinal,Paige Morales,Providence,decision,Dec 8-4,Avy Perez,William Penn
2026,110,Quarterfinal,Avery Ashley,Oklahoma City,decision,Dec 8-3,Eliana Martinez,Grand View
2026,110,Cons. Round 2,Chloe Brewis,Hastings,tech fall,TF 13-0,De`yton Young,Missouri Baptist
2026,110,Cons. Round 2,Myriam Riley,Dickinson State,decision,Dec 19-14,Raelynn O`Connor,Hastings
2026,110,Cons. Round 2,Julia Snyder,Rochester Christian,injury default,Inj. 0:00,Nizhoni Tallman,Evergreen State
2026,110,Cons. Round 2,Kylie Robledo,Baker,tech fall,TF 10-0,Raquel Garcia,Missouri Valley
2026,110,Cons. Round 2,Makenize Smith,Indiana Tech,decision,Dec 10-2,Diana Gonzalez,Life
2026,110,Cons. Round 2,Kayla Shota,Providence,tech fall,TF 10-0,Kaylynn Martin,Friends
2026,110,Cons. Round 2,Reagan Thomas,Lindsey Wilson,decision,Dec 6-5,Gracie Elliott,Texas Wesleyan
2026,110,Champ. Round 2,Mia Palumbo,William Penn,tech fall,TF 10-0,Reagan Thomas,Lindsey Wilson
2026,110,Champ. Round 2,Emma Jones,Indiana Tech,fall,Fall 0:50,Kayla Shota,Providence
2026,110,Champ. Round 2,Jenna Gerhardt,Dickinson State,decision,Dec 4-0,Diana Gonzalez,Life
2026,110,Champ. Round 2,Kayla McNatt,Arizona Christian,decision,Dec 6-6,Tristan Nitta,Grand View
2026,110,Champ. Round 2,Paige Morales,Providence,decision,Dec 9-2,Kylie Robledo,Baker
2026,110,Champ. Round 2,Avy Perez,William Penn,decision,Dec 9-1,Nizhoni Tallman,Evergreen State
2026,110,Champ. Round 2,Eliana Martinez,Grand View,tech fall,TF 12-0,Myriam Riley,Dickinson State
2026,110,Champ. Round 2,Avery Ashley,Oklahoma City,forfeit,FF,Chloe Brewis,Hastings
2026,110,Champ. Round 1,Mia Palumbo,William Penn,fall,Fall 1:54,De`yton Young,Missouri Baptist
2026,110,Champ. Round 1,Kayla Shota,Providence,tech fall,TF 12-0,Raelynn O`Connor,Hastings
2026,110,Champ. Round 1,Diana Gonzalez,Life,decision,Dec 7-2,Julia Snyder,Rochester Christian
2026,110,Champ. Round 1,Tristan Nitta,Grand View,fall,Fall 1:37,Raquel Garcia,Missouri Valley
2026,110,Champ. Round 1,Avy Perez,William Penn,decision,Dec 7-1,Makenize Smith,Indiana Tech
2026,110,Champ. Round 1,Eliana Martinez,Grand View,fall,Fall 0:44,Kaylynn Martin,Friends
2026,110,Champ. Round 1,Chloe Brewis,Hastings,decision,Dec 8-5,Gracie Elliott,Texas Wesleyan
2026,117,1st Place Match,Christianah Ogunsanya,William Penn,decision,Dec 5-0,Salyna Shotwell,Life
2026,117,3rd Place Match,Zao Estrada,Missouri Valley,tech fall,TF 10-0,Cailin Campbell,Grand View
2026,117,5th Place Match,Grace Lashinsky,Lindsey Wilson,fall,Fall 4:13,Carolina Rios,Texas Wesleyan
2026,117,7th Place Match,Joely Slyter,Providence,tech fall,TF 12-1,Angelica Vicente Gonzalez,Doane
2026,117,Cons. Semi,Zao Estrada,Missouri Valley,tech fall,TF 12-1,Carolina Rios,Texas Wesleyan
2026,117,Cons. Semi,Cailin Campbell,Grand View,tech fall,TF 11-0,Grace Lashinsky,Lindsey Wilson
2026,117,Cons. Round 5,Carolina Rios,Texas Wesleyan,decision,Dec 3-0,Angelica Vicente Gonzalez,Doane
2026,117,Cons. Round 5,Grace Lashinsky,Lindsey Wilson,decision,Dec 5-4,Joely Slyter,Providence
2026,117,Semifinal,Christianah Ogunsanya,William Penn,tech fall,TF 13-1,Cailin Campbell,Grand View
2026,117,Semifinal,Salyna Shotwell,Life,fall,Fall 2:20,Zao Estrada,Missouri Valley
2026,117,Cons. Round 4,Carolina Rios,Texas Wesleyan,fall,Fall 0:28,Sigrun Metzger,Ottawa
2026,117,Cons. Round 4,Angelica Vicente Gonzalez,Doane,decision,Dec 7-3,Addison Saporito,Ottawa
2026,117,Cons. Round 4,Joely Slyter,Providence,decision,Dec 6-2,Mayangelie Colon,Grand View
2026,117,Cons. Round 4,Grace Lashinsky,Lindsey Wilson,tech fall,TF 10-0,Chloe Herrick,Baker
2026,117,Cons. Round 3,Sigrun Metzger,Ottawa,tech fall,TF 12-2,Gloria Diaz,Eastern Oregon
2026,117,Cons. Round 3,Angelica Vicente Gonzalez,Doane,fall,Fall 1:01,Taylor Hood,Midland
2026,117,Cons. Round 3,Mayangelie Colon,Grand View,fall,Fall 1:53,Sarah Pineda,Missouri Valley
2026,117,Cons. Round 3,Chloe Herrick,Baker,fall,Fall 5:24,Callie Payton,Lindsey Wilson
2026,117,Quarterfinal,Christianah Ogunsanya,William Penn,tech fall,TF 11-0,Addison Saporito,Ottawa
2026,117,Quarterfinal,Cailin Campbell,Grand View,tech fall,TF 11-0,Carolina Rios,Texas Wesleyan
2026,117,Quarterfinal,Zao Estrada,Missouri Valley,tech fall,TF 10-0,Grace Lashinsky,Lindsey Wilson
2026,117,Quarterfinal,Salyna Shotwell,Life,fall,Fall 5:18,Joely Slyter,Providence
2026,117,Cons. Round 2,Sigrun Metzger,Ottawa,fall,Fall 1:30,Yusneiry Agrazal,Central Methodist
2026,117,Cons. Round 2,Angelica Vicente Gonzalez,Doane,fall,Fall 0:29,Lakota Rogers,Bismarck State
2026,117,Cons. Round 2,Mayangelie Colon,Grand View,tech fall,TF 13-2,Mariah Dillard,Wayland Baptist
2026,117,Cons. Round 2,Callie Payton,Lindsey Wilson,tech fall,TF 12-2,Mikayla Jardine,Dickinson State
2026,117,Champ. Round 2,Christianah Ogunsanya,William Penn,tech fall,TF 10-0,Callie Payton,Lindsey Wilson
2026,117,Champ. Round 2,Addison Saporito,Ottawa,decision,Dec 6-2,Chloe Herrick,Baker
2026,117,Champ. Round 2,Carolina Rios,Texas Wesleyan,fall,Fall 1:56,Mayangelie Colon,Grand View
2026,117,Champ. Round 2,Cailin Campbell,Grand View,tech fall,TF 12-2,Sarah Pineda,Missouri Valley
2026,117,Champ. Round 2,Zao Estrada,Missouri Valley,tech fall,TF 10-0,Angelica Vicente Gonzalez,Doane
2026,117,Champ. Round 2,Grace Lashinsky,Lindsey Wilson,tech fall,TF 10-0,Taylor Hood,Midland
2026,117,Champ. Round 2,Joely Slyter,Providence,fall,Fall 1:06,Sigrun Metzger,Ottawa
2026,117,Champ. Round 2,Salyna Shotwell,Life,fall,Fall 1:02,Gloria Diaz,Eastern Oregon
2026,117,Champ. Round 1,Chloe Herrick,Baker,fall,Fall 5:03,Yusneiry Agrazal,Central Methodist
2026,117,Champ. Round 1,Cailin Campbell,Grand View,fall,Fall 1:02,Lakota Rogers,Bismarck State
2026,117,Champ. Round 1,Grace Lashinsky,Lindsey Wilson,fall,Fall 2:20,Mariah Dillard,Wayland Baptist
2026,117,Champ. Round 1,Salyna Shotwell,Life,fall,Fall 0:58,Mikayla Jardine,Dickinson State
2026,124,1st Place Match,Cristelle Rodriguez,Doane,tech fall,TF 10-0,Rose Kaplan,Indiana Tech
2026,124,3rd Place Match,Vicky Baez-Dilone,William Penn,fall,Fall 0:17,Rei Ogden,Bismarck State
2026,124,5th Place Match,Kamilah Brooks,Lindsey Wilson,fall,Fall 5:21,Alyssa Randles,Providence
2026,124,7th Place Match,Catherine Campbell,Grand View,tech fall,TF 11-0,Lola Barkby,Indiana Tech
2026,124,Cons. Semi,Rei Ogden,Bismarck State,decision,Dec 8-3,Kamilah Brooks,Lindsey Wilson
2026,124,Cons. Semi,Vicky Baez-Dilone,William Penn,fall,Fall 1:01,Alyssa Randles,Providence
2026,124,Cons. Round 5,Rei Ogden,Bismarck State,fall,Fall 4:28,Catherine Campbell,Grand View
2026,124,Cons. Round 5,Alyssa Randles,Providence,tech fall,TF 10-0,Lola Barkby,Indiana Tech
2026,124,Semifinal,Cristelle Rodriguez,Doane,tech fall,TF 11-0,Vicky Baez-Dilone,William Penn
2026,124,Semifinal,Rose Kaplan,Indiana Tech,decision,Dec 2-1,Kamilah Brooks,Lindsey Wilson
2026,124,Cons. Round 4,Rei Ogden,Bismarck State,fall,Fall 2:03,Anna Krejsa,Life
2026,124,Cons. Round 4,Catherine Campbell,Grand View,tech fall,TF 10-0,Kaitlin Castro,Cumberlands
2026,124,Cons. Round 4,Lola Barkby,Indiana Tech,fall,Fall 2:29,Tati Paragas,William Penn
2026,124,Cons. Round 4,Alyssa Randles,Providence,tech fall,TF 12-2,Maya Davis,Grand View
2026,124,Cons. Round 3,Rei Ogden,Bismarck State,decision,Dec 14-9,Addison Messerly,Campbellsville
2026,124,Cons. Round 3,Catherine Campbell,Grand View,decision,Dec 2-0,Kaylee Annis,Southern Oregon
2026,124,Cons. Round 3,Lola Barkby,Indiana Tech,fall,Fall 4:11,Jazmine Turner,Dickinson State
2026,124,Cons. Round 3,Maya Davis,Grand View,fall,Fall 5:34,Jasmina Immaeva,Missouri Valley
2026,124,Quarterfinal,Cristelle Rodriguez,Doane,tech fall,TF 10-0,Kaitlin Castro,Cumberlands
2026,124,Quarterfinal,Vicky Baez-Dilone,William Penn,tech fall,TF 10-0,Anna Krejsa,Life
2026,124,Quarterfinal,Kamilah Brooks,Lindsey Wilson,decision,Dec 6-6,Alyssa Randles,Providence
2026,124,Quarterfinal,Rose Kaplan,Indiana Tech,fall,Fall 2:51,Tati Paragas,William Penn
2026,124,Cons. Round 2,Addison Messerly,Campbellsville,tech fall,TF 10-0,Berlin Kiddoo,Central Methodist
2026,124,Cons. Round 2,Catherine Campbell,Grand View,tech fall,TF 10-0,Tess Barnett,Wayland Baptist
2026,124,Cons. Round 2,Kaylee Annis,Southern Oregon,decision,Dec 8-4,Ellabelle Taylor,Evergreen State
2026,124,Cons. Round 2,Jazmine Turner,Dickinson State,fall,Fall 5:18,Isla Baeza,Missouri Valley
2026,124,Cons. Round 2,Lola Barkby,Indiana Tech,decision,Dec 8-2,Jes`Onia Barefield,Georgetown
2026,124,Cons. Round 2,Maya Davis,Grand View,fall,Fall 2:08,Daniela Espinal,Montreat
2026,124,Cons. Round 2,Jasmina Immaeva,Missouri Valley,fall,Fall 5:06,Myia Weiler,Southern Oregon
2026,124,Champ. Round 2,Cristelle Rodriguez,Doane,tech fall,TF 10-0,Myia Weiler,Southern Oregon
2026,124,Champ. Round 2,Kaitlin Castro,Cumberlands,fall,Fall 1:34,Maya Davis,Grand View
2026,124,Champ. Round 2,Anna Krejsa,Life,tech fall,TF 10-0,Lola Barkby,Indiana Tech
2026,124,Champ. Round 2,Vicky Baez-Dilone,William Penn,tech fall,TF 10-0,Isla Baeza,Missouri Valley
2026,124,Champ. Round 2,Kamilah Brooks,Lindsey Wilson,decision,Dec 8-4,Kaylee Annis,Southern Oregon
2026,124,Champ. Round 2,Alyssa Randles,Providence,decision,Dec 3-2,Catherine Campbell,Grand View
2026,124,Champ. Round 2,Tati Paragas,William Penn,decision,Dec 10-7,Berlin Kiddoo,Central Methodist
2026,124,Champ. Round 2,Rose Kaplan,Indiana Tech,fall,Fall 0:57,Rei Ogden,Bismarck State
2026,124,Champ. Round 1,Maya Davis,Grand View,decision,Dec 5-4,Addison Messerly,Campbellsville
2026,124,Champ. Round 1,Anna Krejsa,Life,tech fall,TF 14-4,Tess Barnett,Wayland Baptist
2026,124,Champ. Round 1,Vicky Baez-Dilone,William Penn,tech fall,TF 18-8,Ellabelle Taylor,Evergreen State
2026,124,Champ. Round 1,Kamilah Brooks,Lindsey Wilson,decision,Dec 9-2,Jazmine Turner,Dickinson State
2026,124,Champ. Round 1,Catherine Campbell,Grand View,fall,Fall 2:18,Jes`Onia Barefield,Georgetown
2026,124,Champ. Round 1,Berlin Kiddoo,Central Methodist,tech fall,TF 13-2,Daniela Espinal,Montreat
2026,124,Champ. Round 1,Rose Kaplan,Indiana Tech,fall,Fall 2:54,Jasmina Immaeva,Missouri Valley
2026,131,1st Place Match,Jumoke Adekoye,Dickinson State,tech fall,TF 10-0,Olivia Mottley,Life
2026,131,3rd Place Match,Waipuilani Estrella-Beauchamp,Providence,fall,Fall 0:33,Sarah Savidge,Life
2026,131,5th Place Match,Kendall Bostelman,William Penn,tech fall,TF 11-0,Jeila Ramos,Lindsey Wilson
2026,131,7th Place Match,Alexis Schneider,Bismarck State,tech fall,TF 14-4,Larissa Kaz,Hastings
2026,131,Cons. Semi,Waipuilani Estrella-Beauchamp,Providence,tech fall,TF 11-0,Jeila Ramos,Lindsey Wilson
2026,131,Cons. Semi,Sarah Savidge,Life,decision,Dec 8-0,Kendall Bostelman,William Penn
2026,131,Cons. Round 5,Jeila Ramos,Lindsey Wilson,tech fall,TF 13-2,Larissa Kaz,Hastings
2026,131,Cons. Round 5,Kendall Bostelman,William Penn,decision,Dec 9-6,Alexis Schneider,Bismarck State
2026,131,Semifinal,Olivia Mottley,Life,decision,Dec 7-2,Sarah Savidge,Life
2026,131,Semifinal,Jumoke Adekoye,Dickinson State,decision,Dec 6-3,Waipuilani Estrella-Beauchamp,Providence
2026,131,Cons. Round 4,Larissa Kaz,Hastings,decision,Dec 9-4,Elizabeth Duvall,Texas Wesleyan
2026,131,Cons. Round 4,Jeila Ramos,Lindsey Wilson,fall,Fall 5:29,Mary Jane Porter,Cumberlands
2026,131,Cons. Round 4,Kendall Bostelman,William Penn,tech fall,TF 10-0,Bronwyn Brenneman,William Penn
2026,131,Cons. Round 4,Alexis Schneider,Bismarck State,fall,Fall 4:15,Olivia Messerly,Campbellsville
2026,131,Cons. Round 3,Elizabeth Duvall,Texas Wesleyan,fall,Fall 0:29,Andrea Hernandez,Indiana Tech
2026,131,Cons. Round 3,Mary Jane Porter,Cumberlands,tech fall,TF 13-2,Jill High,York
2026,131,Cons. Round 3,Bronwyn Brenneman,William Penn,decision,Dec 6-0,Madison Pena,Wayland Baptist
2026,131,Cons. Round 3,Olivia Messerly,Campbellsville,decision,Dec 10-6,Jade Morales,Southern Oregon
2026,131,Quarterfinal,Sarah Savidge,Life,decision,Dec 6-2,Jeila Ramos,Lindsey Wilson
2026,131,Quarterfinal,Olivia Mottley,Life,tech fall,TF 15-4,Larissa Kaz,Hastings
2026,131,Quarterfinal,Jumoke Adekoye,Dickinson State,tech fall,TF 10-0,Alexis Schneider,Bismarck State
2026,131,Quarterfinal,Waipuilani Estrella-Beauchamp,Providence,fall,Fall 4:09,Kendall Bostelman,William Penn
2026,131,Cons. Round 2,Elizabeth Duvall,Texas Wesleyan,decision,Dec 8-3,Ashlee Palimo`o,Doane
2026,131,Cons. Round 2,Jill High,York,fall,Fall 1:36,Lexie Garza,Eastern Oregon
2026,131,Cons. Round 2,Bronwyn Brenneman,William Penn,fall,Fall 5:50,Bryce White,Oklahoma City
2026,131,Cons. Round 2,Madison Pena,Wayland Baptist,tech fall,TF 16-5,Makenna Duran,Eastern Oregon
2026,131,Cons. Round 2,Jade Morales,Southern Oregon,decision,Dec 7-0,Aileya Sath,Baker
2026,131,Champ. Round 2,Sarah Savidge,Life,fall,Fall 1:48,Jade Morales,Southern Oregon
2026,131,Champ. Round 2,Jeila Ramos,Lindsey Wilson,fall,Fall 1:13,Olivia Messerly,Campbellsville
2026,131,Champ. Round 2,Larissa Kaz,Hastings,tech fall,TF 12-2,Makenna Duran,Eastern Oregon
2026,131,Champ. Round 2,Olivia Mottley,Life,decision,Dec 8-0,Bronwyn Brenneman,William Penn
2026,131,Champ. Round 2,Jumoke Adekoye,Dickinson State,tech fall,TF 10-0,Lexie Garza,Eastern Oregon
2026,131,Champ. Round 2,Alexis Schneider,Bismarck State,decision,Dec 9-2,Mary Jane Porter,Cumberlands
2026,131,Champ. Round 2,Kendall Bostelman,William Penn,tech fall,TF 11-0,Andrea Hernandez,Indiana Tech
2026,131,Champ. Round 2,Waipuilani Estrella-Beauchamp,Providence,fall,Fall 2:27,Ashlee Palimo`o,Doane
2026,131,Champ. Round 1,Sarah Savidge,Life,tech fall,TF 11-0,Elizabeth Duvall,Texas Wesleyan
2026,131,Champ. Round 1,Olivia Mottley,Life,tech fall,TF 11-0,Jill High,York
2026,131,Champ. Round 1,Jumoke Adekoye,Dickinson State,tech fall,TF 10-0,Bryce White,Oklahoma City
2026,131,Champ. Round 1,Alexis Schneider,Bismarck State,decision,Dec 9-0,Madison Pena,Wayland Baptist
2026,131,Champ. Round 1,Waipuilani Estrella-Beauchamp,Providence,tech fall,TF 10-0,Aileya Sath,Baker
2026,138,1st Place Match,Esther Kolawole,William Penn,tech fall,TF 10-0,Zaynah McBryde,Life
2026,138,3rd Place Match,Samantha Barragan,Texas Wesleyan,tech fall,TF 12-2,Maci Avila,Midland
2026,138,5th Place Match,Haley Le,Evergreen State,tech fall,TF 10-0,Aileen Lester,Ottawa
2026,138,7th Place Match,Reagen Gallaway,Hastings,decision,Dec 2-2,Skylur Lewis,Saint Mary
2026,138,Cons. Semi,Samantha Barragan,Texas Wesleyan,fall,Fall 3:00,Haley Le,Evergreen State
2026,138,Cons. Semi,Maci Avila,Midland,decision,Dec 13-6,Aileen Lester,Ottawa
2026,138,Cons. Round 5,Haley Le,Evergreen State,injury default,Inj. 4:07,Skylur Lewis,Saint Mary
2026,138,Cons. Round 5,Maci Avila,Midland,decision,Dec 11-4,Reagen Gallaway,Hastings
2026,138,Semifinal,Esther Kolawole,William Penn,tech fall,TF 10-0,Aileen Lester,Ottawa
2026,138,Semifinal,Zaynah McBryde,Life,tech fall,TF 11-0,Samantha Barragan,Texas Wesleyan
2026,138,Cons. Round 4,Skylur Lewis,Saint Mary,fall,Fall 4:48,Kinnley Smith,Indiana Tech
2026,138,Cons. Round 4,Haley Le,Evergreen State,tech fall,TF 11-0,Christina Jaen,Life
2026,138,Cons. Round 4,Reagen Gallaway,Hastings,tech fall,TF 10-0,Esther Han,Providence
2026,138,Cons. Round 4,Maci Avila,Midland,tech fall,TF 10-0,Ruth Jimenez,Cumberlands
2026,138,Cons. Round 3,Kinnley Smith,Indiana Tech,decision,Dec 11-4,Zoe Fries,Missouri Baptist
2026,138,Cons. Round 3,Haley Le,Evergreen State,fall,Fall 1:29,Serenity De La Garza,Missouri Valley
2026,138,Cons. Round 3,Esther Han,Providence,fall,Fall 5:47,Makayla Correa,Southern Oregon
2026,138,Cons. Round 3,Ruth Jimenez,Cumberlands,decision,Dec 10-4,Brielle Bibla,Lindsey Wilson
2026,138,Quarterfinal,Esther Kolawole,William Penn,tech fall,TF 10-0,Christina Jaen,Life
2026,138,Quarterfinal,Aileen Lester,Ottawa,decision,Dec 4-0,Skylur Lewis,Saint Mary
2026,138,Quarterfinal,Samantha Barragan,Texas Wesleyan,fall,Fall 2:26,Maci Avila,Midland
2026,138,Quarterfinal,Zaynah McBryde,Life,tech fall,TF 14-3,Reagen Gallaway,Hastings
2026,138,Cons. Round 2,Zoe Fries,Missouri Baptist,fall,Fall 2:43,Emily Neumann,Central Methodist
2026,138,Cons. Round 2,Kinnley Smith,Indiana Tech,decision,Dec 6-3,Lisa Hoeflich,Hastings
2026,138,Cons. Round 2,Serenity De La Garza,Missouri Valley,fall,Fall 5:10,Natalia Posada,Oklahoma City
2026,138,Cons. Round 2,Esther Han,Providence,tech fall,TF 11-1,Lexi Ritchie,Lindsey Wilson
2026,138,Cons. Round 2,Ruth Jimenez,Cumberlands,decision,Dec 6-0,Teani Medeiros-Maielua,William Woods
2026,138,Champ. Round 2,Esther Kolawole,William Penn,tech fall,TF 10-0,Teani Medeiros-Maielua,William Woods
2026,138,Champ. Round 2,Christina Jaen,Life,tech fall,TF 11-0,Brielle Bibla,Lindsey Wilson
2026,138,Champ. Round 2,Aileen Lester,Ottawa,decision,Dec 6-3,Makayla Correa,Southern Oregon
2026,138,Champ. Round 2,Skylur Lewis,Saint Mary,fall,Fall 2:25,Esther Han,Providence
2026,138,Champ. Round 2,Samantha Barragan,Texas Wesleyan,fall,Fall 4:00,Haley Le,Evergreen State
2026,138,Champ. Round 2,Maci Avila,Midland,tech fall,TF 10-0,Natalia Posada,Oklahoma City
2026,138,Champ. Round 2,Reagen Gallaway,Hastings,fall,Fall 1:26,Kinnley Smith,Indiana Tech
2026,138,Champ. Round 2,Zaynah McBryde,Life,tech fall,TF 11-0,Zoe Fries,Missouri Baptist
2026,138,Champ. Round 1,Teani Medeiros-Maielua,William Woods,tech fall,TF 10-0,Emily Neumann,Central Methodist
2026,138,Champ. Round 1,Christina Jaen,Life,fall,Fall 1:40,Lisa Hoeflich,Hastings
2026,138,Champ. Round 1,Makayla Correa,Southern Oregon,fall,Fall 4:12,Serenity De La Garza,Missouri Valley
2026,138,Champ. Round 1,Samantha Barragan,Texas Wesleyan,fall,Fall 4:25,Lexi Ritchie,Lindsey Wilson
2026,138,Champ. Round 1,Zaynah McBryde,Life,tech fall,TF 10-0,Ruth Jimenez,Cumberlands
2026,145,1st Place Match,Jamilah McBryde,Life,decision,Dec 9-6,Jordan Suarez,Wayland Baptist
2026,145,3rd Place Match,Kori Campbell,Lindsey Wilson,decision,Dec 2-1,Holland Wieber,Southern Oregon
2026,145,5th Place Match,Madison Diaz,Grand View,decision,Dec 4-0,Brooke-Lynn Rush,Missouri Valley
2026,145,7th Place Match,Hayden Newberg,Indiana Tech,tech fall,TF 16-4,Maggie Ortmann,Missouri Baptist
2026,145,Cons. Semi,Holland Wieber,Southern Oregon,fall,Fall 0:41,Madison Diaz,Grand View
2026,145,Cons. Semi,Kori Campbell,Lindsey Wilson,tech fall,TF 10-0,Brooke-Lynn Rush,Missouri Valley
2026,145,Cons. Round 5,Madison Diaz,Grand View,decision,Dec 9-1,Maggie Ortmann,Missouri Baptist
2026,145,Cons. Round 5,Brooke-Lynn Rush,Missouri Valley,fall,Fall 5:10,Hayden Newberg,Indiana Tech
2026,145,Semifinal,Jordan Suarez,Wayland Baptist,fall,Fall 5:01,Kori Campbell,Lindsey Wilson
2026,145,Semifinal,Jamilah McBryde,Life,decision,Dec 4-3,Holland Wieber,Southern Oregon
2026,145,Cons. Round 4,Maggie Ortmann,Missouri Baptist,fall,Fall 1:46,Genesis Gilmore,Cumberlands
2026,145,Cons. Round 4,Madison Diaz,Grand View,fall,Fall 0:27,Elise Twait,Providence
2026,145,Cons. Round 4,Hayden Newberg,Indiana Tech,decision,Dec 5-2,Sarina Bertram,Missouri Valley
2026,145,Cons. Round 4,Brooke-Lynn Rush,Missouri Valley,decision,Dec 3-2,Gabriella Perez,Campbellsville
2026,145,Cons. Round 3,Maggie Ortmann,Missouri Baptist,fall,Fall 1:59,Amelia Fawcett,Life
2026,145,Cons. Round 3,Elise Twait,Providence,decision,Dec 4-1,Veil Foreman,Eastern Oregon
2026,145,Cons. Round 3,Hayden Newberg,Indiana Tech,fall,Fall 4:45,Naida Abdijanovic,William Penn
2026,145,Cons. Round 3,Brooke-Lynn Rush,Missouri Valley,decision,Dec 9-3,Emma Stice,Hastings
2026,145,Quarterfinal,Jordan Suarez,Wayland Baptist,tech fall,TF 12-0,Madison Diaz,Grand View
2026,145,Quarterfinal,Kori Campbell,Lindsey Wilson,decision,Dec 5-3,Genesis Gilmore,Cumberlands
2026,145,Quarterfinal,Holland Wieber,Southern Oregon,decision,Dec 5-3,Gabriella Perez,Campbellsville
2026,145,Quarterfinal,Jamilah McBryde,Life,tech fall,TF 10-0,Sarina Bertram,Missouri Valley
2026,145,Cons. Round 2,Maggie Ortmann,Missouri Baptist,decision,Dec 6-2,Bridgette Sotomayor,Doane
2026,145,Cons. Round 2,Amelia Fawcett,Life,fall,Fall 2:26,Alexis Means,Friends
2026,145,Cons. Round 2,Veil Foreman,Eastern Oregon,fall,Fall 3:32,Corin Lowe,Oklahoma City
2026,145,Cons. Round 2,Hayden Newberg,Indiana Tech,tech fall,TF 10-0,Niah Smith,Waldorf
2026,145,Cons. Round 2,Brooke-Lynn Rush,Missouri Valley,tech fall,TF 10-0,Alyvia Ming,Cumberlands
2026,145,Champ. Round 2,Jordan Suarez,Wayland Baptist,fall,Fall 1:57,Emma Stice,Hastings
2026,145,Champ. Round 2,Madison Diaz,Grand View,decision,Dec 6-4,Brooke-Lynn Rush,Missouri Valley
2026,145,Champ. Round 2,Kori Campbell,Lindsey Wilson,fall,Fall 1:57,Niah Smith,Waldorf
2026,145,Champ. Round 2,Genesis Gilmore,Cumberlands,decision,Dec 6-4,Naida Abdijanovic,William Penn
2026,145,Champ. Round 2,Gabriella Perez,Campbellsville,decision,Dec 10-3,Elise Twait,Providence
2026,145,Champ. Round 2,Holland Wieber,Southern Oregon,decision,Dec 4-0,Veil Foreman,Eastern Oregon
2026,145,Champ. Round 2,Sarina Bertram,Missouri Valley,tech fall,TF 10-0,Alexis Means,Friends
2026,145,Champ. Round 2,Jamilah McBryde,Life,tech fall,TF 10-0,Maggie Ortmann,Missouri Baptist
2026,145,Champ. Round 1,Jordan Suarez,Wayland Baptist,tech fall,TF 11-0,Bridgette Sotomayor,Doane
2026,145,Champ. Round 1,Madison Diaz,Grand View,decision,Dec 10-9,Amelia Fawcett,Life
2026,145,Champ. Round 1,Niah Smith,Waldorf,decision,Dec 9-4,Corin Lowe,Oklahoma City
2026,145,Champ. Round 1,Holland Wieber,Southern Oregon,decision,Dec 6-4,Hayden Newberg,Indiana Tech
2026,145,Champ. Round 1,Alexis Means,Friends,fall,Fall 3:59,Alyvia Ming,Cumberlands
2026,160,1st Place Match,Mercy Adekuoroye,Wayland Baptist,decision,Dec 6-3,Shannon Workinger,Evergreen State
2026,160,3rd Place Match,Latifah McBryde,Life,fall,Fall 2:44,Vida Boskovic,Southern Oregon
2026,160,5th Place Match,Bo Geibe,Indiana Tech,decision,Dec 8-2,Hailey Sutton,Providence
2026,160,7th Place Match,Micah Fisher-Miller,Cumberlands,fall,Fall 2:00,Darby Weidl,Ottawa
2026,160,Cons. Semi,Vida Boskovic,Southern Oregon,fall,Fall 1:16,Bo Geibe,Indiana Tech
2026,160,Cons. Semi,Latifah McBryde,Life,tech fall,TF 10-0,Hailey Sutton,Providence
2026,160,Cons. Round 5,Vida Boskovic,Southern Oregon,decision,Dec 9-7,Darby Weidl,Ottawa
2026,160,Cons. Round 5,Hailey Sutton,Providence,decision,Dec 8-0,Micah Fisher-Miller,Cumberlands
2026,160,Semifinal,Mercy Adekuoroye,Wayland Baptist,decision,Dec 8-6,Latifah McBryde,Life
2026,160,Semifinal,Shannon Workinger,Evergreen State,decision,Dec 7-4,Bo Geibe,Indiana Tech
2026,160,Cons. Round 4,Vida Boskovic,Southern Oregon,fall,Fall 1:08,Aspen Dodge,Providence
2026,160,Cons. Round 4,Darby Weidl,Ottawa,tech fall,TF 11-0,Mohagany Casel,Wayland Baptist
2026,160,Cons. Round 4,Hailey Sutton,Providence,decision,Dec 10-2,Sierra Mefford,Cumberlands
2026,160,Cons. Round 4,Micah Fisher-Miller,Cumberlands,fall,Fall 4:39,Allyssa Johnson,Central Methodist
2026,160,Cons. Round 3,Vida Boskovic,Southern Oregon,fall,Fall 2:33,Makayla Munoz,Oklahoma City
2026,160,Cons. Round 3,Mohagany Casel,Wayland Baptist,decision,Dec 6-1,Kylee Tait,Campbellsville
2026,160,Cons. Round 3,Sierra Mefford,Cumberlands,decision,Dec 9-1,Ja`Nya Banks,Midland
2026,160,Cons. Round 3,Micah Fisher-Miller,Cumberlands,fall,Fall 0:57,Berlyn Davis,Westcliff
2026,160,Quarterfinal,Latifah McBryde,Life,decision,Dec 9-0,Darby Weidl,Ottawa
2026,160,Quarterfinal,Mercy Adekuoroye,Wayland Baptist,fall,Fall 1:14,Aspen Dodge,Providence
2026,160,Quarterfinal,Bo Geibe,Indiana Tech,decision,Dec 9-3,Allyssa Johnson,Central Methodist
2026,160,Quarterfinal,Shannon Workinger,Evergreen State,decision,Dec 9-0,Hailey Sutton,Providence
2026,160,Cons. Round 2,Vida Boskovic,Southern Oregon,decision,Dec 5-3,Quilaztli Miguel-Lapham,Southern Oregon
2026,160,Cons. Round 2,Makayla Munoz,Oklahoma City,fall,Fall 4:50,Maria Slaughter,Missouri Valley
2026,160,Cons. Round 2,Mohagany Casel,Wayland Baptist,decision,Dec 4-2,Jayla Ford,Hastings
2026,160,Cons. Round 2,Sierra Mefford,Cumberlands,decision,Dec 6-3,Hailee Crosland,Baker
2026,160,Cons. Round 2,Micah Fisher-Miller,Cumberlands,fall,Fall 1:08,Nicole Olson,Grand View
2026,160,Cons. Round 2,Berlyn Davis,Westcliff,fall,Fall 2:34,Justice Thomas,Ottawa
2026,160,Champ. Round 2,Latifah McBryde,Life,fall,Fall 1:03,Berlyn Davis,Westcliff
2026,160,Champ. Round 2,Darby Weidl,Ottawa,decision,Dec 11-5,Micah Fisher-Miller,Cumberlands
2026,160,Champ. Round 2,Aspen Dodge,Providence,fall,Fall 4:32,Ja`Nya Banks,Midland
2026,160,Champ. Round 2,Mercy Adekuoroye,Wayland Baptist,tech fall,TF 10-0,Hailee Crosland,Baker
2026,160,Champ. Round 2,Allyssa Johnson,Central Methodist,decision,Dec 5-2,Mohagany Casel,Wayland Baptist
2026,160,Champ. Round 2,Bo Geibe,Indiana Tech,tech fall,TF 10-0,Kylee Tait,Campbellsville
2026,160,Champ. Round 2,Hailey Sutton,Providence,decision,Dec 9-2,Maria Slaughter,Missouri Valley
2026,160,Champ. Round 2,Shannon Workinger,Evergreen State,tech fall,TF 10-0,Vida Boskovic,Southern Oregon
2026,160,Champ. Round 1,Latifah McBryde,Life,tech fall,TF 11-0,Quilaztli Miguel-Lapham,Southern Oregon
2026,160,Champ. Round 1,Darby Weidl,Ottawa,tech fall,TF 10-0,Makayla Munoz,Oklahoma City
2026,160,Champ. Round 1,Hailee Crosland,Baker,fall,Fall 1:47,Jayla Ford,Hastings
2026,160,Champ. Round 1,Mohagany Casel,Wayland Baptist,decision,Dec 6-2,Sierra Mefford,Cumberlands
2026,160,Champ. Round 1,Maria Slaughter,Missouri Valley,fall,Fall 0:46,Nicole Olson,Grand View
2026,160,Champ. Round 1,Vida Boskovic,Southern Oregon,fall,Fall 0:45,Justice Thomas,Ottawa
2026,180,1st Place Match,Piper Fowler,William Penn,fall,Fall 1:09,Andjela Prijovic,Grand View
2026,180,3rd Place Match,Reka Busa,Life,decision,Dec 6-0,Kathryn Hingano,Southern Oregon
2026,180,5th Place Match,Siara Arrington,Ottawa,decision,Dec 5-0,Hannah Jackson,Ottawa
2026,180,7th Place Match,Saiheron Preciado-Meza,Cumberlands,fall,Fall 1:38,Autumn Perez,Missouri Valley
2026,180,Cons. Semi,Kathryn Hingano,Southern Oregon,fall,Fall 4:11,Siara Arrington,Ottawa
2026,180,Cons. Semi,Reka Busa,Life,tech fall,TF 10-0,Hannah Jackson,Ottawa
2026,180,Cons. Round 5,Siara Arrington,Ottawa,decision,Dec 8-6,Saiheron Preciado-Meza,Cumberlands
2026,180,Cons. Round 5,Hannah Jackson,Ottawa,decision,Dec 5-2,Autumn Perez,Missouri Valley
2026,180,Semifinal,Piper Fowler,William Penn,fall,Fall 2:30,Reka Busa,Life
2026,180,Semifinal,Andjela Prijovic,Grand View,tech fall,TF 12-1,Kathryn Hingano,Southern Oregon
2026,180,Cons. Round 4,Siara Arrington,Ottawa,decision,Dec 5-0,Diara Pomares,William Penn
2026,180,Cons. Round 4,Saiheron Preciado-Meza,Cumberlands,tech fall,TF 11-0,Margaret Jordan,Baker
2026,180,Cons. Round 4,Autumn Perez,Missouri Valley,fall,Fall 2:02,Ambre Chevreau,Wayland Baptist
2026,180,Cons. Round 4,Hannah Jackson,Ottawa,decision,Dec 5-0,Katelyn Lewis,Lindsey Wilson
2026,180,Cons. Round 3,Diara Pomares,William Penn,decision,Dec 6-1,Kassidy Sigda,Providence
2026,180,Cons. Round 3,Margaret Jordan,Baker,fall,Fall 0:52,Abby Piper,William Woods
2026,180,Cons. Round 3,Autumn Perez,Missouri Valley,fall,Fall 1:07,Bailee Nelson,Friends
2026,180,Cons. Round 3,Katelyn Lewis,Lindsey Wilson,fall,Fall 3:48,Payton Sholander,Wayland Baptist
2026,180,Quarterfinal,Reka Busa,Life,fall,Fall 4:03,Saiheron Preciado-Meza,Cumberlands
2026,180,Quarterfinal,Piper Fowler,William Penn,fall,Fall 1:53,Siara Arrington,Ottawa
2026,180,Quarterfinal,Andjela Prijovic,Grand View,decision,Dec 5-2,Hannah Jackson,Ottawa
2026,180,Quarterfinal,Kathryn Hingano,Southern Oregon,fall,Fall 0:40,Ambre Chevreau,Wayland Baptist
2026,180,Cons. Round 2,Margaret Jordan,Baker,decision,Dec 1-1,Johanna Carrasco,Baker
2026,180,Cons. Round 2,Autumn Perez,Missouri Valley,fall,Fall 2:22,Kenlee Fish,Missouri Baptist
2026,180,Cons. Round 2,Payton Sholander,Wayland Baptist,fall,Fall 1:11,Yazmin Belk,Doane
2026,180,Champ. Round 2,Reka Busa,Life,fall,Fall 0:44,Payton Sholander,Wayland Baptist
2026,180,Champ. Round 2,Saiheron Preciado-Meza,Cumberlands,decision,Dec 3-1,Katelyn Lewis,Lindsey Wilson
2026,180,Champ. Round 2,Siara Arrington,Ottawa,decision,Dec 6-3,Kenlee Fish,Missouri Baptist
2026,180,Champ. Round 2,Piper Fowler,William Penn,fall,Fall 1:46,Bailee Nelson,Friends
2026,180,Champ. Round 2,Hannah Jackson,Ottawa,decision,Dec 8-2,Abby Piper,William Woods
2026,180,Champ. Round 2,Andjela Prijovic,Grand View,tech fall,TF 11-0,Johanna Carrasco,Baker
2026,180,Champ. Round 2,Ambre Chevreau,Wayland Baptist,tech fall,TF 10-0,Kassidy Sigda,Providence
2026,180,Champ. Round 2,Kathryn Hingano,Southern Oregon,decision,Dec 4-3,Diara Pomares,William Penn
2026,180,Champ. Round 1,Siara Arrington,Ottawa,fall,Fall 2:24,Margaret Jordan,Baker
2026,180,Champ. Round 1,Andjela Prijovic,Grand View,fall,Fall 4:11,Autumn Perez,Missouri Valley
2026,180,Champ. Round 1,Kathryn Hingano,Southern Oregon,fall,Fall 1:10,Yazmin Belk,Doane
2026,207,1st Place Match,Lillian Gradillas-Flores,Southern Oregon,decision,Dec 2-1,Haley Ward,Avila
2026,207,3rd Place Match,Leilani Sanchez,Wayland Baptist,fall,Fall 0:56,Carla Campos,Texas Wesleyan
2026,207,5th Place Match,Selena Mares,Grand View,fall,Fall 3:33,Madeline Welch,Life
2026,207,7th Place Match,Kylee Lindsley,Ottawa,fall,Fall 5:57,Hayeni Costa,Lindsey Wilson
2026,207,Cons. Semi,Leilani Sanchez,Wayland Baptist,fall,Fall 5:26,Selena Mares,Grand View
2026,207,Cons. Semi,Carla Campos,Texas Wesleyan,decision,Dec 4-2,Madeline Welch,Life
2026,207,Cons. Round 5,Leilani Sanchez,Wayland Baptist,fall,Fall 2:20,Kylee Lindsley,Ottawa
2026,207,Cons. Round 5,Madeline Welch,Life,decision,Dec 5-4,Hayeni Costa,Lindsey Wilson
2026,207,Semifinal,Lillian Gradillas-Flores,Southern Oregon,tech fall,TF 12-1,Carla Campos,Texas Wesleyan
2026,207,Semifinal,Haley Ward,Avila,decision,Dec 3-2,Selena Mares,Grand View
2026,207,Cons. Round 4,Kylee Lindsley,Ottawa,fall,Fall 1:00,Kena Leonard,Ottawa
2026,207,Cons. Round 4,Leilani Sanchez,Wayland Baptist,fall,Fall 5:35,Faith Wooley,Wayland Baptist
2026,207,Cons. Round 4,Hayeni Costa,Lindsey Wilson,decision,Dec 13-8,Naomi Duenas,Cumberlands
2026,207,Cons. Round 4,Madeline Welch,Life,decision,Dec 11-2,Phoebe Burt,William Penn
2026,207,Cons. Round 3,Kylee Lindsley,Ottawa,fall,Fall 3:57,Madeleine Stone,Baker
2026,207,Cons. Round 3,Faith Wooley,Wayland Baptist,fall,Fall 1:21,Kiona Michel,Eastern Oregon
2026,207,Cons. Round 3,Hayeni Costa,Lindsey Wilson,decision,Dec 6-2,Jessica Rodriguez,Doane
2026,207,Cons. Round 3,Phoebe Burt,William Penn,decision,Dec 2-1,Cheyenne Cruce,Lindsey Wilson
2026,207,Quarterfinal,Lillian Gradillas-Flores,Southern Oregon,fall,Fall 5:08,Leilani Sanchez,Wayland Baptist
2026,207,Quarterfinal,Carla Campos,Texas Wesleyan,decision,Dec 5-3,Kena Leonard,Ottawa
2026,207,Quarterfinal,Selena Mares,Grand View,fall,Fall 1:21,Madeline Welch,Life
2026,207,Quarterfinal,Haley Ward,Avila,fall,Fall 2:31,Naomi Duenas,Cumberlands
2026,207,Cons. Round 2,Kylee Lindsley,Ottawa,fall,Fall 2:07,Destiny Marquez,Cumberlands
2026,207,Cons. Round 2,Faith Wooley,Wayland Baptist,fall,Fall 1:59,Skyler Bruno,Waldorf
2026,207,Cons. Round 2,Kiona Michel,Eastern Oregon,fall,Fall 4:13,Taylor Rickley,Hastings
2026,207,Cons. Round 2,Hayeni Costa,Lindsey Wilson,tech fall,TF 12-2,Fernanda Canedo,Westcliff
2026,207,Cons. Round 2,Cheyenne Cruce,Lindsey Wilson,tech fall,TF 11-0,Alexis Llamas,Hastings
2026,207,Champ. Round 2,Lillian Gradillas-Flores,Southern Oregon,fall,Fall 4:53,Cheyenne Cruce,Lindsey Wilson
2026,207,Champ. Round 2,Leilani Sanchez,Wayland Baptist,fall,Fall 5:13,Phoebe Burt,William Penn
2026,207,Champ. Round 2,Kena Leonard,Ottawa,decision,Dec 6-1,Jessica Rodriguez,Doane
2026,207,Champ. Round 2,Carla Campos,Texas Wesleyan,tech fall,TF 11-1,Fernanda Canedo,Westcliff
2026,207,Champ. Round 2,Selena Mares,Grand View,fall,Fall 0:43,Kiona Michel,Eastern Oregon
2026,207,Champ. Round 2,Madeline Welch,Life,fall,Fall 1:40,Faith Wooley,Wayland Baptist
2026,207,Champ. Round 2,Naomi Duenas,Cumberlands,fall,Fall 2:40,Kylee Lindsley,Ottawa
2026,207,Champ. Round 2,Haley Ward,Avila,fall,Fall 4:15,Madeleine Stone,Baker
2026,207,Champ. Round 1,Leilani Sanchez,Wayland Baptist,decision,Dec 5-3,Destiny Marquez,Cumberlands
2026,207,Champ. Round 1,Jessica Rodriguez,Doane,fall,Fall 1:56,Skyler Bruno,Waldorf
2026,207,Champ. Round 1,Carla Campos,Texas Wesleyan,tech fall,TF 12-0,Taylor Rickley,Hastings
2026,207,Champ. Round 1,Selena Mares,Grand View,fall,Fall 3:00,Hayeni Costa,Lindsey Wilson
2026,207,Champ. Round 1,Haley Ward,Avila,tech fall,TF 11-0,Alexis Llamas,Hastings
2025,103,Champ. Round 1,Alexis Hatfield,Avila,Dec,7-0,Nayeli Flores Roque,Eastern Oregon
2025,103,Champ. Round 1,Karina Vang,Doane,TF,12-2,Eyvori Jacquez,Saint Mary
2025,103,Champ. Round 1,Katherine Hernandez,Life,Fall,3:18,Morgan Repasky,Montreat
2025,110,Champ. Round 1,Anaya Falcon,Life,Dec,9-2,Rodiah Adeduntan,Lindsey Wilson
2025,110,Champ. Round 1,Hailey Holland,Missouri Valley,TF,10-0,Allison Hancher,Indiana Tech
2025,110,Champ. Round 1,Lita Cruz,Grand View,Fall,0:59,Iby Garcia,Oklahoma City
2025,110,Champ. Round 1,Reagan Thomas,Lindsey Wilson,Dec,4-4,Jenna Gerhardt,Dickinson State
2025,110,Champ. Round 1,Tristan Nitta,Grand View,Fall,2:00,Sarah Pineda,Missouri Valley
2025,117,Champ. Round 1,Shammilka Miranda,Cumberlands,Dec,6-0,Marissa Kurtz,Southern Oregon
2025,117,Champ. Round 1,Jasmine Howard,Southern Oregon,TF,10-0,Larhae Whaley,Dickinson State
2025,117,Champ. Round 1,Katherine Heath,Baker,TF,15-2,Kendall Martin,Ottawa
2025,124,Champ. Round 1,Cristelle Rodriguez,Doane,Fall,1:12,Presley Anderson,Cumberlands
2025,124,Champ. Round 1,Kamilah Brooks,Lindsey Wilson,TF,10-0,Kaylee Annis,Southern Oregon
2025,124,Champ. Round 1,Rose Kaplan,Indiana Tech,TF,12-1,Ariana Martinez,Life
2025,124,Champ. Round 1,Jasmina Immaeva,Missouri Valley,TF,15-4,Jill High,York
2025,124,Champ. Round 1,Joanna Vanderwood,William Penn,TF,10-0,Kadence Beck,Eastern Oregon
2025,124,Champ. Round 1,Anna Krejsa,Life,Fall,2:18,Sydney Bridenstine,Lindsey Wilson
2025,124,Champ. Round 1,Alyssa Randles,Providence,Dec,8-1,Malia Welch,Southern Oregon
2025,124,Champ. Round 1,Ellabelle Taylor,Evergreen State,Dec,6-2,Emily Paulino,Midland
2025,124,Champ. Round 1,Katie Gomez,Cumberlands,TF,10-0,Chloe Herrick,Missouri Baptist
2025,131,Champ. Round 1,Ashlee Palimoo,Doane,Dec,4-2,Annabelle Suto,Cumberlands
2025,131,Champ. Round 1,Jumoke Adekoye,Dickinson State,TF,11-0,Nicole Redmond,Avila
2025,131,Champ. Round 1,Larissa Kaz,Hastings,TF,10-0,Andrea Hernandez,Indiana Tech
2025,131,Champ. Round 1,Sarah Savidge,Life,TF,10-0,Keera Lacock,Dakota Wesleyan
2025,131,Champ. Round 1,Xochitl Mota-Pettis,Missouri Valley,TF,10-0,Keira Nartatez,Midland
2025,131,Champ. Round 1,Olivia Mottley,Life,TF,11-0,Destiny Campbell,Oklahoma City
2025,131,Champ. Round 1,Mary Jane Porter,Cumberlands,Fall,4:01,Emma Truex,Ottawa
2025,138,Champ. Round 1,Gabriella Perez,Campbellsville,Dec,9-1,Lilly Gough,Central Methodist
2025,138,Champ. Round 1,Kendall Bostelman,William Penn,Fall,0:30,Tabitha Wood,Hastings
2025,138,Champ. Round 1,Isabelle Hawley,William Penn,Fall,0:29,Jaclyn Riedinger,Avila
2025,138,Champ. Round 1,Serenity De La Garza,Missouri Valley,TF,10-0,Livia Swift,Ottawa
2025,145,Champ. Round 1,Jamilah McBryde,Life,Fall,1:05,Holland Wieber,Southern Oregon
2025,145,Champ. Round 1,Lisa Hoeflich,Hastings,Dec,7-2,Makena Schramm,Midland
2025,145,Champ. Round 1,Sevreign Aumua,Missouri Valley,TF,12-0,Aevri Ciha,Doane
2025,145,Champ. Round 1,Esther Kolawole,William Penn,TF,10-0,Alivia Ming,Cumberlands
2025,145,Champ. Round 1,Anastasia Hardin,Missouri Baptist,Fall,3:46,Aniseta Acosta,Missouri Valley
2025,145,Champ. Round 1,Josselinne Campos,Lindsey Wilson,Dec,5-4,Esther Han,Providence
2025,145,Champ. Round 1,Liv Wieber,Eastern Oregon,Fall,2:35,Makayla Munoz,Oklahoma City
2025,160,Champ. Round 1,Abigail Sebesta,Ottawa,Fall,1:04,Isabella Deeds,Hastings
2025,160,Champ. Round 1,Josette Partney,Missouri Baptist,TF,10-0,Mohagany Casel,Wayland Baptist
2025,160,Champ. Round 1,Quilaztli Miguel,Southern Oregon,Fall,2:24,Amelia Frounfelter,Saint Mary
2025,160,Champ. Round 1,Darby Weidl,Ottawa,TF,10-0,Lamia Benn,Doane
2025,180,Champ. Round 1,Saiheron Preciado-Meza,Cumberlands,Fall,2:42,Emma Schreiber,Missouri Baptist
2025,180,Champ. Round 1,Bailey Dennis,Southern Oregon,Dec,10-3,Ella Murphey,Oklahoma City
2025,180,Champ. Round 1,Yazmin Belk,Doane,Fall,2:59,Kaylee Davis,Ottawa
2025,180,Champ. Round 1,America Lopez,William Penn,Fall,3:00,Catherine McNulty,Indiana Tech
2025,180,Champ. Round 1,India Page,Lindsey Wilson,Dec,7-3,Kyree Rubio,Westcliff
2025,207,Champ. Round 1,Olivia Brown,Grand View,Dec,3-0,Brianna Staebler,Campbellsville
2025,207,Champ. Round 1,Hailey Romero,Doane,Fall,1:50,Kena Leonard,Ottawa
2025,207,Champ. Round 1,Bella Porcelli,Grand View,Fall,1:47,Naomi Duenas,Cumberlands
2025,103,Champ. Round 2,Erin Hikiji,Providence,Fall,0:53,Alexis Hatfield,Avila
2025,103,Champ. Round 2,Angelina Casteneda,Cumberlands,Fall,1:47,Devyn Moore,Grand View
2025,103,Champ. Round 2,Judy Sandoval,Grand View,Fall,2:35,Sofia Abramson,Oklahoma City
2025,103,Champ. Round 2,Karina Vang,Doane,Fall,3:35,Olivia Atkins,William Penn
2025,103,Champ. Round 2,Alexis Miller,Oklahoma City,Fall,1:37,Lillian Zapata,William Penn
2025,103,Champ. Round 2,Dutchess King,Cumberlands,TF,10-0,Alanis Serrano-Rios,Waldorf
2025,103,Champ. Round 2,Makayla Young,Indiana Tech,Dec,3-1,Isabella Bocanegra,Providence
2025,103,Champ. Round 2,Katherine Hernandez,Life,Dec,4-4,Malarie Dominguez,Wayland Baptist
2025,110,Champ. Round 2,Anaya Falcon,Life,Fall,2:23,Kayla Shota,Providence
2025,110,Champ. Round 2,Alexsys Jacquez,Saint Mary,TF,13-2,Hailey Holland,Missouri Valley
2025,110,Champ. Round 2,Lita Cruz,Grand View,Fall,1:39,Telsarina Walter,Eastern Oregon
2025,110,Champ. Round 2,Emma Baertlein,Southern Oregon,TF,10-0,Jaden Breeden,Doane
2025,110,Champ. Round 2,Paige Morales,Providence,Fall,1:29,Reagan Thomas,Lindsey Wilson
2025,110,Champ. Round 2,Tehani Soares,Indiana Tech,Dec,6-0,Nia Avelino,Eastern Oregon
2025,110,Champ. Round 2,Tristan Nitta,Grand View,Fall,2:40,Nizhoni Tallman-Olney,Evergreen State
2025,110,Champ. Round 2,Stefana Jelacic,Lourdes,TF,14-2,Aynsley Fink,Ottawa
2025,117,Champ. Round 2,Christianah Ogunsanya,William Penn,TF,12-2,Callie Payton,Lindsey Wilson
2025,117,Champ. Round 2,Shammilka Miranda,Cumberlands,Fall,2:13,Victoria Nunez,Central Methodist
2025,117,Champ. Round 2,Jasmine Howard,Southern Oregon,Fall,0:58,Julia Breeden,Doane
2025,117,Champ. Round 2,Cailin Campbell,Grand View,TF,12-0,Jamesa Robinson,Brewton-Parker
2025,117,Champ. Round 2,Salyna Shotwell,Life,Fall,4:08,Irma Retano,Eastern Oregon
2025,117,Champ. Round 2,Mayangelie Colon Davila,Grand View,TF,10-0,Mora Peterson,Doane
2025,117,Champ. Round 2,Katherine Heath,Baker,TF,12-1,Icart Galumette,Campbellsville
2025,117,Champ. Round 2,Camille Fournier,Texas Wesleyan,Fall,2:25,Alicia Frank,Providence
2025,124,Champ. Round 2,Cristelle Rodriguez,Doane,Fall,0:48,Tess Barnett,Wayland Baptist
2025,124,Champ. Round 2,Kamilah Brooks,Lindsey Wilson,Dec,9-6,Kylie Robledo,Baker
2025,124,Champ. Round 2,Rose Kaplan,Indiana Tech,Dec,8-3,Catherine Steinkamp,William Penn
2025,124,Champ. Round 2,Jasmina Immaeva,Missouri Valley,Dec,9-2,Catharine Campbell,Grand View
2025,124,Champ. Round 2,Joanna Vanderwood,William Penn,TF,10-0,Peyton Hand,Ottawa
2025,124,Champ. Round 2,Maya Davis,Grand View,TF,15-4,Anna Krejsa,Life
2025,124,Champ. Round 2,Ellabelle Taylor,Evergreen State,Dec,10-7,Alyssa Randles,Providence
2025,124,Champ. Round 2,Katie Gomez,Cumberlands,TF,10-0,Isla Baeza,Missouri Valley
2025,124,Cons. Round 1,Malia Welch,Southern Oregon,TF,11-0,Emily Paulino,Midland
2025,131,Champ. Round 2,Carolina Moreno,Southern Oregon,TF,10-0,Cameron Ortiz,Campbellsville
2025,131,Champ. Round 2,Devin Patton,William Penn,TF,10-0,Ashlee Palimoo,Doane
2025,131,Champ. Round 2,Jumoke Adekoye,Dickinson State,TF,10-0,Bryce White,Oklahoma City
2025,131,Champ. Round 2,Sarah Savidge,Life,TF,11-0,Larissa Kaz,Hastings
2025,131,Champ. Round 2,Xochitl Mota-Pettis,Missouri Valley,TF,10-0,Hannah Seitzinger,Indiana Tech
2025,131,Champ. Round 2,Olivia Mottley,Life,Dec,7-1,Paige Respicio,Providence
2025,131,Champ. Round 2,Ashley Whetzal,Missouri Valley,Fall,4:36,Olivia Messerly,Campbellsville
2025,131,Champ. Round 2,Mercy Adekuoroye,Wayland Baptist,TF,10-0,Mary Jane Porter,Cumberlands
2025,131,Cons. Round 1,Andrea Hernandez,Indiana Tech,Fall,1:37,Keera Lacock,Dakota Wesleyan
2025,138,Champ. Round 2,Zaynah McBryde,Life,TF,10-0,Jade Martin,Baker
2025,138,Champ. Round 2,Gabriella Perez,Campbellsville,Fall,5:16,Araya Boday,Saint Mary
2025,138,Champ. Round 2,Samantha Barragan,Texas Wesleyan,Fall,2:19,Kailey Rees,Providence
2025,138,Champ. Round 2,Kendall Bostelman,William Penn,TF,10-0,Natalia Posada,Oklahoma City
2025,138,Champ. Round 2,Jordan Suarez,Wayland Baptist,Fall,5:04,Addison Messerly,Campbellsville
2025,138,Champ. Round 2,Reagen Gallaway,Hastings,TF,12-1,Isabelle Hawley,William Penn
2025,138,Champ. Round 2,Kori Campbell,Lindsey Wilson,Fall,3:31,Gianna Moreno,Friends
2025,138,Champ. Round 2,Waipuilani Estrella-Beauchamp,Providence,Fall,1:56,Serenity De La Garza,Missouri Valley
2025,145,Champ. Round 2,Jamilah McBryde,Life,TF,10-0,Ann Marie Meiman,Jamestown
2025,145,Champ. Round 2,Aspen Dodge,Providence,Fall,5:15,Lexi Ritchie,Lindsey Wilson
2025,145,Champ. Round 2,Krista Warren,Grand View,Fall,2:26,Lisa Hoeflich,Hastings
2025,145,Champ. Round 2,Sevreign Aumua,Missouri Valley,TF,10-0,Naida Abdijanovic,William Penn
2025,145,Champ. Round 2,Esther Kolawole,William Penn,TF,10-0,Berlyn Davis,Westcliff
2025,145,Champ. Round 2,Aubrey Yauger,Texas Wesleyan,Fall,5:26,Anastasia Hardin,Missouri Baptist
2025,145,Champ. Round 2,Josselinne Campos,Lindsey Wilson,Dec,9-9,Emma Stice,Hastings
2025,145,Champ. Round 2,Liv Wieber,Eastern Oregon,Fall,1:50,Bridgette Sotomayor,Doane
2025,160,Champ. Round 2,Latifah McBryde,Life,TF,10-0,Abigail Sebesta,Ottawa
2025,160,Champ. Round 2,Aspen Barber,Doane,Dec,4-1,Hailey Sutton,Providence
2025,160,Champ. Round 2,Josette Partney,Missouri Baptist,Dec,5-1,Emmalee Spurgeon,Grand View
2025,160,Champ. Round 2,Micah Fisher,Cumberlands,Fall,4:35,Taydem Khamjoi,Texas Wesleyan
2025,160,Champ. Round 2,Quilaztli Miguel,Southern Oregon,TF,11-1,Corin Lowe,Oklahoma City
2025,160,Champ. Round 2,Allyssa Johnson,Jamestown,TF,10-0,Alexa Wolf,William Penn
2025,160,Champ. Round 2,Darby Weidl,Ottawa,TF,10-0,Kylee Tait,Campbellsville
2025,160,Champ. Round 2,Flor Parker Borrero,Evergreen State,Fall,0:34,Kiley Hubby,Dickinson State
2025,180,Champ. Round 2,Ashley Lekas,Texas Wesleyan,TF,10-0,Grace Doering,Indiana Tech
2025,180,Champ. Round 2,Saiheron Preciado-Meza,Cumberlands,FF,ff,ff,Friends
2025,180,Champ. Round 2,Liliana Vergara,Campbellsville,Fall,1:04,Nevaeh Wardlow,Baker
2025,180,Champ. Round 2,Bailey Dennis,Southern Oregon,Dec,8-1,Siara Arrington,Ottawa
2025,180,Champ. Round 2,Kelani Corbett,Missouri Valley,TF,11-0,Lillian Gradillas-Flores,Southern Oregon
2025,180,Champ. Round 2,Reka Busa,Life,TF,11-0,Yazmin Belk,Doane
2025,180,Champ. Round 2,Jannell Avila,Baker,Dec,4-0,America Lopez,William Penn
2025,180,Champ. Round 2,India Page,Lindsey Wilson,Fall,1:03,Marissa Patterson,Hastings
2025,207,Champ. Round 2,Olivia Brown,Grand View,Fall,1:46,Leilani Sanchez,Wayland Baptist
2025,207,Champ. Round 2,Hayeni Costa,Lindsey Wilson,Dec,8-0,Skyler Bruno,Waldorf
2025,207,Champ. Round 2,Hannah Jackson,Ottawa,TF,10-0,Taylor Rickley,Hastings
2025,207,Champ. Round 2,Riley Dempewolf,Indiana Tech,Dec,2-1,MaQuoia Bernabe,Cumberlands
2025,207,Champ. Round 2,Savannah Isaac,Life,Fall,0:52,Mariyah Brumley,William Woods
2025,207,Champ. Round 2,Alysse Phillips,Lourdes,Fall,0:52,Hailey Romero,Doane
2025,207,Champ. Round 2,Bella Porcelli,Grand View,Fall,1:47,Grace Todhunter,Jamestown
2025,207,Champ. Round 2,Kathryn Hingano,Southern Oregon,TF,10-0,Abigail Fonseca,Texas Wesleyan
2025,103,Cons. Round 2,Malarie Dominguez,Wayland Baptist,Dec,5-1,Nayeli Flores Roque,Eastern Oregon
2025,103,Cons. Round 2,Eyvori Jacquez,Saint Mary,TF,10-0,Lillian Zapata,William Penn
2025,103,Cons. Round 2,Alexis Hatfield,Avila,Fall,2:24,Morgan Repasky,Montreat
2025,110,Cons. Round 2,Aynsley Fink,Ottawa,Fall,3:52,Rodiah Adeduntan,Lindsey Wilson
2025,110,Cons. Round 2,Nizhoni Tallman-Olney,Evergreen State,Fall,2:56,Allison Hancher,Indiana Tech
2025,110,Cons. Round 2,Nia Avelino,Eastern Oregon,Dec,8-4,Iby Garcia,Oklahoma City
2025,110,Cons. Round 2,Jenna Gerhardt,Dickinson State,TF,10-0,Jaden Breeden,Doane
2025,110,Cons. Round 2,Hailey Holland,Missouri Valley,Fall,2:50,Sarah Pineda,Missouri Valley
2025,117,Cons. Round 2,Icart Galumette,Campbellsville,Dec,16-8,Marissa Kurtz,Southern Oregon
2025,117,Cons. Round 2,Larhae Whaley,Dickinson State,TF,10-0,Mora Peterson,Doane
2025,117,Cons. Round 2,Victoria Nunez,Central Methodist,Fall,4:31,Kendall Martin,Ottawa
2025,124,Cons. Round 2,Presley Anderson,Cumberlands,Dec,12-10,Isla Baeza,Missouri Valley
2025,124,Cons. Round 2,Alyssa Randles,Providence,Dec,10-9,Kaylee Annis,Southern Oregon
2025,124,Cons. Round 2,Ariana Martinez,Life,TF,10-0,Anna Krejsa,Life
2025,124,Cons. Round 2,Peyton Hand,Ottawa,Fall,1:38,Jill High,York
2025,124,Cons. Round 2,Catharine Campbell,Grand View,Fall,1:38,Kadence Beck,Eastern Oregon
2025,124,Cons. Round 2,Catherine Steinkamp,William Penn,TF,10-0,Sydney Bridenstine,Lindsey Wilson
2025,124,Cons. Round 2,Malia Welch,Southern Oregon,TF,10-0,Kylie Robledo,Baker
2025,124,Cons. Round 2,Tess Barnett,Wayland Baptist,Dec,9-0,Chloe Herrick,Missouri Baptist
2025,131,Cons. Round 2,Olivia Messerly,Campbellsville,Dec,11-2,Annabelle Suto,Cumberlands
2025,131,Cons. Round 2,Paige Respicio,Providence,TF,11-0,Nicole Redmond,Avila
2025,131,Cons. Round 2,Andrea Hernandez,Indiana Tech,Fall,1:10,Hannah Seitzinger,Indiana Tech
2025,131,Cons. Round 2,Larissa Kaz,Hastings,Fall,3:38,Keira Nartatez,Midland
2025,131,Cons. Round 2,Destiny Campbell,Oklahoma City,Fall,2:49,Bryce White,Oklahoma City
2025,131,Cons. Round 2,Cameron Ortiz,Campbellsville,Fall,3:53,Emma Truex,Ottawa
2025,138,Cons. Round 2,Lilly Gough,Central Methodist,Dec,6-6,Gianna Moreno,Friends
2025,138,Cons. Round 2,Addison Messerly,Campbellsville,Fall,4:56,Tabitha Wood,Hastings
2025,138,Cons. Round 2,Kailey Rees,Providence,TF,12-0,Jaclyn Riedinger,Avila
2025,138,Cons. Round 2,Livia Swift,Ottawa,Fall,2:26,Jade Martin,Baker
2025,145,Cons. Round 2,Bridgette Sotomayor,Doane,Dec,11-5,Holland Wieber,Southern Oregon
2025,145,Cons. Round 2,Anastasia Hardin,Missouri Baptist,Fall,4:38,Makena Schramm,Midland
2025,145,Cons. Round 2,Berlyn Davis,Westcliff,Fall,1:38,Aevri Ciha,Doane
2025,145,Cons. Round 2,Alivia Ming,Cumberlands,Fall,4:03,Naida Abdijanovic,William Penn
2025,145,Cons. Round 2,Aniseta Acosta,Missouri Valley,TF,11-0,Lisa Hoeflich,Hastings
2025,145,Cons. Round 2,Esther Han,Providence,Fall,4:30,Lexi Ritchie,Lindsey Wilson
2025,145,Cons. Round 2,Ann Marie Meiman,Jamestown,Fall,0:53,Makayla Munoz,Oklahoma City
2025,160,Cons. Round 2,Kiley Hubby,Dickinson State,Dec,9-0,Isabella Deeds,Hastings
2025,160,Cons. Round 2,Alexa Wolf,William Penn,Dec,6-5,Mohagany Casel,Wayland Baptist
2025,160,Cons. Round 2,Taydem Khamjoi,Texas Wesleyan,Fall,1:31,Amelia Frounfelter,Saint Mary
2025,160,Cons. Round 2,Hailey Sutton,Providence,Fall,4:33,Lamia Benn,Doane
2025,180,Cons. Round 2,America Lopez,William Penn,Fall,2:16,Emma Schreiber,Missouri Baptist
2025,180,Cons. Round 2,Lillian Gradillas-Flores,Southern Oregon,TF,13-2,Ella Murphey,Oklahoma City
2025,180,Cons. Round 2,Kaylee Davis,Ottawa,Fall,1:55,Nevaeh Wardlow,Baker
2025,180,Cons. Round 2,Catherine McNulty,Indiana Tech,FF,ff,ff,Friends
2025,180,Cons. Round 2,Grace Doering,Indiana Tech,Fall,3:21,Kyree Rubio,Westcliff
2025,207,Cons. Round 2,Brianna Staebler,Campbellsville,Fall,1:49,Abigail Fonseca,Texas Wesleyan
2025,207,Cons. Round 2,Kena Leonard,Ottawa,Dec,4-2,Taylor Rickley,Hastings
2025,207,Cons. Round 2,Naomi Duenas,Cumberlands,TF,14-2,Skyler Bruno,Waldorf
2025,103,Quarterfinal,Erin Hikiji,Providence,TF,11-0,Angelina Casteneda,Cumberlands
2025,103,Quarterfinal,Judy Sandoval,Grand View,Fall,5:41,Karina Vang,Doane
2025,103,Quarterfinal,Alexis Miller,Oklahoma City,Fall,1:13,Dutchess King,Cumberlands
2025,103,Quarterfinal,Makayla Young,Indiana Tech,Fall,1:53,Katherine Hernandez,Life
2025,110,Quarterfinal,Anaya Falcon,Life,Dec,10-2,Alexsys Jacquez,Saint Mary
2025,110,Quarterfinal,Emma Baertlein,Southern Oregon,Dec,5-2,Lita Cruz,Grand View
2025,110,Quarterfinal,Paige Morales,Providence,Dec,6-4,Tehani Soares,Indiana Tech
2025,110,Quarterfinal,Stefana Jelacic,Lourdes,Dec,7-0,Tristan Nitta,Grand View
2025,117,Quarterfinal,Christianah Ogunsanya,William Penn,TF,10-0,Shammilka Miranda,Cumberlands
2025,117,Quarterfinal,Jasmine Howard,Southern Oregon,Dec,7-0,Cailin Campbell,Grand View
2025,117,Quarterfinal,Salyna Shotwell,Life,Fall,1:25,Mayangelie Colon Davila,Grand View
2025,117,Quarterfinal,Camille Fournier,Texas Wesleyan,Dec,9-4,Katherine Heath,Baker
2025,124,Quarterfinal,Cristelle Rodriguez,Doane,TF,10-0,Kamilah Brooks,Lindsey Wilson
2025,124,Quarterfinal,Jasmina Immaeva,Missouri Valley,Dec,5-3,Rose Kaplan,Indiana Tech
2025,124,Quarterfinal,Joanna Vanderwood,William Penn,TF,11-1,Maya Davis,Grand View
2025,124,Quarterfinal,Katie Gomez,Cumberlands,TF,10-0,Ellabelle Taylor,Evergreen State
2025,131,Quarterfinal,Carolina Moreno,Southern Oregon,TF,10-0,Devin Patton,William Penn
2025,131,Quarterfinal,Jumoke Adekoye,Dickinson State,Fall,3:55,Sarah Savidge,Life
2025,131,Quarterfinal,Xochitl Mota-Pettis,Missouri Valley,TF,12-1,Olivia Mottley,Life
2025,131,Quarterfinal,Mercy Adekuoroye,Wayland Baptist,TF,10-0,Ashley Whetzal,Missouri Valley
2025,138,Quarterfinal,Zaynah McBryde,Life,TF,10-0,Gabriella Perez,Campbellsville
2025,138,Quarterfinal,Samantha Barragan,Texas Wesleyan,TF,13-2,Kendall Bostelman,William Penn
2025,138,Quarterfinal,Reagen Gallaway,Hastings,Dec,4-3,Jordan Suarez,Wayland Baptist
2025,138,Quarterfinal,Waipuilani Estrella-Beauchamp,Providence,Dec,10-4,Kori Campbell,Lindsey Wilson
2025,145,Quarterfinal,Jamilah McBryde,Life,TF,12-0,Aspen Dodge,Providence
2025,145,Quarterfinal,Sevreign Aumua,Missouri Valley,TF,11-0,Krista Warren,Grand View
2025,145,Quarterfinal,Esther Kolawole,William Penn,TF,10-0,Aubrey Yauger,Texas Wesleyan
2025,145,Quarterfinal,Liv Wieber,Eastern Oregon,Dec,5-0,Josselinne Campos,Lindsey Wilson
2025,160,Quarterfinal,Latifah McBryde,Life,TF,10-0,Aspen Barber,Doane
2025,160,Quarterfinal,Josette Partney,Missouri Baptist,Dec,5-1,Micah Fisher,Cumberlands
2025,160,Quarterfinal,Allyssa Johnson,Jamestown,Inj.,4:56,Quilaztli Miguel,Southern Oregon
2025,160,Quarterfinal,Darby Weidl,Ottawa,Dec,13-8,Flor Parker Borrero,Evergreen State
2025,180,Quarterfinal,Ashley Lekas,Texas Wesleyan,TF,11-0,Saiheron Preciado-Meza,Cumberlands
2025,180,Quarterfinal,Liliana Vergara,Campbellsville,Dec,5-0,Bailey Dennis,Southern Oregon
2025,180,Quarterfinal,Kelani Corbett,Missouri Valley,TF,11-0,Reka Busa,Life
2025,180,Quarterfinal,Jannell Avila,Baker,Fall,5:48,India Page,Lindsey Wilson
2025,207,Quarterfinal,Olivia Brown,Grand View,Fall,1:24,Hayeni Costa,Lindsey Wilson
2025,207,Quarterfinal,Riley Dempewolf,Indiana Tech,Dec,2-1,Hannah Jackson,Ottawa
2025,207,Quarterfinal,Savannah Isaac,Life,Fall,3:55,Alysse Phillips,Lourdes
2025,207,Quarterfinal,Kathryn Hingano,Southern Oregon,Fall,4:11,Bella Porcelli,Grand View
2025,103,Cons. Round 3,Malarie Dominguez,Wayland Baptist,Dec,6-0,Isabella Bocanegra,Providence
2025,103,Cons. Round 3,Eyvori Jacquez,Saint Mary,Dec,7-0,Alanis Serrano-Rios,Waldorf
2025,103,Cons. Round 3,Sofia Abramson,Oklahoma City,Dec,10-8,Olivia Atkins,William Penn
2025,103,Cons. Round 3,Alexis Hatfield,Avila,Dec,5-0,Devyn Moore,Grand View
2025,110,Cons. Round 3,Nizhoni Tallman-Olney,Evergreen State,Dec,8-4,Aynsley Fink,Ottawa
2025,110,Cons. Round 3,Reagan Thomas,Lindsey Wilson,Dec,12-3,Nia Avelino,Eastern Oregon
2025,110,Cons. Round 3,Jenna Gerhardt,Dickinson State,Dec,4-3,Telsarina Walter,Eastern Oregon
2025,110,Cons. Round 3,Kayla Shota,Providence,TF,10-0,Hailey Holland,Missouri Valley
2025,117,Cons. Round 3,Icart Galumette,Campbellsville,Fall,2:02,Alicia Frank,Providence
2025,117,Cons. Round 3,Irma Retano,Eastern Oregon,TF,13-2,Larhae Whaley,Dickinson State
2025,117,Cons. Round 3,Jamesa Robinson,Brewton-Parker,Fall,4:31,Julia Breeden,Doane
2025,117,Cons. Round 3,Callie Payton,Lindsey Wilson,TF,10-0,Victoria Nunez,Central Methodist
2025,124,Cons. Round 3,Alyssa Randles,Providence,TF,14-4,Presley Anderson,Cumberlands
2025,124,Cons. Round 3,Ariana Martinez,Life,TF,12-0,Peyton Hand,Ottawa
2025,124,Cons. Round 3,Catharine Campbell,Grand View,Fall,1:02,Catherine Steinkamp,William Penn
2025,124,Cons. Round 3,Malia Welch,Southern Oregon,TF,13-2,Tess Barnett,Wayland Baptist
2025,131,Cons. Round 3,Olivia Messerly,Campbellsville,TF,13-2,Mary Jane Porter,Cumberlands
2025,131,Cons. Round 3,Andrea Hernandez,Indiana Tech,Fall,2:28,Paige Respicio,Providence
2025,131,Cons. Round 3,Larissa Kaz,Hastings,Fall,3:49,Destiny Campbell,Oklahoma City
2025,131,Cons. Round 3,Ashlee Palimoo,Doane,Dec,4-3,Cameron Ortiz,Campbellsville
2025,138,Cons. Round 3,Serenity De La Garza,Missouri Valley,Fall,3:37,Lilly Gough,Central Methodist
2025,138,Cons. Round 3,Isabelle Hawley,William Penn,Fall,2:13,Addison Messerly,Campbellsville
2025,138,Cons. Round 3,Natalia Posada,Oklahoma City,Dec,12-10,Kailey Rees,Providence
2025,138,Cons. Round 3,Livia Swift,Ottawa,Fall,1:51,Araya Boday,Saint Mary
2025,145,Cons. Round 3,Bridgette Sotomayor,Doane,Dec,9-4,Emma Stice,Hastings
2025,145,Cons. Round 3,Anastasia Hardin,Missouri Baptist,Fall,1:53,Berlyn Davis,Westcliff
2025,145,Cons. Round 3,Alivia Ming,Cumberlands,Fall,2:16,Aniseta Acosta,Missouri Valley
2025,145,Cons. Round 3,Esther Han,Providence,Fall,5:53,Ann Marie Meiman,Jamestown
2025,160,Cons. Round 3,Kylee Tait,Campbellsville,Fall,5:36,Kiley Hubby,Dickinson State
2025,160,Cons. Round 3,Alexa Wolf,William Penn,Fall,5:48,Corin Lowe,Oklahoma City
2025,160,Cons. Round 3,Taydem Khamjoi,Texas Wesleyan,TF,12-0,Emmalee Spurgeon,Grand View
2025,160,Cons. Round 3,Abigail Sebesta,Ottawa,Fall,1:10,Hailey Sutton,Providence
2025,180,Cons. Round 3,America Lopez,William Penn,TF,11-0,Marissa Patterson,Hastings
2025,180,Cons. Round 3,Lillian Gradillas-Flores,Southern Oregon,Fall,0:48,Yazmin Belk,Doane
2025,180,Cons. Round 3,Siara Arrington,Ottawa,Fall,1:03,Kaylee Davis,Ottawa
2025,180,Cons. Round 3,Catherine McNulty,Indiana Tech,Dec,2-2,Grace Doering,Indiana Tech
2025,207,Cons. Round 3,Brianna Staebler,Campbellsville,Fall,0:35,Grace Todhunter,Jamestown
2025,207,Cons. Round 3,Mariyah Brumley,William Woods,Fall,0:55,Hailey Romero,Doane
2025,207,Cons. Round 3,MaQuoia Bernabe,Cumberlands,Dec,2-1,Kena Leonard,Ottawa
2025,207,Cons. Round 3,Leilani Sanchez,Wayland Baptist,Fall,4:39,Naomi Duenas,Cumberlands
2025,103,Cons. Round 4,Karina Vang,Doane,Dec,3-3,Malarie Dominguez,Wayland Baptist
2025,103,Cons. Round 4,Angelina Casteneda,Cumberlands,TF,10-0,Eyvori Jacquez,Saint Mary
2025,103,Cons. Round 4,Sofia Abramson,Oklahoma City,Fall,2:15,Katherine Hernandez,Life
2025,103,Cons. Round 4,Alexis Hatfield,Avila,Dec,8-5,Dutchess King,Cumberlands
2025,110,Cons. Round 4,Nizhoni Tallman-Olney,Evergreen State,Dec,6-5,Lita Cruz,Grand View
2025,110,Cons. Round 4,Alexsys Jacquez,Saint Mary,TF,15-4,Reagan Thomas,Lindsey Wilson
2025,110,Cons. Round 4,Tristan Nitta,Grand View,Fall,2:55,Jenna Gerhardt,Dickinson State
2025,110,Cons. Round 4,Tehani Soares,Indiana Tech,Fall,2:07,Kayla Shota,Providence
2025,117,Cons. Round 4,Icart Galumette,Campbellsville,TF,12-2,Cailin Campbell,Grand View
2025,117,Cons. Round 4,Shammilka Miranda,Cumberlands,Fall,0:58,Irma Retano,Eastern Oregon
2025,117,Cons. Round 4,Katherine Heath,Baker,TF,12-2,Jamesa Robinson,Brewton-Parker
2025,117,Cons. Round 4,Mayangelie Colon Davila,Grand View,Fall,3:45,Callie Payton,Lindsey Wilson
2025,124,Cons. Round 4,Rose Kaplan,Indiana Tech,Dec,6-5,Alyssa Randles,Providence
2025,124,Cons. Round 4,Ariana Martinez,Life,DQ,Kamilah,Brooks,Lindsey Wilson
2025,124,Cons. Round 4,Catharine Campbell,Grand View,TF,11-0,Ellabelle Taylor,Evergreen State
2025,124,Cons. Round 4,Maya Davis,Grand View,Fall,2:06,Malia Welch,Southern Oregon
2025,131,Cons. Round 4,Sarah Savidge,Life,Fall,3:52,Olivia Messerly,Campbellsville
2025,131,Cons. Round 4,Devin Patton,William Penn,TF,11-0,Andrea Hernandez,Indiana Tech
2025,131,Cons. Round 4,Larissa Kaz,Hastings,TF,13-2,Ashley Whetzal,Missouri Valley
2025,131,Cons. Round 4,Olivia Mottley,Life,TF,11-0,Ashlee Palimoo,Doane
2025,138,Cons. Round 4,Serenity De La Garza,Missouri Valley,Fall,2:08,Kendall Bostelman,William Penn
2025,138,Cons. Round 4,Isabelle Hawley,William Penn,Dec,2-1,Gabriella Perez,Campbellsville
2025,138,Cons. Round 4,Natalia Posada,Oklahoma City,Dec,6-4,Kori Campbell,Lindsey Wilson
2025,138,Cons. Round 4,Jordan Suarez,Wayland Baptist,Dec,8-4,Livia Swift,Ottawa
2025,145,Cons. Round 4,Bridgette Sotomayor,Doane,Fall,4:41,Krista Warren,Grand View
2025,145,Cons. Round 4,Anastasia Hardin,Missouri Baptist,Fall,5:16,Aspen Dodge,Providence
2025,145,Cons. Round 4,Alivia Ming,Cumberlands,Dec,4-2,Josselinne Campos,Lindsey Wilson
2025,145,Cons. Round 4,Aubrey Yauger,Texas Wesleyan,Dec,5-2,Esther Han,Providence
2025,160,Cons. Round 4,Micah Fisher,Cumberlands,TF,11-0,Kylee Tait,Campbellsville
2025,160,Cons. Round 4,Aspen Barber,Doane,Dec,8-1,Alexa Wolf,William Penn
2025,160,Cons. Round 4,Flor Parker Borrero,Evergreen State,Fall,1:28,Taydem Khamjoi,Texas Wesleyan
2025,160,Cons. Round 4,Abigail Sebesta,Ottawa,Inj.,0:00,Quilaztli Miguel,Southern Oregon
2025,180,Cons. Round 4,America Lopez,William Penn,TF,10-0,Bailey Dennis,Southern Oregon
2025,180,Cons. Round 4,Lillian Gradillas-Flores,Southern Oregon,Dec,7-0,Saiheron Preciado-Meza,Cumberlands
2025,180,Cons. Round 4,India Page,Lindsey Wilson,Fall,1:01,Siara Arrington,Ottawa
2025,180,Cons. Round 4,Reka Busa,Life,Fall,0:26,Catherine McNulty,Indiana Tech
2025,207,Cons. Round 4,Hannah Jackson,Ottawa,Fall,1:05,Brianna Staebler,Campbellsville
2025,207,Cons. Round 4,Mariyah Brumley,William Woods,Fall,2:13,Hayeni Costa,Lindsey Wilson
2025,207,Cons. Round 4,MaQuoia Bernabe,Cumberlands,Fall,3:00,Bella Porcelli,Grand View
2025,207,Cons. Round 4,Alysse Phillips,Lourdes,Fall,5:44,Leilani Sanchez,Wayland Baptist
2025,103,Semifinal,Erin Hikiji,Providence,TF,10-0,Judy Sandoval,Grand View
2025,103,Semifinal,Alexis Miller,Oklahoma City,Fall,2:27,Makayla Young,Indiana Tech
2025,110,Semifinal,Anaya Falcon,Life,Dec,3-1,Emma Baertlein,Southern Oregon
2025,110,Semifinal,Stefana Jelacic,Lourdes,TF,11-1,Paige Morales,Providence
2025,117,Semifinal,Christianah Ogunsanya,William Penn,Dec,11-2,Jasmine Howard,Southern Oregon
2025,117,Semifinal,Salyna Shotwell,Life,Fall,5:07,Camille Fournier,Texas Wesleyan
2025,124,Semifinal,Cristelle Rodriguez,Doane,TF,11-0,Jasmina Immaeva,Missouri Valley
2025,124,Semifinal,Katie Gomez,Cumberlands,Dec,8-2,Joanna Vanderwood,William Penn
2025,131,Semifinal,Jumoke Adekoye,Dickinson State,Dec,3-1,Carolina Moreno,Southern Oregon
2025,131,Semifinal,Xochitl Mota-Pettis,Missouri Valley,Fall,4:42,Mercy Adekuoroye,Wayland Baptist
2025,138,Semifinal,Zaynah McBryde,Life,Dec,8-0,Samantha Barragan,Texas Wesleyan
2025,138,Semifinal,Waipuilani Estrella-Beauchamp,Providence,TF,12-2,Reagen Gallaway,Hastings
2025,145,Semifinal,Jamilah McBryde,Life,TF,14-4,Sevreign Aumua,Missouri Valley
2025,145,Semifinal,Esther Kolawole,William Penn,TF,11-0,Liv Wieber,Eastern Oregon
2025,160,Semifinal,Latifah McBryde,Life,Dec,7-2,Josette Partney,Missouri Baptist
2025,160,Semifinal,Darby Weidl,Ottawa,Fall,5:27,Allyssa Johnson,Jamestown
2025,180,Semifinal,Ashley Lekas,Texas Wesleyan,TF,10-0,Liliana Vergara,Campbellsville
2025,180,Semifinal,Kelani Corbett,Missouri Valley,Fall,3:39,Jannell Avila,Baker
2025,207,Semifinal,Riley Dempewolf,Indiana Tech,Dec,2-1,Olivia Brown,Grand View
2025,207,Semifinal,Savannah Isaac,Life,Dec,7-0,Kathryn Hingano,Southern Oregon
2025,103,Cons. Round 5,Angelina Casteneda,Cumberlands,TF,10-0,Karina Vang,Doane
2025,103,Cons. Round 5,Alexis Hatfield,Avila,Fall,1:59,Sofia Abramson,Oklahoma City
2025,110,Cons. Round 5,Alexsys Jacquez,Saint Mary,TF,11-0,Nizhoni Tallman-Olney,Evergreen State
2025,110,Cons. Round 5,Tehani Soares,Indiana Tech,Dec,3-3,Tristan Nitta,Grand View
2025,117,Cons. Round 5,Shammilka Miranda,Cumberlands,Fall,2:32,Icart Galumette,Campbellsville
2025,117,Cons. Round 5,Mayangelie Colon Davila,Grand View,TF,11-0,Katherine Heath,Baker
2025,124,Cons. Round 5,Rose Kaplan,Indiana Tech,TF,12-0,Ariana Martinez,Life
2025,124,Cons. Round 5,Catharine Campbell,Grand View,Fall,2:59,Maya Davis,Grand View
2025,131,Cons. Round 5,Sarah Savidge,Life,Dec,10-6,Devin Patton,William Penn
2025,131,Cons. Round 5,Olivia Mottley,Life,Dec,5-1,Larissa Kaz,Hastings
2025,138,Cons. Round 5,Serenity De La Garza,Missouri Valley,Fall,0:33,Isabelle Hawley,William Penn
2025,138,Cons. Round 5,Jordan Suarez,Wayland Baptist,Fall,1:47,Natalia Posada,Oklahoma City
2025,145,Cons. Round 5,Bridgette Sotomayor,Doane,DQ,Anastasia,Hardin,Missouri Baptist
2025,145,Cons. Round 5,Aubrey Yauger,Texas Wesleyan,Fall,3:45,Alivia Ming,Cumberlands
2025,160,Cons. Round 5,Micah Fisher,Cumberlands,Fall,2:34,Aspen Barber,Doane
2025,160,Cons. Round 5,Flor Parker Borrero,Evergreen State,Fall,1:31,Abigail Sebesta,Ottawa
2025,180,Cons. Round 5,Lillian Gradillas-Flores,Southern Oregon,Dec,6-0,America Lopez,William Penn
2025,180,Cons. Round 5,India Page,Lindsey Wilson,Fall,2:53,Reka Busa,Life
2025,207,Cons. Round 5,Hannah Jackson,Ottawa,Dec,8-0,Mariyah Brumley,William Woods
2025,207,Cons. Round 5,MaQuoia Bernabe,Cumberlands,Dec,3-0,Alysse Phillips,Lourdes
2025,103,Cons. Semi,Makayla Young,Indiana Tech,FF,Angelina,Casteneda,Cumberlands
2025,103,Cons. Semi,Judy Sandoval,Grand View,TF,12-0,Alexis Hatfield,Avila
2025,110,Cons. Semi,Paige Morales,Providence,TF,10-0,Alexsys Jacquez,Saint Mary
2025,110,Cons. Semi,Tehani Soares,Indiana Tech,Dec,4-2,Emma Baertlein,Southern Oregon
2025,117,Cons. Semi,Shammilka Miranda,Cumberlands,Fall,2:42,Camille Fournier,Texas Wesleyan
2025,117,Cons. Semi,Mayangelie Colon Davila,Grand View,Fall,2:44,Jasmine Howard,Southern Oregon
2025,124,Cons. Semi,Joanna Vanderwood,William Penn,Fall,2:19,Rose Kaplan,Indiana Tech
2025,124,Cons. Semi,Catharine Campbell,Grand View,Dec,8-6,Jasmina Immaeva,Missouri Valley
2025,131,Cons. Semi,Mercy Adekuoroye,Wayland Baptist,Dec,11-5,Sarah Savidge,Life
2025,131,Cons. Semi,Carolina Moreno,Southern Oregon,TF,12-2,Olivia Mottley,Life
2025,138,Cons. Semi,Reagen Gallaway,Hastings,Fall,4:51,Serenity De La Garza,Missouri Valley
2025,138,Cons. Semi,Samantha Barragan,Texas Wesleyan,Dec,9-9,Jordan Suarez,Wayland Baptist
2025,145,Cons. Semi,Liv Wieber,Eastern Oregon,Fall,5:21,Bridgette Sotomayor,Doane
2025,145,Cons. Semi,Sevreign Aumua,Missouri Valley,Fall,2:51,Aubrey Yauger,Texas Wesleyan
2025,160,Cons. Semi,Micah Fisher,Cumberlands,Inj.,4:07,Allyssa Johnson,Jamestown
2025,160,Cons. Semi,Flor Parker Borrero,Evergreen State,Fall,1:36,Josette Partney,Missouri Baptist
2025,180,Cons. Semi,Jannell Avila,Baker,Dec,5-1,Lillian Gradillas-Flores,Southern Oregon
2025,180,Cons. Semi,India Page,Lindsey Wilson,Dec,7-0,Liliana Vergara,Campbellsville
2025,207,Cons. Semi,Hannah Jackson,Ottawa,Fall,3:51,Kathryn Hingano,Southern Oregon
2025,207,Cons. Semi,Olivia Brown,Grand View,Dec,7-0,MaQuoia Bernabe,Cumberlands
2025,103,3rd Place Match,Judy Sandoval,Grand View,Fall,0:39,Makayla Young,Indiana Tech
2025,103,5th Place Match,Alexis Hatfield,Avila,FF,Angelina,Casteneda,Cumberlands
2025,103,7th Place Match,Karina Vang,Doane,Inj.,0:17,Sofia Abramson,Oklahoma City
2025,110,3rd Place Match,Paige Morales,Providence,TF,10-0,Tehani Soares,Indiana Tech
2025,110,5th Place Match,Emma Baertlein,Southern Oregon,Dec,3-0,Alexsys Jacquez,Saint Mary
2025,110,7th Place Match,Tristan Nitta,Grand View,Inj.,6:00,Nizhoni Tallman-Olney,Evergreen State
2025,117,3rd Place Match,Shammilka Miranda,Cumberlands,TF,11-0,Mayangelie Colon Davila,Grand View
2025,117,5th Place Match,Jasmine Howard,Southern Oregon,Dec,7-4,Camille Fournier,Texas Wesleyan
2025,117,7th Place Match,Katherine Heath,Baker,Dec,10-6,Icart Galumette,Campbellsville
2025,124,3rd Place Match,Joanna Vanderwood,William Penn,Dec,5-1,Catharine Campbell,Grand View
2025,124,5th Place Match,Jasmina Immaeva,Missouri Valley,TF,10-0,Rose Kaplan,Indiana Tech
2025,124,7th Place Match,Maya Davis,Grand View,TF,13-2,Ariana Martinez,Life
2025,131,3rd Place Match,Mercy Adekuoroye,Wayland Baptist,Dec,15-6,Carolina Moreno,Southern Oregon
2025,131,5th Place Match,Olivia Mottley,Life,Inj.,0:00,Sarah Savidge,Life
2025,131,7th Place Match,Devin Patton,William Penn,Dec,14-12,Larissa Kaz,Hastings
2025,138,3rd Place Match,Samantha Barragan,Texas Wesleyan,Fall,2:27,Reagen Gallaway,Hastings
2025,138,5th Place Match,Jordan Suarez,Wayland Baptist,Fall,3:33,Serenity De La Garza,Missouri Valley
2025,138,7th Place Match,Isabelle Hawley,William Penn,Fall,1:21,Natalia Posada,Oklahoma City
2025,145,3rd Place Match,Liv Wieber,Eastern Oregon,Fall,2:54,Sevreign Aumua,Missouri Valley
2025,145,5th Place Match,Bridgette Sotomayor,Doane,Fall,4:33,Aubrey Yauger,Texas Wesleyan
2025,145,7th Place Match,Alivia Ming,Cumberlands,DQ,Anastasia,Hardin,Missouri Baptist
2025,160,3rd Place Match,Flor Parker Borrero,Evergreen State,Fall,1:28,Micah Fisher,Cumberlands
2025,160,5th Place Match,Josette Partney,Missouri Baptist,Inj.,0:00,Allyssa Johnson,Jamestown
2025,160,7th Place Match,Aspen Barber,Doane,Fall,2:08,Abigail Sebesta,Ottawa
2025,180,3rd Place Match,Jannell Avila,Baker,Fall,5:23,India Page,Lindsey Wilson
2025,180,5th Place Match,Liliana Vergara,Campbellsville,Fall,0:27,Lillian Gradillas-Flores,Southern Oregon
2025,180,7th Place Match,Reka Busa,Life,Fall,0:43,America Lopez,William Penn
2025,207,3rd Place Match,Olivia Brown,Grand View,Dec,6-0,Hannah Jackson,Ottawa
2025,207,5th Place Match,MaQuoia Bernabe,Cumberlands,Dec,3-1,Kathryn Hingano,Southern Oregon
2025,207,7th Place Match,Mariyah Brumley,William Woods,Fall,0:47,Alysse Phillips,Lourdes
2025,103,1st Place Match,Erin Hikiji,Providence,Dec,8-2,Alexis Miller,Oklahoma City
2025,110,1st Place Match,Stefana Jelacic,Lourdes,Dec,7-2,Anaya Falcon,Life
2025,117,1st Place Match,Christianah Ogunsanya,William Penn,Dec,8-0,Salyna Shotwell,Life
2025,124,1st Place Match,Cristelle Rodriguez,Doane,Dec,5-5,Katie Gomez,Cumberlands
2025,131,1st Place Match,Jumoke Adekoye,Dickinson State,Dec,5-3,Xochitl Mota-Pettis,Missouri Valley
2025,138,1st Place Match,Zaynah McBryde,Life,TF,10-0,Waipuilani Estrella-Beauchamp,Providence
2025,145,1st Place Match,Esther Kolawole,William Penn,Dec,12-5,Jamilah McBryde,Life
2025,160,1st Place Match,Latifah McBryde,Life,Dec,7-2,Darby Weidl,Ottawa
2025,180,1st Place Match,Ashley Lekas,Texas Wesleyan,TF,12-2,Kelani Corbett,Missouri Valley
2025,207,1st Place Match,Savannah Isaac,Life,Dec,4-1,Riley Dempewolf,Indiana Tech
2024,101,Finals,Stefana Jelacic,Lourdes (Ohio),VPO1,12-3,Erin Hikiji,Providence (Mont.)
2024,109,Finals,Mia Palumbo,William Penn (Iowa),VPO1,3-1,Jasmine Howard,Texas Wesleyan
2024,116,Finals,Juliana Diaz,Missouri Baptist,VPO1,7-6,Camille Fournier,Texas Wesleyan
2024,123,Finals,Cristelle Rodriguez,Doane (Neb.),VSU,10-0 1:38,Maya Davis,Grand View (Iowa)
2024,130,Finals,Carolina Moreno,Southern Oregon,VSU,11-0 4:07,Sarah Savidge,Life (Ga.)
2024,136,Finals,Adaugo Nwachukwu,William Penn (Iowa),VFA,2:16 9-2,Zaynah McBryde,Life (Ga.)
2024,143,Finals,Jamilah McBryde,Life (Ga.),VSU,10-0 2:50,Emma Walker,Campbellsville (Ky.)
2024,155,Finals,Caitlyn Davis,Southern Oregon,VPO1,4-2,Latifah McBryde,Life (Ga.)
2024,170,Finals,Ashley Lekas,William Penn (Iowa),VPO1,4-2,Abby McIntyre,Grand View (Iowa)
2024,191,Finals,Tavia Heidelberg-Tillitson,Menlo (Calif.),VPO1,4-3,Joanna Hendricks,Waldorf (Iowa)
2024,101,Semi-Finals,Erin Hikiji,Providence (Mont.),VFA,1:47 10-0,Esther Walker,Midland University (Neb.)
2024,101,Semi-Finals,Stefana Jelacic,Lourdes (Ohio),VSU1,12-1 4:00,Kayla McKinley-Johnson,Menlo (Calif.)
2024,109,Semi-Finals,Mia Palumbo,William Penn (Iowa),VPO1,10-6,Paige Morales,Providence (Mont.)
2024,109,Semi-Finals,Jasmine Howard,Texas Wesleyan,VPO,8-0,Diana Gonzalez,Life (Ga.)
2024,116,Semi-Finals,Juliana Diaz,Missouri Baptist,VPO1,7-4,Katherine Heath,Baker (Kan.)
2024,116,Semi-Finals,Camille Fournier,Texas Wesleyan,VSU1,12-1 3:42,Avery Ashley,Oklahoma City
2024,123,Semi-Finals,Cristelle Rodriguez,Doane (Neb.),VSU,10-0 1:37,Sophia Smith,Oklahoma City
2024,123,Semi-Finals,Maya Davis,Grand View (Iowa),VPO,9-0,Joanna Vanderwood,William Penn (Iowa)
2024,130,Semi-Finals,Carolina Moreno,Southern Oregon,VSU,10-0 3:36,Alysaa Randles,Providence (Mont.)
2024,130,Semi-Finals,Sarah Savidge,Life (Ga.),VPO1,6-4,Janiah Jones,Missouri Baptist
2024,136,Semi-Finals,Adaugo Nwachukwu,William Penn (Iowa),VFA,4:58 16-6,Waipuilani Estrella-Beauchamp,Providence (Mont.)
2024,136,Semi-Finals,Zaynah McBryde,Life (Ga.),DSQ,Andrea,Schlabach,Grand View (Iowa)
2024,143,Semi-Finals,Jamilah McBryde,Life (Ga.),VSU,10-0,Madison Diaz,Grand View (Iowa)
2024,143,Semi-Finals,Emma Walker,Campbellsville (Ky.),VPO1,6-2,Bella Amaro,Southern Oregon
2024,155,Semi-Finals,Caitlyn Davis,Southern Oregon,VSU,13-0 5:34,Flor Parker-Borreo,Evergreen (Wash.)
2024,155,Semi-Finals,Latifah McBryde,Life (Ga.),VSU,10-0 4:24,Liv Wieber,Eastern Oregon
2024,170,Semi-Finals,Abby McIntyre,Grand View (Iowa),VSU,10-0 4:55,Kalila Shrive,Menlo (Calif.)
2024,170,Semi-Finals,Ashley Lekas,William Penn (Iowa),VPO,8-0,Shenita Lawson,Southern Oregon
2024,191,Semi-Finals,Tavia Heidelberg-Tillitson,Menlo (Calif.),VPO1,3-1,MaQuoia Bernabe,Cumberlands (Ky.)
2024,191,Semi-Finals,Joanna Hendricks,Waldorf (Iowa),VPO1,9-4,Lessly Sandoval,St. Mary (Kan.)
2024,101,Quarter-Finals,Erin Hikiji,Providence (Mont.),VSU,10-0 1:03,Riley Banyas,Campbellsville (Ky.)
2024,101,Quarter-Finals,Stefana Jelacic,Lourdes (Ohio),VSU,10-0 0:44,Elizabeth Dosado,Cumberlands (Ky.)
2024,101,Quarter-Finals,Kayla McKinley-Johnson,Menlo (Calif.),VIN,0:03 0-0,Zoe Omura,Midland University (Neb.)
2024,101,Quarter-Finals,Esther Walker,Midland University (Neb.),VPO1,3-1,Alyssa Quezaire,Missouri Baptist
2024,109,Quarter-Finals,Mia Palumbo,William Penn (Iowa),VSU,10-0 2:15,Tristan Nitta,Grand View (Iowa)
2024,109,Quarter-Finals,Diana Gonzalez,Life (Ga.),VPO1,12-7,Alexsys Jacquez,St. Mary (Kan.)
2024,109,Quarter-Finals,Jasmine Howard,Texas Wesleyan,VPO1,10-3,Tehani Soares,Indiana Tech
2024,109,Quarter-Finals,Paige Morales,Providence (Mont.),VPO1,10-4,Emma Baertlein,Southern Oregon
2024,116,Quarter-Finals,Juliana Diaz,Missouri Baptist,VSU,11-0 4:42,Marissa Kurtz,Southern Oregon
2024,116,Quarter-Finals,Avery Ashley,Oklahoma City,VSU,10-0 1:18,Ariana Martinez,Life (Ga.)
2024,116,Quarter-Finals,Camille Fournier,Texas Wesleyan,VPO1,13-5,Icart Galumette,Campbellsville (Ky.)
2024,116,Quarter-Finals,Katherine Heath,Baker (Kan.),VPO1,7-6,Ajayzee Zaballos,Menlo (Calif.)
2024,123,Quarter-Finals,Cristelle Rodriguez,Doane (Neb.),VSU1,12-2 0:43,Catharine Campbell,Grand View (Iowa)
2024,123,Quarter-Finals,Joanna Vanderwood,William Penn (Iowa),VPO1,11-10,Alana Vivas,Menlo (Calif.)
2024,123,Quarter-Finals,Maya Davis,Grand View (Iowa),VPO1,8-4,Emily Paulino,Midland University (Neb.)
2024,123,Quarter-Finals,Sophia Smith,Oklahoma City,VPO,9-0,Anna Krejsa,Life (Ga.)
2024,130,Quarter-Finals,Carolina Moreno,Southern Oregon,VSU,10-0 2:29,Lillian Avalos,Vanguard (Calif.)
2024,130,Quarter-Finals,Sarah Savidge,Life (Ga.),VSU,10-0 2:18,Devin Patton,William Penn (Iowa)
2024,130,Quarter-Finals,Janiah Jones,Missouri Baptist,VPO1,4-2,Louisa Schwab,Menlo (Calif.)
2024,130,Quarter-Finals,Alysaa Randles,Providence (Mont.),VFA,4:10 6-10,Elizabeth Duvall,Texas Wesleyan
2024,136,Quarter-Finals,Adaugo Nwachukwu,William Penn (Iowa),VFA,3:33 8-0,Stephanie Chavez,Menlo (Calif.)
2024,136,Quarter-Finals,Andrea Schlabach,Grand View (Iowa),VFA,3:22 11-1,River Todd,Vanguard (Calif.)
2024,136,Quarter-Finals,Zaynah McBryde,Life (Ga.),VSU,11-0 1:32,Addison Messerly,Campbellsville (Ky.)
2024,136,Quarter-Finals,Waipuilani Estrella-Beauchamp,Providence (Mont.),VPO1,9-3,Tiyahna Askew,Missouri Baptist
2024,143,Quarter-Finals,Jamilah McBryde,Life (Ga.),VSU,11-0 2:09,Micah Fisher,Cumberlands (Ky.)
2024,143,Quarter-Finals,Bella Amaro,Southern Oregon,VPO1,4-3,Mea Mohler,Texas Wesleyan
2024,143,Quarter-Finals,Emma Walker,Campbellsville (Ky.),VPO1,6-5,Krista Warren,Grand View (Iowa)
2024,143,Quarter-Finals,Madison Diaz,Grand View (Iowa),VFA,2:31 6-1,Alexandra Lopez,Menlo (Calif.)
2024,155,Quarter-Finals,Caitlyn Davis,Southern Oregon,VPO1,3-1,Sadie Antoque,Providence (Mont.)
2024,155,Quarter-Finals,Latifah McBryde,Life (Ga.),VSU1,18-5 3:48,Taydem Khamjoi,Texas Wesleyan
2024,155,Quarter-Finals,Liv Wieber,Eastern Oregon,VPO1,3-2,Shannon Workinger,Menlo (Calif.)
2024,155,Quarter-Finals,Flor Parker-Borreo,Evergreen (Wash.),VFA,1:01 4-1,Josette Partney,Missouri Baptist
2024,170,Quarter-Finals,Abby McIntyre,Grand View (Iowa),VFA,0:38 4-0,Maggie Graham,Life (Ga.)
2024,170,Quarter-Finals,Ashley Lekas,William Penn (Iowa),VSU,10-0 1:05,Bo Geibe,Siena Heights (Mich.)
2024,170,Quarter-Finals,Shenita Lawson,Southern Oregon,VFA,2:27 4-0,Faith Macharia,Missouri Baptist
2024,170,Quarter-Finals,Kalila Shrive,Menlo (Calif.),VFA,2:20 8-0,Aalyah Villarreal,Texas Wesleyan
2024,191,Quarter-Finals,Tavia Heidelberg-Tillitson,Menlo (Calif.),VPO1,5-1,Olivia Brown,Grand View (Iowa)
2024,191,Quarter-Finals,Joanna Hendricks,Waldorf (Iowa),VFA,1:11 4-0,Jannell Avila,Baker (Kan.)
2024,191,Quarter-Finals,Lessly Sandoval,St. Mary (Kan.),VFA,1:39 10-6,Marissa Patterson,Hastings (Neb.)
2024,191,Quarter-Finals,MaQuoia Bernabe,Cumberlands (Ky.),VFA,4:11 3-2,Kenisha Jacsaint,Doane (Neb.)
2024,101,Round of 16,Erin Hikiji,Providence (Mont.),VSU,10-0 2:27,Karina Vang,Doane (Neb.)
2024,101,Round of 16,Stefana Jelacic,Lourdes (Ohio),VFA,1:08 5-0,Liana Ferreira,Southern Oregon
2024,101,Round of 16,Kayla McKinley-Johnson,Menlo (Calif.),VSU,10-0 1:57,Sage Beltran,Missouri Valley College
2024,101,Round of 16,Esther Walker,Midland University (Neb.),VSU1,13-3 4:00,Devyn Gomez,Life (Ga.)
2024,101,Round of 16,Alyssa Quezaire,Missouri Baptist,VSU,10-0 6:00,Karly Scott,Southern Oregon
2024,101,Round of 16,Zoe Omura,Midland University (Neb.),VPO1,11-10,Makayla Young,Indiana Tech
2024,101,Round of 16,Elizabeth Dosado,Cumberlands (Ky.),VPO1,8-8,Abbeygael Cabuag,Vanguard (Calif.)
2024,101,Round of 16,Riley Banyas,Campbellsville (Ky.),VPO1,7-5,Audalie Cruz,Wayland Baptist (Texas)
2024,109,Round of 16,Mia Palumbo,William Penn (Iowa),VSU1,13-3 4:23,Angie Dill,Vanguard (Calif.)
2024,109,Round of 16,Alexsys Jacquez,St. Mary (Kan.),VFA,3:36 13-4,Alyssa King,Missouri Baptist
2024,109,Round of 16,Jasmine Howard,Texas Wesleyan,VFA,2:47 9-0,Liv Villanueva,Southern Oregon
2024,109,Round of 16,Paige Morales,Providence (Mont.),VSU,10-0 0:58,Kylee Slyter,Baker (Kan.)
2024,109,Round of 16,Emma Baertlein,Southern Oregon,VSU,10-0 3:20,Valeria Ahumada,Siena Heights (Mich.)
2024,109,Round of 16,Tehani Soares,Indiana Tech,VPO1,12-5,Hailey Holland,Missouri Valley College
2024,109,Round of 16,Diana Gonzalez,Life (Ga.),VPO1,12-3,Nizhoni Tallman,Evergreen (Wash.)
2024,109,Round of 16,Tristan Nitta,Grand View (Iowa),VSU,10-0 1:50,Gabrielle Medeiros,Campbellsville (Ky.)
2024,116,Round of 16,Juliana Diaz,Missouri Baptist,VFA,1:26 10-2,Irma Retano,Eastern Oregon
2024,116,Round of 16,Avery Ashley,Oklahoma City,VSU,11-0 1:17,Addison Saporito,Ottawa (Kan.)
2024,116,Round of 16,Camille Fournier,Texas Wesleyan,VFA,4:27 12-9,Arieana Arias,Providence (Mont.)
2024,116,Round of 16,Katherine Heath,Baker (Kan.),VSU1,12-2 3:34,Emma Jones,Indiana Tech
2024,116,Round of 16,Ajayzee Zaballos,Menlo (Calif.),VSU,10-0 1:21,Jo'Neisha Kennedy,Wayland Baptist (Texas)
2024,116,Round of 16,Icart Galumette,Campbellsville (Ky.),VPO,6-0,Kaylee Annis,Southern Oregon
2024,116,Round of 16,Ariana Martinez,Life (Ga.),VPO1,3-2,Catherine Steinkamp,William Penn (Iowa)
2024,116,Round of 16,Marissa Kurtz,Southern Oregon,VPO1,4-4,Isabelle Asuncion,Providence (Mont.)
2024,123,Round of 16,Cristelle Rodriguez,Doane (Neb.),VSU,10-0 0:51,Loretta Lopez,Vanguard (Calif.)
2024,123,Round of 16,Joanna Vanderwood,William Penn (Iowa),VSU,12-0 3:20,Larissa Kaz,Hastings (Neb.)
2024,123,Round of 16,Maya Davis,Grand View (Iowa),VSU,10-0 5:24,Ellabelle Taylor,Evergreen (Wash.)
2024,123,Round of 16,Anna Krejsa,Life (Ga.),VSU,10-0 6:00,Allison Hynes,Central Methodist (Mo.)
2024,123,Round of 16,Emily Paulino,Midland University (Neb.),VPO1,14-9,Paige Chafin,Eastern Oregon
2024,123,Round of 16,Alana Vivas,Menlo (Calif.),VPO1,6-2,Isabelle Silva,Indiana Tech
2024,123,Round of 16,Catharine Campbell,Grand View (Iowa),VPO,5-0,Haley Narahara,Menlo (Calif.)
2024,130,Round of 16,Carolina Moreno,Southern Oregon,VFA,1:33 6-0,Ellyana Kuzma,Indiana Tech
2024,130,Round of 16,Sarah Savidge,Life (Ga.),VFA,2:53 10-0,Alisha Van Scoy,St. Mary (Kan.)
2024,130,Round of 16,Louisa Schwab,Menlo (Calif.),VFA,3:59 6-1,Olivia Messerly,Campbellsville (Ky.)
2024,130,Round of 16,Alysaa Randles,Providence (Mont.),VSU1,12-2 2:04,Peyton Hand,Ottawa (Kan.)
2024,130,Round of 16,Elizabeth Duvall,Texas Wesleyan,VFA,4:30 10-6,Riley Dalrymple,Life (Ga.)
2024,130,Round of 16,Janiah Jones,Missouri Baptist,VFA,5:02 5-3,Anna Rodriguez,Eastern Oregon
2024,130,Round of 16,Devin Patton,William Penn (Iowa),VSU1,13-3 3:30,Paige Respico,Providence (Mont.)
2024,130,Round of 16,Lillian Avalos,Vanguard (Calif.),VSU,10-0 3:40,Chloe Herrick,Missouri Baptist
2024,101,Round of 32,Erin Hikiji,Providence (Mont.),VFA,0:34 4-0,Teya Garner,William Penn (Iowa)
2024,101,Round of 32,Kayla McKinley-Johnson,Menlo (Calif.),VSU,10-0 0:50,Sofia Abramson,Oklahoma City
2024,101,Round of 32,Alyssa Quezaire,Missouri Baptist,VPO1,5-1,Shanna Morris,Lourdes (Ohio)
2024,109,Round of 32,Alexsys Jacquez,St. Mary (Kan.),VFA,0:34 2-0,Judy Sandoval,Grand View (Iowa)
2024,109,Round of 32,Valeria Ahumada,Siena Heights (Mich.),VPO1,8-6,Rayana Sahagun,Jamestown (N.D.)
2024,109,Round of 32,Tristan Nitta,Grand View (Iowa),VFA,2:51 4-3,Aynsley Fink,Ottawa (Kan.)
2024,116,Round of 32,Avery Ashley,Oklahoma City,VSU,10-0 1:21,Jamesa Robinson,Brewton Parker (Ga.)
2024,116,Round of 32,Irma Retano,Eastern Oregon,VPO1,10-9,Markayla Lottie,Avila (Mo.)
2024,123,Round of 32,Cristelle Rodriguez,Doane (Neb.),VFA,1:59 8-0,Trinity Howard,Montreat (N.C.)
2024,123,Round of 32,Maya Davis,Grand View (Iowa),VFA,4:25 7-0,Carolina Rios,Texas Wesleyan
2024,123,Round of 32,Anna Krejsa,Life (Ga.),VFA,0:37 4-0,Alicia Frank,Providence (Mont.)
2024,123,Round of 32,Emily Paulino,Midland University (Neb.),VFA,2:10 4-0,Josie Davis,Campbellsville (Ky.)
2024,123,Round of 32,Catharine Campbell,Grand View (Iowa),VSU1,13-3 5:38,Cameron Ortiz,Campbellsville (Ky.)
2024,123,Round of 32,Larissa Kaz,Hastings (Neb.),VFA,1:15 2-3,Kaitlin Castro,Cumberlands (Ky.)
2024,130,Round of 32,Carolina Moreno,Southern Oregon,VFA,2:13 6-2,Nonnie Justice,Central Methodist (Mo.)
2024,130,Round of 32,Sarah Savidge,Life (Ga.),VSU,12-0 2:57,Destiny Campbell,Oklahoma City
2024,130,Round of 32,Alysaa Randles,Providence (Mont.),VSU,11-0 4:16,Bryce White,Oklahoma City
2024,130,Round of 32,Elizabeth Duvall,Texas Wesleyan,VFA,2:27 6-0,Erica Grant,Evergreen (Wash.)
2024,130,Round of 32,Olivia Messerly,Campbellsville (Ky.),VFA,0:59 4-0,Madeline Santana,Missouri Valley College
2024,136,Round of 32,Adaugo Nwachukwu,William Penn (Iowa),VFA,0:28 4-0,Angelina Prado,Life (Ga.)
2024,136,Round of 32,Zaynah McBryde,Life (Ga.),VSU,11-0 2:18,Keilani Guillermo,Wayland Baptist (Texas)
2024,136,Round of 32,Waipuilani Estrella-Beauchamp,Providence (Mont.),VSU,10-0 1:05,Carley Anderson,Indiana Tech
2024,136,Round of 32,Lilly Gough,Central Methodist (Mo.),VPO1,10-2,Mattison Parker,Texas Wesleyan
2024,136,Round of 32,Stephanie Chavez,Menlo (Calif.),VPO,7-0,Gabriella Perez,Campbellsville (Ky.)
2024,136,Round of 32,Willow Barnes,Missouri Valley College,VPO1,10-6,Piper Hall,Vanguard (Calif.)
2024,136,Round of 32,Desinee Lopez,Southern Oregon,VSU1,12-2 5:40,Bridgette Sotomayor,Doane (Neb.)
2024,136,Round of 32,Samantha Barragan,Menlo (Calif.),VFA,2:31 8-8,Aniseta Acosta,Missouri Valley College
2024,136,Round of 32,Aileen Lester,Ottawa (Kan.),VFA,1:36 6-0,Natalia Posada,Oklahoma City
2024,143,Round of 32,Desiree Jones,Menlo (Calif.),VPO1,12-9,Marissa Jimenez,Oklahoma City
2024,143,Round of 32,Alexandra Lopez,Menlo (Calif.),VPO1,9-3,Reagen Gallaway,Hastings (Neb.)
2024,143,Round of 32,Bella Amaro,Southern Oregon,VFA,1:26 4-0,Makayla Munoz,Oklahoma City
2024,143,Round of 32,Kailey Rees,Providence (Mont.),VSU,10-0 1:58,Livia Swift,Ottawa (Kan.)
2024,143,Round of 32,Maia Crumb,Indiana Tech,VFA,0:22 2-0,Marish Wahl,Dickinson State (N.D.)
2024,155,Round of 32,Caitlyn Davis,Southern Oregon,VSU,10-0 3:00,Cydney Bassett,Indiana Tech
2024,155,Round of 32,Latifah McBryde,Life (Ga.),VFA,0:41 4-0,Elisa Falcetti,Missouri Valley College
2024,155,Round of 32,Shannon Workinger,Menlo (Calif.),VSU,11-0 4:37,Ariana Pereira,Cumberlands (Ky.)
2024,170,Round of 32,Abby McIntyre,Grand View (Iowa),VFA,1:59 8-2,Siara Arrington,Ottawa (Kan.)
2024,170,Round of 32,Ashley Lekas,William Penn (Iowa),VSU,10-0 0:26,Kaley Rice,Texas Wesleyan
2024,170,Round of 32,Kalila Shrive,Menlo (Calif.),VFA,5:42 10-0,Katelyn Lewis,Providence (Mont.)
2024,101,3rd Place,Kayla McKinley-Johnson,Menlo (Calif.),VFA,5:03 10-8,Esther Walker,Midland University (Neb.)
2024,109,3rd Place,Emma Baertlein,Southern Oregon,VFA,4:31 2-8,Paige Morales,Providence (Mont.)
2024,116,3rd Place,Katherine Heath,Baker (Kan.),VFA,2:08 4-0,Ajayzee Zaballos,Menlo (Calif.)
2024,123,3rd Place,Alana Vivas,Menlo (Calif.),VPO1,8-2,Joanna Vanderwood,William Penn (Iowa)
2024,130,3rd Place,Devin Patton,William Penn (Iowa),VSU,10-0 1:50,Lillian Avalos,Vanguard (Calif.)
2024,136,3rd Place,Waipuilani Estrella-Beauchamp,Providence (Mont.),VFA,3:56 8-4,Tiyahna Askew,Missouri Baptist
2024,143,3rd Place,Bella Amaro,Southern Oregon,VPO1,7-1,Madison Diaz,Grand View (Iowa)
2024,155,3rd Place,Shannon Workinger,Menlo (Calif.),VFA,4:29 9-2,Josette Partney,Missouri Baptist
2024,170,3rd Place,Kalila Shrive,Menlo (Calif.),VPO1,4-2,Shenita Lawson,Southern Oregon
2024,191,3rd Place,Olivia Brown,Grand View (Iowa),VPO1,4-1,MaQuoia Bernabe,Cumberlands (Ky.)
2024,101,5th Place,Liana Ferreira,Southern Oregon,VFA,1:21 2-6,Audalie Cruz,Wayland Baptist (Texas)
2024,109,5th Place,Alexsys Jacquez,St. Mary (Kan.),VFA,1:06 2-4,Diana Gonzalez,Life (Ga.)
2024,116,5th Place,Icart Galumette,Campbellsville (Ky.),VIN,0:00 0-0,Avery Ashley,Oklahoma City
2024,123,5th Place,Sophia Smith,Oklahoma City,VSU,11-0 5:25,Anna Krejsa,Life (Ga.)
2024,130,5th Place,Janiah Jones,Missouri Baptist,VPO,3-0,Alysaa Randles,Providence (Mont.)
2024,143,5th Place,Mea Mohler,Texas Wesleyan,VSU,10-0 0:29,Alexandra Lopez,Menlo (Calif.)
2024,155,5th Place,Liv Wieber,Eastern Oregon,VIN,0:00 0-0,Flor Parker-Borreo,Evergreen (Wash.)
2024,170,5th Place,Bo Geibe,Siena Heights (Mich.),VFA,2:18 4-4,Chamira Cooper,Cumberlands (Ky.)
2024,191,5th Place,Naomi Duenas,Cumberlands (Ky.),VFA,2:04 8-2,Lessly Sandoval,St. Mary (Kan.)
2024,101,7th Place,Makayla Young,Indiana Tech,VSU1,15-4 4:32,Devyn Gomez,Life (Ga.)
2024,109,7th Place,Tehani Soares,Indiana Tech,VPO1,5-2,Tristan Nitta,Grand View (Iowa)
2024,116,7th Place,Marissa Kurtz,Southern Oregon,VFA,1:37 5-2,Ariana Martinez,Life (Ga.)
2024,123,7th Place,Haley Narahara,Menlo (Calif.),VPO1,10-6,Catharine Campbell,Grand View (Iowa)
2024,130,7th Place,Louisa Schwab,Menlo (Calif.),VFA,4:47 6-6,Elizabeth Duvall,Texas Wesleyan
2024,136,7th Place,Stephanie Chavez,Menlo (Calif.),VFA,1:12 3-0,River Todd,Vanguard (Calif.)
2024,143,7th Place,Reagen Gallaway,Hastings (Neb.),VSU1,12-1 3:00,Serenity De La Garza,Missouri Valley College
2024,155,7th Place,Sadie Antoque,Providence (Mont.),VPO,6-0,Kendra Thompson,Campbellsville (Ky.)
2024,170,7th Place,Aalyah Villarreal,Texas Wesleyan,VFA,3:24 10-1,Faith Macharia,Missouri Baptist
2024,191,7th Place,Jannell Avila,Baker (Kan.),VPO1,10-4,Elisa Robinson,Baker (Kan.)
2024,101,Consi-Semis,Kayla McKinley-Johnson,Menlo (Calif.),VPO1,9-4,Liana Ferreira,Southern Oregon
2024,101,Consi-Semis,Esther Walker,Midland University (Neb.),VPO1,12-7,Audalie Cruz,Wayland Baptist (Texas)
2024,109,Consi-Semis,Paige Morales,Providence (Mont.),VPO1,9-7,Alexsys Jacquez,St. Mary (Kan.)
2024,109,Consi-Semis,Emma Baertlein,Southern Oregon,VPO,8-0,Diana Gonzalez,Life (Ga.)
2024,116,Consi-Semis,Ajayzee Zaballos,Menlo (Calif.),VSU,10-0 2:31,Avery Ashley,Oklahoma City
2024,116,Consi-Semis,Katherine Heath,Baker (Kan.),VFA,2:38 8-2,Icart Galumette,Campbellsville (Ky.)
2024,123,Consi-Semis,Joanna Vanderwood,William Penn (Iowa),VPO1,9-4,Anna Krejsa,Life (Ga.)
2024,123,Consi-Semis,Alana Vivas,Menlo (Calif.),VFA,4:12 2-1,Sophia Smith,Oklahoma City
2024,130,Consi-Semis,Devin Patton,William Penn (Iowa),VPO1,10-6,Alysaa Randles,Providence (Mont.)
2024,130,Consi-Semis,Lillian Avalos,Vanguard (Calif.),VPO1,12-11,Janiah Jones,Missouri Baptist
2024,136,Consi-Semis,Waipuilani Estrella-Beauchamp,Providence (Mont.),VFA,2:24 4-1,Gianna Moreno,Friends (Kan.)
2024,143,Consi-Semis,Madison Diaz,Grand View (Iowa),VPO1,6-3,Mea Mohler,Texas Wesleyan
2024,143,Consi-Semis,Bella Amaro,Southern Oregon,VPO1,2-1,Alexandra Lopez,Menlo (Calif.)
2024,155,Consi-Semis,Shannon Workinger,Menlo (Calif.),VPO1,11-6,Flor Parker-Borreo,Evergreen (Wash.)
2024,155,Consi-Semis,Josette Partney,Missouri Baptist,VPO1,10-4,Liv Wieber,Eastern Oregon
2024,170,Consi-Semis,Shenita Lawson,Southern Oregon,VPO1,10-2,Chamira Cooper,Cumberlands (Ky.)
2024,170,Consi-Semis,Kalila Shrive,Menlo (Calif.),VPO1,9-6,Bo Geibe,Siena Heights (Mich.)
2024,191,Consi-Semis,Olivia Brown,Grand View (Iowa),VFA,4:59 10-0,Lessly Sandoval,St. Mary (Kan.)
2024,191,Consi-Semis,MaQuoia Bernabe,Cumberlands (Ky.),VFA,0:52 2-0,Naomi Duenas,Cumberlands (Ky.)
2024,101,Consi of 4,Liana Ferreira,Southern Oregon,VPO1,15-9,Makayla Young,Indiana Tech
2024,101,Consi of 4,Audalie Cruz,Wayland Baptist (Texas),VSU,10-0 1:36,Devyn Gomez,Life (Ga.)
2024,109,Consi of 4,Alexsys Jacquez,St. Mary (Kan.),VPO1,8-4,Tehani Soares,Indiana Tech
2024,109,Consi of 4,Emma Baertlein,Southern Oregon,VPO1,5-4,Tristan Nitta,Grand View (Iowa)
2024,116,Consi of 4,Ajayzee Zaballos,Menlo (Calif.),VPO1,12-5,Marissa Kurtz,Southern Oregon
2024,116,Consi of 4,Icart Galumette,Campbellsville (Ky.),VSU,10-0 2:02,Ariana Martinez,Life (Ga.)
2024,123,Consi of 4,Anna Krejsa,Life (Ga.),VPO1,6-4,Catharine Campbell,Grand View (Iowa)
2024,123,Consi of 4,Alana Vivas,Menlo (Calif.),VPO1,4-1,Haley Narahara,Menlo (Calif.)
2024,130,Consi of 4,Devin Patton,William Penn (Iowa),VFA,0:30 3-1,Louisa Schwab,Menlo (Calif.)
2024,130,Consi of 4,Lillian Avalos,Vanguard (Calif.),VFA,1:54 6-4,Elizabeth Duvall,Texas Wesleyan
2024,136,Consi of 4,Tiyahna Askew,Missouri Baptist,VSU,11-0 5:09,Stephanie Chavez,Menlo (Calif.)
2024,136,Consi of 4,Gianna Moreno,Friends (Kan.),VSU,10-0 0:30,River Todd,Vanguard (Calif.)
2024,143,Consi of 4,Mea Mohler,Texas Wesleyan,VSU1,12-2 1:37,Serenity De La Garza,Missouri Valley College
2024,143,Consi of 4,Alexandra Lopez,Menlo (Calif.),VPO1,9-6,Reagen Gallaway,Hastings (Neb.)
2024,155,Consi of 4,Shannon Workinger,Menlo (Calif.),VPO1,7-4,Kendra Thompson,Campbellsville (Ky.)
2024,155,Consi of 4,Josette Partney,Missouri Baptist,VFA,2:00 4-0,Sadie Antoque,Providence (Mont.)
2024,170,Consi of 4,Chamira Cooper,Cumberlands (Ky.),VSU,10-0 5:05,Aalyah Villarreal,Texas Wesleyan
2024,170,Consi of 4,Bo Geibe,Siena Heights (Mich.),VFA,4:43 14-4,Faith Macharia,Missouri Baptist
2024,191,Consi of 4,Naomi Duenas,Cumberlands (Ky.),VFA,5:42 12-3,Jannell Avila,Baker (Kan.)
2024,191,Consi of 4,Olivia Brown,Grand View (Iowa),VPO1,7-1,Elisa Robinson,Baker (Kan.)
2024,101,Consi of 8 #2,Liana Ferreira,Southern Oregon,VFA,5:46 15-7,Alyssa Quezaire,Missouri Baptist
2024,101,Consi of 8 #2,Makayla Young,Indiana Tech,VPO1,8-1,Riley Banyas,Campbellsville (Ky.)
2024,101,Consi of 8 #2,Devyn Gomez,Life (Ga.),VFA,5:42 10-5,Elizabeth Dosado,Cumberlands (Ky.)
2024,101,Consi of 8 #2,Audalie Cruz,Wayland Baptist (Texas),VIN,4:31 11-6,Zoe Omura,Midland University (Neb.)
2024,109,Consi of 8 #2,Alexsys Jacquez,St. Mary (Kan.),VSU,10-0 2:07,Kylee Slyter,Baker (Kan.)
2024,109,Consi of 8 #2,Emma Baertlein,Southern Oregon,VPO1,5-2,Nizhoni Tallman,Evergreen (Wash.)
2024,109,Consi of 8 #2,Tehani Soares,Indiana Tech,VFA,0:59 4-0,Angie Dill,Vanguard (Calif.)
2024,109,Consi of 8 #2,Tristan Nitta,Grand View (Iowa),VFA,2:39 6-2,Liv Villanueva,Southern Oregon
2024,116,Consi of 8 #2,Ajayzee Zaballos,Menlo (Calif.),VSU,10-0 1:31,Addison Saporito,Ottawa (Kan.)
2024,116,Consi of 8 #2,Icart Galumette,Campbellsville (Ky.),VFA,0:35 2-0,Irma Retano,Eastern Oregon
2024,116,Consi of 8 #2,Ariana Martinez,Life (Ga.),VFA,2:30 4-9,Emma Jones,Indiana Tech
2024,116,Consi of 8 #2,Marissa Kurtz,Southern Oregon,VFA,1:12 5-0,Arieana Arias,Providence (Mont.)
2024,123,Consi of 8 #2,Anna Krejsa,Life (Ga.),VSU1,14-4 1:32,Larissa Kaz,Hastings (Neb.)
2024,123,Consi of 8 #2,Haley Narahara,Menlo (Calif.),VFA,5:15 7-0,Emily Paulino,Midland University (Neb.)
2024,123,Consi of 8 #2,Alana Vivas,Menlo (Calif.),VSU,10-0 5:15,Allison Hynes,Central Methodist (Mo.)
2024,123,Consi of 8 #2,Catharine Campbell,Grand View (Iowa),VSU1,12-2 5:41,Alicia Frank,Providence (Mont.)
2024,130,Consi of 8 #2,Louisa Schwab,Menlo (Calif.),VSU,11-0 4:18,Ellyana Kuzma,Indiana Tech
2024,130,Consi of 8 #2,Elizabeth Duvall,Texas Wesleyan,VPO1,15-6,Paige Respico,Providence (Mont.)
2024,130,Consi of 8 #2,Devin Patton,William Penn (Iowa),VSU,13-0 5:49,Riley Dalrymple,Life (Ga.)
2024,130,Consi of 8 #2,Lillian Avalos,Vanguard (Calif.),VSU,10-0 1:20,Erica Grant,Evergreen (Wash.)
2024,136,Consi of 8 #2,Tiyahna Askew,Missouri Baptist,VPO1,2-1,Desinee Lopez,Southern Oregon
2024,136,Consi of 8 #2,River Todd,Vanguard (Calif.),VPO1,12-8,Mattison Parker,Texas Wesleyan
2024,136,Consi of 8 #2,Gianna Moreno,Friends (Kan.),VFA,0:28 4-0,Addison Messerly,Campbellsville (Ky.)
2024,136,Consi of 8 #2,Stephanie Chavez,Menlo (Calif.),VPO1,7-2,Samantha Barragan,Menlo (Calif.)
2024,143,Consi of 8 #2,Mea Mohler,Texas Wesleyan,VSU,10-0 2:13,Desiree Jones,Menlo (Calif.)
2024,143,Consi of 8 #2,Serenity De La Garza,Missouri Valley College,VPO1,10-7,Krista Warren,Grand View (Iowa)
2024,143,Consi of 8 #2,Alexandra Lopez,Menlo (Calif.),VFA,2:14 10-8,Maia Crumb,Indiana Tech
2024,143,Consi of 8 #2,Reagen Gallaway,Hastings (Neb.),VSU1,13-2 4:16,Micah Fisher,Cumberlands (Ky.)
2024,155,Consi of 8 #2,Shannon Workinger,Menlo (Calif.),VPO,6-0,Leilani Hernandez,Texas Wesleyan
2024,155,Consi of 8 #2,Josette Partney,Missouri Baptist,VPO1,9-7,Aspen Barber,Doane (Neb.)
2024,155,Consi of 8 #2,Kendra Thompson,Campbellsville (Ky.),VFA,5:24 10-2,Taydem Khamjoi,Texas Wesleyan
2024,155,Consi of 8 #2,Sadie Antoque,Providence (Mont.),VPO1,5-1,Anastasia Hardin,Missouri Baptist
2024,170,Consi of 8 #2,Bo Geibe,Siena Heights (Mich.),VSU1,15-2 5:01,Lily El-Masri,Vanguard (Calif.)
2024,170,Consi of 8 #2,Chamira Cooper,Cumberlands (Ky.),VFA,1:23 2-3,Maggie Graham,Life (Ga.)
2024,170,Consi of 8 #2,Faith Macharia,Missouri Baptist,VSU1,17-5 5:09,Kaley Rice,Texas Wesleyan
2024,170,Consi of 8 #2,Aalyah Villarreal,Texas Wesleyan,VFA,4:18 4-10,Victoria Guinard,Hastings (Neb.)
2024,191,Consi of 8 #2,Naomi Duenas,Cumberlands (Ky.),VPO1,9-8,Marissa Patterson,Hastings (Neb.)
2024,191,Consi of 8 #2,Jannell Avila,Baker (Kan.),VPO1,7-7,Andjela Prijovic,Grand View (Iowa)
2024,191,Consi of 8 #2,Olivia Brown,Grand View (Iowa),VPO1,10-1,Samyra Thomas,Jarvis Christian (Texas)
2024,191,Consi of 8 #2,Elisa Robinson,Baker (Kan.),VFA,2:45 7-0,Kenisha Jacsaint,Doane (Neb.)
2024,101,Consi of 8 #1,Makayla Young,Indiana Tech,VSU,10-0 2:06,Sage Beltran,Missouri Valley College
2024,101,Consi of 8 #1,Audalie Cruz,Wayland Baptist (Texas),VSU1,16-6 2:52,Karina Vang,Doane (Neb.)
2024,101,Consi of 8 #1,Liana Ferreira,Southern Oregon,VSU,10-0 4:56,Abbeygael Cabuag,Vanguard (Calif.)
2024,101,Consi of 8 #1,Devyn Gomez,Life (Ga.),VSU1,18-7 5:24,Karly Scott,Southern Oregon
2024,109,Consi of 8 #1,Angie Dill,Vanguard (Calif.),VFA,5:00 9-4,Gabrielle Medeiros,Campbellsville (Ky.)
2024,109,Consi of 8 #1,Kylee Slyter,Baker (Kan.),VSU,10-0 2:06,Valeria Ahumada,Siena Heights (Mich.)
2024,109,Consi of 8 #1,Liv Villanueva,Southern Oregon,VFA,2:06 6-4,Hailey Holland,Missouri Valley College
2024,109,Consi of 8 #1,Nizhoni Tallman,Evergreen (Wash.),VPO1,10-5,Alyssa King,Missouri Baptist
2024,116,Consi of 8 #1,Arieana Arias,Providence (Mont.),VPO1,6-4,Kaylee Annis,Southern Oregon
2024,116,Consi of 8 #1,Irma Retano,Eastern Oregon,VSU,10-0 1:48,Isabelle Asuncion,Providence (Mont.)
2024,116,Consi of 8 #1,Addison Saporito,Ottawa (Kan.),VPO1,4-3,Catherine Steinkamp,William Penn (Iowa)
2024,116,Consi of 8 #1,Emma Jones,Indiana Tech,VFA,2:44 6-2,Jo'Neisha Kennedy,Wayland Baptist (Texas)
2024,123,Consi of 8 #1,Larissa Kaz,Hastings (Neb.),VFA,3:45 11-5,Cameron Ortiz,Campbellsville (Ky.)
2024,123,Consi of 8 #1,Allison Hynes,Central Methodist (Mo.),VSU,10-0 5:22,Carolina Rios,Texas Wesleyan
2024,123,Consi of 8 #1,Haley Narahara,Menlo (Calif.),VSU,10-0 1:17,Loretta Lopez,Vanguard (Calif.)
2024,123,Consi of 8 #1,Alicia Frank,Providence (Mont.),VFA,3:59 12-9,Ellabelle Taylor,Evergreen (Wash.)
2024,130,Consi of 8 #1,Riley Dalrymple,Life (Ga.),VSU,10-0 1:47,Madeline Santana,Missouri Valley College
2024,130,Consi of 8 #1,Erica Grant,Evergreen (Wash.),VFA,4:07 11-16,Olivia Messerly,Campbellsville (Ky.)
2024,130,Consi of 8 #1,Paige Respico,Providence (Mont.),VFA,1:27 10-0,Alisha Van Scoy,St. Mary (Kan.)
2024,130,Consi of 8 #1,Ellyana Kuzma,Indiana Tech,VFA,5:16 8-5,Chloe Herrick,Missouri Baptist
2024,136,Consi of 8 #1,Mattison Parker,Texas Wesleyan,VSU,11-0 4:09,Kaydince Turner,Hastings (Neb.)
2024,136,Consi of 8 #1,Samantha Barragan,Menlo (Calif.),VSU,10-0 3:24,Lilly Gough,Central Methodist (Mo.)
2024,136,Consi of 8 #1,Desinee Lopez,Southern Oregon,VPO1,7-3,Aileen Lester,Ottawa (Kan.)
2024,136,Consi of 8 #1,Gianna Moreno,Friends (Kan.),VSU1,12-2 2:43,Jalynn Patino,Texas Wesleyan
2024,143,Consi of 8 #1,Desiree Jones,Menlo (Calif.),VPO1,4-2,Randie Scoon,Ottawa (Kan.)
2024,143,Consi of 8 #1,Reagen Gallaway,Hastings (Neb.),VSU,10-0 2:50,Marissa Jimenez,Oklahoma City
2024,143,Consi of 8 #1,Serenity De La Garza,Missouri Valley College,VFA,2:29 9-2,Makayla Munoz,Oklahoma City
2024,143,Consi of 8 #1,Maia Crumb,Indiana Tech,VFA,0:33 2-0,Isabelle Hawley,William Penn (Iowa)
2024,155,Consi of 8 #1,Leilani Hernandez,Texas Wesleyan,VFA,1:16 4-0,Presley McCandlish,Oklahoma City
2024,155,Consi of 8 #1,Aspen Barber,Doane (Neb.),VFA,2:19 5-4,Cydney Bassett,Indiana Tech
2024,155,Consi of 8 #1,Anastasia Hardin,Missouri Baptist,VFA,1:31 2-0,Lisa Hoeflich,Hastings (Neb.)
2024,170,Consi of 8 #1,Lily El-Masri,Vanguard (Calif.),VPO1,8-4,Saiheron Preciado-Meza,Cumberlands (Ky.)
2024,170,Consi of 8 #1,Chamira Cooper,Cumberlands (Ky.),VPO,9-0,Gabrielle Holloway,St. Andrews (N.C.)
2024,170,Consi of 8 #1,Kaley Rice,Texas Wesleyan,VFA,1:43 4-2,Jaclyn Daley,Baker (Kan.)
2024,170,Consi of 8 #1,Victoria Guinard,Hastings (Neb.),VFA,4:09 6-2,Payton Curley,Lourdes (Ohio)
2024,191,Consi of 8 #1,Samyra Thomas,Jarvis Christian (Texas),VFA,0:22 4-0,Madeline Welch,Life (Ga.)
2024,191,Consi of 8 #1,Naomi Duenas,Cumberlands (Ky.),VFA,0:49 4-1,Payton Sholander,Wayland Baptist (Texas)
2024,191,Consi of 8 #1,Elisa Robinson,Baker (Kan.),VFA,1:08 6-0,Agatha Andrews,Jamestown (N.D.)
2024,191,Consi of 8 #1,Andjela Prijovic,Grand View (Iowa),VFA,1:36 4-0,Ryann Rumsey,Oklahoma City
2024,101,Consi of 16 #2,Makayla Young,Indiana Tech,VPO1,5-2,Shanna Morris,Lourdes (Ohio)
2024,101,Consi of 16 #2,Liana Ferreira,Southern Oregon,VFA,0:55 4-0,Teya Garner,William Penn (Iowa)
2024,101,Consi of 16 #2,Devyn Gomez,Life (Ga.),VFA,1:43 8-8,Sofia Abramson,Oklahoma City
2024,109,Consi of 16 #2,Nizhoni Tallman,Evergreen (Wash.),VSU1,12-2 4:41,Aynsley Fink,Ottawa (Kan.)
2024,109,Consi of 16 #2,Hailey Holland,Missouri Valley College,VSU1,16-3 5:01,Rayana Sahagun,Jamestown (N.D.)
2024,109,Consi of 16 #2,Angie Dill,Vanguard (Calif.),VSU1,12-1 2:11,Judy Sandoval,Grand View (Iowa)
2024,116,Consi of 16 #2,Addison Saporito,Ottawa (Kan.),VFA,5:30 17-8,Markayla Lottie,Avila (Mo.)
2024,116,Consi of 16 #2,Irma Retano,Eastern Oregon,VPO1,6-5,Jamesa Robinson,Brewton Parker (Ga.)
2024,123,Consi of 16 #2,Larissa Kaz,Hastings (Neb.),VPO1,14-12,Trinity Howard,Montreat (N.C.)
2024,123,Consi of 16 #2,Alicia Frank,Providence (Mont.),VFA,4:58 14-6,Paige Chafin,Eastern Oregon
2024,123,Consi of 16 #2,Allison Hynes,Central Methodist (Mo.),VPO1,11-2,Josie Davis,Campbellsville (Ky.)
2024,123,Consi of 16 #2,Cameron Ortiz,Campbellsville (Ky.),VFA,5:45 10-6,Isabelle Silva,Indiana Tech
2024,123,Consi of 16 #2,Loretta Lopez,Vanguard (Calif.),VSU,10-0 2:33,Kaitlin Castro,Cumberlands (Ky.)
2024,130,Consi of 16 #2,Ellyana Kuzma,Indiana Tech,VFA,4:56 15-8,Destiny Campbell,Oklahoma City
2024,130,Consi of 16 #2,Madeline Santana,Missouri Valley College,VFA,0:56 4-2,Peyton Hand,Ottawa (Kan.)
2024,130,Consi of 16 #2,Alisha Van Scoy,St. Mary (Kan.),VFA,4:46 4-5,Nonnie Justice,Central Methodist (Mo.)
2024,130,Consi of 16 #2,Erica Grant,Evergreen (Wash.),VSU,10-0 0:31,Anna Rodriguez,Eastern Oregon
2024,130,Consi of 16 #2,Olivia Messerly,Campbellsville (Ky.),VPO1,8-7,Bryce White,Oklahoma City
2024,136,Consi of 16 #2,Mattison Parker,Texas Wesleyan,VPO1,13-12,Willow Barnes,Missouri Valley College
2024,136,Consi of 16 #2,Aileen Lester,Ottawa (Kan.),VPO1,4-2,Gabriella Perez,Campbellsville (Ky.)
2024,136,Consi of 16 #2,Samantha Barragan,Menlo (Calif.),VFA,1:22 4-0,Carley Anderson,Indiana Tech
2024,136,Consi of 16 #2,Lilly Gough,Central Methodist (Mo.),VPO1,8-3,Piper Hall,Vanguard (Calif.)
2024,136,Consi of 16 #2,Kaydince Turner,Hastings (Neb.),VFA,3:35 8-4,Keilani Guillermo,Wayland Baptist (Texas)
2024,136,Consi of 16 #2,Desinee Lopez,Southern Oregon,VFA,3:24 6-0,Angelina Prado,Life (Ga.)
2024,136,Consi of 16 #2,Gianna Moreno,Friends (Kan.),VSU,10-0 1:18,Bridgette Sotomayor,Doane (Neb.)
2024,136,Consi of 16 #2,Jalynn Patino,Texas Wesleyan,VFA,4:01 7-2,Natalia Posada,Oklahoma City
2024,143,Consi of 16 #2,Desiree Jones,Menlo (Calif.),VSU,10-0 1:39,Livia Swift,Ottawa (Kan.)
2024,143,Consi of 16 #2,Makayla Munoz,Oklahoma City,VPO1,10-5,Naida Abdijanovic,William Penn (Iowa)
2024,143,Consi of 16 #2,Marissa Jimenez,Oklahoma City,VFA,0:35 4-0,Kailey Rees,Providence (Mont.)
2024,143,Consi of 16 #2,Serenity De La Garza,Missouri Valley College,VFA,1:19 8-2,Marish Wahl,Dickinson State (N.D.)
2024,143,Consi of 16 #2,Reagen Gallaway,Hastings (Neb.),VFA,1:10 2-0,Maria Slaughter,Missouri Valley College
2024,155,Consi of 16 #2,Kendra Thompson,Campbellsville (Ky.),VSU,10-0 5:13,Ariana Pereira,Cumberlands (Ky.)
2024,155,Consi of 16 #2,Leilani Hernandez,Texas Wesleyan,VSU1,15-4 2:44,Elisa Falcetti,Missouri Valley College
2024,155,Consi of 16 #2,Cydney Bassett,Indiana Tech,VSU,10-0 1:59,Haidyn Snyder,Grand View (Iowa)
2024,170,Consi of 16 #2,Lily El-Masri,Vanguard (Calif.),VFA,4:53 9-2,Aime Hernandez-Perez,York (Neb.)
2024,170,Consi of 16 #2,Chamira Cooper,Cumberlands (Ky.),VPO,7-0,Katelyn Lewis,Providence (Mont.)
2024,170,Consi of 16 #2,Victoria Guinard,Hastings (Neb.),VSU1,14-3 4:03,Mahogoney Casel,Wayland Baptist (Texas)
2024,170,Consi of 16 #2,Jaclyn Daley,Baker (Kan.),VPO1,5-3,Kacey Lee-Pua,Providence (Mont.)
2024,136,Consi of 16 #1,Keilani Guillermo,Wayland Baptist (Texas),VFA,4:14 14-11,Aniseta Acosta,Missouri Valley College
2022,191,Finals,Kelani Corbett,Lyon,VFA,1:30 8-0,Gabrielle Hamilton,Life (W)
2022,170,Finals,Dymond Guilford,Cumberlands (W),VPO,7-0,Olivia Robinson,Eastern Oregon (W)
2022,155,Finals,Kenya-Lee Sloan,Campbellsville (W),VFA,2:18 10-6,Kaylynn Albrecht,Baker (W)
2022,143,Finals,Destiny Lyng,Oklahoma City (W),VPO1,5-5,Emma Walker,Campbellsville (W)
2022,136,Finals,Adaugo Nwachukwu,Iowa Wesleyan University (W),VFA,4:37 13-3,Gracie Figueroa,Menlo
2022,130,Finals,Lexie Basham,Texas Wesleyan (W),VPO1,3-2,Nanea Estrella,Menlo
2022,123,Finals,Carolina Moreno,Southern Oregon (W),VSU,11-0 3:53,Leilah Castro,Campbellsville (W)
2022,116,Finals,Alleida Martinez,Menlo,VSU,12-0 6:00,Salyna Shotwell,Life (W)
2022,109,Finals,Peyton Prussin,Life (W),VPO1,8-8,Mia Palumbo,Iowa Wesleyan University (W)
2022,101,Finals,Nina Pham,Wayland Baptist (W),VSU1,12-1 4:12,Ivy Navarro,Providence (W)
2022,191,7th Place,Elisa Robinson,Baker (W),VFA,2:19 3-2,Karrah Smith,Southern Oregon (W)
2022,191,5th Place,Liliana Vergara,Campbellsville (W),VSU,10-0 3:40,Natalia Villegas,Grand View (W)
2022,191,3rd Place,Tavia Heildelberg-Tilliston,Menlo,VSU,11-0 1:54,Jesse Kirby,Cumberlands (W)
2022,170,3rd Place,Jordan Nelson,Life (W),VSU,10-0 4:25,Brittyn Corbishley,Texas Wesleyan (W)
2022,170,5th Place,Chamira Cooper,Cumberlands (W),VSU,10-0 4:05,Bailey Dennis,Southern Oregon (W)
2022,170,7th Place,Abby McIntyre,Grand View (W),VFA,1:16 4-2,Sierra Talmadge,Jamestown (W)
2022,155,5th Place,Destinee Rivera,Life (W),VPO1,6-1,Kendra Thompson,Campbellsville (W)
2022,155,3rd Place,Sienna Ramirez,Southern Oregon (W),VPO1,4-1,Sadie Antoque,Providence (W)
2022,155,7th Place,India Page,Brewton Parker (W),VPO1,9-1,Alia Abushi,Menlo
2022,143,3rd Place,Alexis Gomez,Grand View (W),VSU1,12-1 5:57,Samantha Snow,Indiana Tech (W)
2022,143,5th Place,Madison Diaz,Grand View (W),VSU,10-0 3:00,Maryellen Lafferty,Texas Wesleyan (W)
2022,143,7th Place,Josette Partney,Missouri Baptist (W),VSU,11-0 1:02,Morgan Shines,Eastern Oregon (W)
2022,136,3rd Place,Emily Se,Southern Oregon (W),VFA,4:15 4-6,Paige Respicio,Providence (W)
2022,136,7th Place,Ellyana Kuzma,Indiana Tech (W),VFA,5:35 14-13,Samanatha Barragan,Life Pacific (W)
2022,136,5th Place,Diana Dzasezeva,Waldorf (W),VPO,2-0,Randi Robison,Campbellsville (W)
2022,130,3rd Place,Andrea Schlabach,Grand View (W),VFA,2:02 6-0,Allie Baudhuin,Jamestown (W)
2022,130,7th Place,Desinee Lopez,Southern Oregon (W),VFA,1:10 4-0,Kaylee Moore,Eastern Oregon (W)
2022,130,5th Place,Katlyn Pizzo,Campbellsville (W),VFO,0-0,Julia Vidallon,Life (W)
2022,123,3rd Place,Alana Vivas,Menlo,VPO,9-0,Macy Higa,Eastern Oregon (W)
2022,123,5th Place,Nichole Moore,Baker (W),VSU1,11-1 4:10,Adrienna Turner,Grand View (W)
2022,123,7th Place,Devin Patton,Texas Wesleyan (W),VFA,1:58,Karoline Ortiz,Missouri Baptist (W)
2022,116,3rd Place,Tara Othman,Southern Oregon (W),VPO1,4-4,Ashley Gooman,Providence (W)
2022,116,7th Place,Carol Johnson,Southern Oregon (W),VSU1,12-2 3:39,Kendall Martin,Corban (W)
2022,116,5th Place,Camille Fournier,Texas Wesleyan (W),VFO,0-0,McKayla Campbell,Campbellsville (W)
2022,109,3rd Place,Alexis Medina,Cumberlands (W),VPO1,6-1,Tehani Soares,Indiana Tech (W)
2022,109,7th Place,Kory Phillips,Life (W),VFA,2:49 6-6,Jessica Correrdor,Missouri Baptist (W)
2022,109,5th Place,Jasmine Godinez,Texas Wesleyan (W),VIN,0:00 0-0,Asia,Oviance) Ray (Wayland Baptist (W)
2022,101,5th Place,Madison Brown,Texas Wesleyan (W),VPO1,10-4,Ira Navarro,Providence (W)
2022,101,7th Place,Emma Baertlein,Southern Oregon (W),VFA,4:52 8-0,Tianna Fernandez,Menlo
2022,101,3rd Place,Esther Walker,Midland (W),VFA,4:28 10-0,Katalina Bartelt,Life (W)
2022,191,Consi-Semis,Jesse Kirby,Cumberlands (W),VPO,9-0,Liliana Vergara,Campbellsville (W)
2022,170,Consi-Semis,Brittyn Corbishley,Texas Wesleyan (W),VFA,0:39 4-1,Bailey Dennis,Southern Oregon (W)
2022,191,Consi-Semis,Tavia Heildelberg-Tilliston,Menlo,VFA,1:58 8-0,Natalia Villegas,Grand View (W)
2022,155,Consi-Semis,Sadie Antoque,Providence (W),VPO1,3-1,Destinee Rivera,Life (W)
2022,155,Consi-Semis,Sienna Ramirez,Southern Oregon (W),VSU1,12-1 3:00,Kendra Thompson,Campbellsville (W)
2022,170,Consi-Semis,Jordan Nelson,Life (W),VPO1,8-1,Chamira Cooper,Cumberlands (W)
2022,143,Consi-Semis,Alexis Gomez,Grand View (W),VPO1,4-2,Madison Diaz,Grand View (W)
2022,136,Consi-Semis,Emily Se,Southern Oregon (W),VSU,11-0 2:36,Diana Dzasezeva,Waldorf (W)
2022,143,Consi-Semis,Samantha Snow,Indiana Tech (W),VSU1,12-2 2:01,Maryellen Lafferty,Texas Wesleyan (W)
2022,136,Consi-Semis,Paige Respicio,Providence (W),VSU,10-0 3:42,Randi Robison,Campbellsville (W)
2022,123,Consi-Semis,Macy Higa,Eastern Oregon (W),VPO1,8-4,Adrienna Turner,Grand View (W)
2022,130,Consi-Semis,Andrea Schlabach,Grand View (W),VFA,4:35 5-4,Katlyn Pizzo,Campbellsville (W)
2022,116,Consi-Semis,Tara Othman,Southern Oregon (W),VSU,10-0 4:10,Camille Fournier,Texas Wesleyan (W)
2022,109,Consi-Semis,Alexis Medina,Cumberlands (W),VSU1,12-1 5:37,Jasmine Godinez,Texas Wesleyan (W)
2022,130,Consi-Semis,Allie Baudhuin,Jamestown (W),VFO,0-0,Julia Vidallon,Life (W)
2022,123,Consi-Semis,Alana Vivas,Menlo,VSU1,14-3 4:29,Nichole Moore,Baker (W)
2022,116,Consi-Semis,Ashley Gooman,Providence (W),VFA,2:25 8-0,McKayla Campbell,Campbellsville (W)
2022,191,Consi of 4,Natalia Villegas,Grand View (W),VFA,4:02 8-4,Karrah Smith,Southern Oregon (W)
2022,101,Consi-Semis,Katalina Bartelt,Life (W),VPO1,9-1,Ira Navarro,Providence (W)
2022,109,Consi-Semis,Tehani Soares,Indiana Tech (W),VFO,0-0,Asia,Oviance) Ray (Wayland Baptist (W)
2022,101,Consi-Semis,Esther Walker,Midland (W),VSU,10-0 1:39,Madison Brown,Texas Wesleyan (W)
2022,170,Consi of 4,Brittyn Corbishley,Texas Wesleyan (W),VFA,4:10 16-9,Sierra Talmadge,Jamestown (W)
2022,191,Consi of 4,Liliana Vergara,Campbellsville (W),VSU1,12-1 4:32,Elisa Robinson,Baker (W)
2022,170,Consi of 4,Jordan Nelson,Life (W),VSU,11-0 3:23,Abby McIntyre,Grand View (W)
2022,155,Consi of 4,Sienna Ramirez,Southern Oregon (W),VPO1,14-8,India Page,Brewton Parker (W)
2022,155,Consi of 4,Destinee Rivera,Life (W),VPO1,7-4,Alia Abushi,Menlo
2022,136,Consi of 4,Paige Respicio,Providence (W),VSU1,14-2 4:43,Ellyana Kuzma,Indiana Tech (W)
2022,109,Consi of 4,Alexis Medina,Cumberlands (W),VPO1,8-2,Jessica Correrdor,Missouri Baptist (W)
2022,143,Consi of 4,Madison Diaz,Grand View (W),VPO,7-0,Josette Partney,Missouri Baptist (W)
2022,130,Consi of 4,Katlyn Pizzo,Campbellsville (W),VFA,4:35 11-5,Kaylee Moore,Eastern Oregon (W)
2022,109,Consi of 4,Tehani Soares,Indiana Tech (W),VPO1,9-8,Kory Phillips,Life (W)
2022,130,Consi of 4,Allie Baudhuin,Jamestown (W),VSU1,14-4 2:09,Desinee Lopez,Southern Oregon (W)
2022,143,Consi of 4,Maryellen Lafferty,Texas Wesleyan (W),VFA,2:31 6-6,Morgan Shines,Eastern Oregon (W)
2022,136,Consi of 4,Emily Se,Southern Oregon (W),VSU,10-0 2:01,Samanatha Barragan,Life Pacific (W)
2022,123,Consi of 4,Adrienna Turner,Grand View (W),VPO1,6-4,Karoline Ortiz,Missouri Baptist (W)
2022,123,Consi of 4,Alana Vivas,Menlo,VFA,2:00 6-0,Devin Patton,Texas Wesleyan (W)
2022,116,Consi of 4,Camille Fournier,Texas Wesleyan (W),VFA,2:24 7-0,Kendall Martin,Corban (W)
2022,101,Consi of 4,Ira Navarro,Providence (W),VPO1,8-4,Emma Baertlein,Southern Oregon (W)
2022,101,Consi of 4,Madison Brown,Texas Wesleyan (W),VFA,4:40 10-0,Tianna Fernandez,Menlo
2022,116,Consi of 4,McKayla Campbell,Campbellsville (W),VFA,2:58 6-1,Carol Johnson,Southern Oregon (W)
2022,191,Semi-Finals,Kelani Corbett,Lyon,VFA,5:38 10-7,Jesse Kirby,Cumberlands (W)
2022,155,Semi-Finals,Kenya-Lee Sloan,Campbellsville (W),VFA,5:42 10-1,Sadie Antoque,Providence (W)
2022,191,Semi-Finals,Gabrielle Hamilton,Life (W),VFA,1:42 6-0,Tavia Heildelberg-Tilliston,Menlo
2022,170,Semi-Finals,Olivia Robinson,Eastern Oregon (W),VPO1,6-4,Chamira Cooper,Cumberlands (W)
2022,136,Semi-Finals,Adaugo Nwachukwu,Iowa Wesleyan University (W),VPO1,7-0,Diana Dzasezeva,Waldorf (W)
2022,170,Semi-Finals,Dymond Guilford,Cumberlands (W),VSU,10-0 0:35,Bailey Dennis,Southern Oregon (W)
2022,155,Semi-Finals,Kaylynn Albrecht,Baker (W),VSU,10-0 1:38,Kendra Thompson,Campbellsville (W)
2022,143,Semi-Finals,Destiny Lyng,Oklahoma City (W),VFA,4:21 4-4,Alexis Gomez,Grand View (W)
2022,136,Semi-Finals,Gracie Figueroa,Menlo,VPO1,2-1,Randi Robison,Campbellsville (W)
2022,123,Semi-Finals,Carolina Moreno,Southern Oregon (W),VPO,8-0,Nichole Moore,Baker (W)
2022,143,Semi-Finals,Emma Walker,Campbellsville (W),VFA,0:23 4-0,Samantha Snow,Indiana Tech (W)
2022,130,Semi-Finals,Lexie Basham,Texas Wesleyan (W),VPO1,8-6,Andrea Schlabach,Grand View (W)
2022,123,Semi-Finals,Leilah Castro,Campbellsville (W),VPO1,8-2,Macy Higa,Eastern Oregon (W)
2022,109,Semi-Finals,Mia Palumbo,Iowa Wesleyan University (W),VIN,4:16 4-3,Asia,Oviance) Ray (Wayland Baptist (W)
2022,116,Semi-Finals,Alleida Martinez,Menlo,VFA,1:24 10-0,Tara Othman,Southern Oregon (W)
2022,130,Semi-Finals,Nanea Estrella,Menlo,VIN,0:00 0-0,Julia Vidallon,Life (W)
2022,116,Semi-Finals,Salyna Shotwell,Life (W),VFA,4:42,Ashley Gooman,Providence (W)
2022,101,Semi-Finals,Ivy Navarro,Providence (W),VPO,3-0,Esther Walker,Midland (W)
2022,101,Semi-Finals,Nina Pham,Wayland Baptist (W),VSU,11-0 3:40,Katalina Bartelt,Life (W)
2022,109,Semi-Finals,Peyton Prussin,Life (W),VSU1,12-2 2:12,Jasmine Godinez,Texas Wesleyan (W)
2022,170,Consi of 8 #2,Sierra Talmadge,Jamestown (W),VPO1,9-2,Jasmin Ballesteros,Midland (W)
2022,155,Consi of 8 #2,Destinee Rivera,Life (W),VPO,5-0,Tiyanha Askew,Missouri Baptist (W)
2022,191,Consi of 8 #2,Natalia Villegas,Grand View (W),VPO,7-0,Emily Sandoval,Menlo
2022,191,Consi of 8 #2,Liliana Vergara,Campbellsville (W),VFA,0:52 3-0,Kelly LaCost,Jamestown (W)
2022,155,Consi of 8 #2,Alia Abushi,Menlo,VPO,4-0,Brooke-Lynn Rush,Missouri Valley (W)
2022,170,Consi of 8 #2,Abby McIntyre,Grand View (W),VFA,3:00 11-0,Danielle Saldivar,Missouri Valley (W)
2022,191,Consi of 8 #2,Karrah Smith,Southern Oregon (W),VFA,1:11 6-0,Jojo Hendricks,Waldorf (W)
2022,155,Consi of 8 #2,India Page,Brewton Parker (W),VFA,1:07 4-0,Leilani Hernandez,Texas Wesleyan (W)
2022,143,Consi of 8 #2,Madison Diaz,Grand View (W),VSU,11-0 3:35,Lianna Souza,Wayland Baptist (W)
2022,170,Consi of 8 #2,Brittyn Corbishley,Texas Wesleyan (W),VFA,2:15 8-0,Angelina Adams,Oklahoma City (W)
2022,191,Consi of 8 #2,Elisa Robinson,Baker (W),VFA,1:38 5-0,Alexis Tupuola,Providence (W)
2022,136,Consi of 8 #2,Samanatha Barragan,Life Pacific (W),VFA,2:11 8-1,Jordan Suarez,Wayland Baptist (W)
2022,155,Consi of 8 #2,Sienna Ramirez,Southern Oregon (W),VSU,10-0 0:58,Salima Omari,William Penn (W)
2022,143,Consi of 8 #2,Maryellen Lafferty,Texas Wesleyan (W),VFA,2:49 7-2,Brelane Huber,Campbellsville (W)
2022,143,Consi of 8 #2,Morgan Shines,Eastern Oregon (W),VPO,9-0,Sadie Forman,Wayland Baptist (W)
2022,170,Consi of 8 #2,Jordan Nelson,Life (W),VSU,11-0 2:18,Grace Doering,Indiana Tech (W)
2022,143,Consi of 8 #2,Josette Partney,Missouri Baptist (W),VPO1,11-8,Kaydince Turner,Hastings (W)
2022,136,Consi of 8 #2,Ellyana Kuzma,Indiana Tech (W),VFA,2:10 3-4,Gianna Moreno,Missouri Valley (W)
2022,130,Consi of 8 #2,Desinee Lopez,Southern Oregon (W),VPO1,7-2,Leidaly Rivera,Brewton Parker (W)
2022,136,Consi of 8 #2,Emily Se,Southern Oregon (W),VFA,0:50 4-0,Louisa Schwab,Menlo
2022,130,Consi of 8 #2,Kaylee Moore,Eastern Oregon (W),VPO,7-0,Emily Paulino,Midland (W)
2022,130,Consi of 8 #2,Katlyn Pizzo,Campbellsville (W),VFA,1:47 8-0,De'anna Prince,Wayland Baptist (W)
2022,130,Consi of 8 #2,Allie Baudhuin,Jamestown (W),VSU,11-0 1:37,Jo-Ellen Hutto,St. Andrews (W)
2022,136,Consi of 8 #2,Paige Respicio,Providence (W),VSU1,12-1 1:54,Destiny Campbell,Iowa Wesleyan University (W)
2022,123,Consi of 8 #2,Devin Patton,Texas Wesleyan (W),VFA,4:45 11-1,Lizzete Young,Menlo
2022,116,Consi of 8 #2,Carol Johnson,Southern Oregon (W),VSU1,8-1 6:00,Briana Funakoshi,Life (W)
2022,123,Consi of 8 #2,Adrienna Turner,Grand View (W),VFA,2:41 6-4,Jasmine Hernandez,Lyon
2022,116,Consi of 8 #2,Camille Fournier,Texas Wesleyan (W),VFA,3:51 8-4,Katherine Heath,Baker (W)
2022,123,Consi of 8 #2,Alana Vivas,Menlo,VPO,3-0,Jackie Ghent,Campbellsville (W)
2022,123,Consi of 8 #2,Karoline Ortiz,Missouri Baptist (W),VSU,10-0 5:11,Ashley Whetzal,Lyon
2022,116,Consi of 8 #2,Kendall Martin,Corban (W),VFA,0:35 2-0,Arianna Marrufo,Jamestown (W)
2022,101,Consi of 8 #2,Emma Baertlein,Southern Oregon (W),VPO1,7-6,Emma Cochran,Grand View (W)
2022,116,Consi of 8 #2,McKayla Campbell,Campbellsville (W),VFA,2:02 4-0,Ashley Tobe,Grand View (W)
2022,109,Consi of 8 #2,Kory Phillips,Life (W),VSU,12-0 4:00,Chloe Krebsbach,Grand View (W)
2022,109,Consi of 8 #2,Alexis Medina,Cumberlands (W),VFA,4:48 14-5,Kelsey Bilz,Campbellsville (W)
2022,101,Consi of 8 #2,Ira Navarro,Providence (W),VPO,6-0,Elizabeth Dosado,Cumberlands (W)
2022,109,Consi of 8 #2,Jessica Correrdor,Missouri Baptist (W),VSU,11-0 1:30,Barbara Greenberg,Menlo
2022,191,Quarter-Finals,Jesse Kirby,Cumberlands (W),VFA,3:40 10-1,Emily Sandoval,Menlo
2022,109,Consi of 8 #2,Tehani Soares,Indiana Tech (W),VFA,4:00 10-3,Alyssa Valdivia,Brewton Parker (W)
2022,191,Quarter-Finals,Gabrielle Hamilton,Life (W),VFA,1:28 5-5,Liliana Vergara,Campbellsville (W)
2022,101,Consi of 8 #2,Tianna Fernandez,Menlo,VFA,1:50 2-2,Alaina Sunlin,Iowa Wesleyan University (W)
2022,101,Consi of 8 #2,Madison Brown,Texas Wesleyan (W),VFA,5:44 8-4,Mia Diaz,Campbellsville (W)
2022,170,Quarter-Finals,Olivia Robinson,Eastern Oregon (W),VPO1,7-4,Brittyn Corbishley,Texas Wesleyan (W)
2022,191,Quarter-Finals,Tavia Heildelberg-Tilliston,Menlo,VSU,10-0 5:33,Elisa Robinson,Baker (W)
2022,143,Quarter-Finals,Destiny Lyng,Oklahoma City (W),VSU,10-0 3:27,Maryellen Lafferty,Texas Wesleyan (W)
2022,191,Quarter-Finals,Kelani Corbett,Lyon,VFA,1:09,Karrah Smith,Southern Oregon (W)
2022,155,Quarter-Finals,Sadie Antoque,Providence (W),VSU1,11-1 5:26,India Page,Brewton Parker (W)
2022,155,Quarter-Finals,Kaylynn Albrecht,Baker (W),VPO1,10-4,Destinee Rivera,Life (W)
2022,170,Quarter-Finals,Dymond Guilford,Cumberlands (W),VPO1,4-3,Jordan Nelson,Life (W)
2022,170,Quarter-Finals,Chamira Cooper,Cumberlands (W),VSU1,12-1 5:38,Sierra Talmadge,Jamestown (W)
2022,143,Quarter-Finals,Samantha Snow,Indiana Tech (W),VPO1,5-5,Madison Diaz,Grand View (W)
2022,170,Quarter-Finals,Bailey Dennis,Southern Oregon (W),VPO1,8-2,Abby McIntyre,Grand View (W)
2022,155,Quarter-Finals,Kendra Thompson,Campbellsville (W),VPO,5-0,Brooke-Lynn Rush,Missouri Valley (W)
2022,136,Quarter-Finals,Randi Robison,Campbellsville (W),VFA,Jordan,Suarez,Wayland Baptist (W)
2022,155,Quarter-Finals,Kenya-Lee Sloan,Campbellsville (W),VFA,2:15 6-0,Salima Omari,William Penn (W)
2022,123,Quarter-Finals,Carolina Moreno,Southern Oregon (W),VPO1,8-4,Adrienna Turner,Grand View (W)
2022,143,Quarter-Finals,Emma Walker,Campbellsville (W),VFA,4:29 8-4,Josette Partney,Missouri Baptist (W)
2022,136,Quarter-Finals,Diana Dzasezeva,Waldorf (W),VFA,3:51 2-5,Paige Respicio,Providence (W)
2022,130,Quarter-Finals,Andrea Schlabach,Grand View (W),VFA,2:04 3-0,Allie Baudhuin,Jamestown (W)
2022,143,Quarter-Finals,Alexis Gomez,Grand View (W),VSU,10-0 5:30,Morgan Shines,Eastern Oregon (W)
2022,130,Quarter-Finals,Julia Vidallon,Life (W),VPO1,9-8,De'anna Prince,Wayland Baptist (W)
2022,130,Quarter-Finals,Lexie Basham,Texas Wesleyan (W),VFA,1:54 3-0,Leidaly Rivera,Brewton Parker (W)
2022,123,Quarter-Finals,Leilah Castro,Campbellsville (W),VPO,4-0,Alana Vivas,Menlo
2022,109,Quarter-Finals,Asia,Oviance,Ray,(Wayland,Baptist,W)) VSU 11-0 2:57 Alexis Medina (Cumberlands (W)
2022,136,Quarter-Finals,Adaugo Nwachukwu,Iowa Wesleyan University (W),VFA,1:32 6-1,Ellyana Kuzma,Indiana Tech (W)
2022,130,Quarter-Finals,Nanea Estrella,Menlo,VSU,10-0 6:00,Kaylee Moore,Eastern Oregon (W)
2022,123,Quarter-Finals,Nichole Moore,Baker (W),VFA,5:43 9-2,Karoline Ortiz,Missouri Baptist (W)
2022,136,Quarter-Finals,Gracie Figueroa,Menlo,VFA,1:02 4-0,Louisa Schwab,Menlo
2022,101,Quarter-Finals,Katalina Bartelt,Life (W),VSU1,6-3 6:00,Madison Brown,Texas Wesleyan (W)
2022,123,Quarter-Finals,Macy Higa,Eastern Oregon (W),VFA,1:28 4-2,Devin Patton,Texas Wesleyan (W)
2022,116,Quarter-Finals,Salyna Shotwell,Life (W),VFA,0:47 2-0,Arianna Marrufo,Jamestown (W)
2022,116,Quarter-Finals,Alleida Martinez,Menlo,VFA,0:55 4-0,Carol Johnson,Southern Oregon (W)
2022,109,Quarter-Finals,Jasmine Godinez,Texas Wesleyan (W),VPO1,12-3,Alyssa Valdivia,Brewton Parker (W)
2022,116,Quarter-Finals,Ashley Gooman,Providence (W),VPO1,8-7,Camille Fournier,Texas Wesleyan (W)
2022,101,Quarter-Finals,Esther Walker,Midland (W),VPO1,15-6,Elizabeth Dosado,Cumberlands (W)
2022,116,Quarter-Finals,Tara Othman,Southern Oregon (W),VPO1,11-2,McKayla Campbell,Campbellsville (W)
2022,109,Quarter-Finals,Mia Palumbo,Iowa Wesleyan University (W),VSU,12-0 3:41,Barbara Greenberg,Menlo
2022,101,Quarter-Finals,Nina Pham,Wayland Baptist (W),VSU,10-0 0:55,Alaina Sunlin,Iowa Wesleyan University (W)
2022,109,Quarter-Finals,Peyton Prussin,Life (W),VSU,10-0 0:39,Kory Phillips,Life (W)
2022,101,Quarter-Finals,Ivy Navarro,Providence (W),VFA,0:51 4-0,Emma Cochran,Grand View (W)
2022,191,Consi of 8 #1,Jojo Hendricks,Waldorf (W),VPO1,8-2,MaQuoia Bernabe,Cumberlands (W)
2022,191,Consi of 8 #1,Kelly LaCost,Jamestown (W),VFA,5:04 12-4,Alyandina Makanalani Bushe,Missouri Valley (W)
2022,191,Consi of 8 #1,Natalia Villegas,Grand View (W),VFA,1:52 4-0,Samantha Ruano,William Penn (W)
2022,170,Consi of 8 #1,Angelina Adams,Oklahoma City (W),VFA,5:19 9-0,Charity Goldsmith-Ding,York (W)
2022,170,Consi of 8 #1,Grace Doering,Indiana Tech (W),VPO1,4-2,Jolette Miner-Ho,Providence (W)
2022,170,Consi of 8 #1,Danielle Saldivar,Missouri Valley (W),VPO1,4-3,Catherine McNulty,Indiana Tech (W)
2022,191,Consi of 8 #1,Alexis Tupuola,Providence (W),VSU,10-0 2:47,Grace Todhunter,Jamestown (W)
2022,170,Consi of 8 #1,Jasmin Ballesteros,Midland (W),VPO1,10-2,Andrea Smith,William Penn (W)
2022,155,Consi of 8 #1,Alia Abushi,Menlo,VFA,0:47 2-0,Mahealani Ramirez,Missouri Valley (W)
2022,143,Consi of 8 #1,Sadie Forman,Wayland Baptist (W),VSU1,13-2 5:53,Ku'uipo Chan,Waldorf (W)
2022,143,Consi of 8 #1,Kaydince Turner,Hastings (W),VFA,2:12 12-1,Marianyeli Mercado,Brewton Parker (W)
2022,155,Consi of 8 #1,Sienna Ramirez,Southern Oregon (W),VFA,1:39 4-0,Dempsi Talkington,Eastern Oregon (W)
2022,155,Consi of 8 #1,Tiyanha Askew,Missouri Baptist (W),VFA,4:11 10-1,McKenzie Cook,Lincoln
2022,143,Consi of 8 #1,Lianna Souza,Wayland Baptist (W),VFA,2:53 12-0,Carley Anderson,Indiana Tech (W)
2022,136,Consi of 8 #1,Samanatha Barragan,Life Pacific (W),VFA,5:30 18-16,Adriana Orozco,Oklahoma City (W)
2022,143,Consi of 8 #1,Brelane Huber,Campbellsville (W),VFA,1:53 6-2,Derriane Morrison,Ottawa (W)
2022,130,Consi of 8 #1,Emily Paulino,Midland (W),VSU,10-0 2:24,Jocelyn Murphy,Missouri Valley (W)
2022,136,Consi of 8 #1,Gianna Moreno,Missouri Valley (W),VPO1,13-4,Autumn Barela,Central Methodist (W)
2022,155,Consi of 8 #1,Leilani Hernandez,Texas Wesleyan (W),VFA,0:34 2-0,Berenice Espino,Waldorf (W)
2022,136,Consi of 8 #1,Emily Se,Southern Oregon (W),VFA,0:16 4-0,Kamryn Ellis,Brewton Parker (W)
2022,130,Consi of 8 #1,Katlyn Pizzo,Campbellsville (W),VSU1,17-5 3:00,Cindy Zepeda,Menlo
2022,136,Consi of 8 #1,Destiny Campbell,Iowa Wesleyan University (W),VFA,2:44 12-1,Abbie Jones,Baker (W)
2022,123,Consi of 8 #1,Jackie Ghent,Campbellsville (W),VPO,9-0,Geneva Winston,Brewton Parker (W)
2022,123,Consi of 8 #1,Jasmine Hernandez,Lyon,VFA,2:59 4-5,Mami Selemani,William Penn (W)
2022,130,Consi of 8 #1,Desinee Lopez,Southern Oregon (W),VFA,2:42 6-0,Corinne Robertson,Ottawa (W)
2022,123,Consi of 8 #1,Ashley Whetzal,Lyon,VFA,1:24 6-0,Brianna Munoz,Midland (W)
2022,123,Consi of 8 #1,Lizzete Young,Menlo,VFA,5:49 12-0,Allison Hynes,Central Methodist (W)
2022,116,Consi of 8 #1,Briana Funakoshi,Life (W),VPO1,6-2,Markayla Lottie,Avila University (W)
2022,116,Consi of 8 #1,Kendall Martin,Corban (W),VFA,0:43 4-0,Catherine Steinkamp,William Penn (W)
2022,130,Consi of 8 #1,Jo-Ellen Hutto,St. Andrews (W),VFA,2:49 7-4,Kaelyn Siason,Providence (W)
2022,116,Consi of 8 #1,Ashley Tobe,Grand View (W),VPO1,12-6,Destiny Dominguez,Waldorf (W)
2022,109,Consi of 8 #1,Chloe Krebsbach,Grand View (W),VPO1,19-15,Melanie Salazar,Simpson University
2022,116,Consi of 8 #1,Katherine Heath,Baker (W),VFA,2:58 6-2,Hailey Holland,Lyon
2022,109,Consi of 8 #1,Jessica Correrdor,Missouri Baptist (W),VPO1,7-4,Samantha Weeks,Jamestown (W)
2022,109,Consi of 8 #1,Tehani Soares,Indiana Tech (W),VFA,5:38 8-0,Lana Hunt,Providence (W)
2022,101,Consi of 8 #1,Ira Navarro,Providence (W),VFA,5:14 12-2,Hannah Michael,Grand View (W)
2022,109,Consi of 8 #1,Kelsey Bilz,Campbellsville (W),VPO1,3-2,Stephanie Blankenship,Eastern Oregon (W)
2022,101,Consi of 8 #1,Emma Baertlein,Southern Oregon (W),VSU,10-0 3:19,Kassidy Ramirez,Lyon
2022,191,Consi of 16 #2,Alexis Tupuola,Providence (W),VFA,0:57 4-2,Lessly Sandoval,University of St. Mary's (W)
2022,191,Consi of 16 #2,Samantha Ruano,William Penn (W),VFA,0:35 4-0,Lucero Cuevas,Friends University (W)
2022,101,Consi of 8 #1,Tianna Fernandez,Menlo,VFA,2:28 6-0,Angelique Cervantes,Life Pacific (W)
2022,101,Consi of 8 #1,Mia Diaz,Campbellsville (W),VFA,1:35 6-0,Ana Bradshaw,Missouri Baptist (W)
2022,191,Consi of 16 #2,MaQuoia Bernabe,Cumberlands (W),VPO1,4-1,Grace Brown,Grand View (W)
2022,170,Consi of 16 #2,Jolette Miner-Ho,Providence (W),VPO1,12-11,Aalyah Villarreal,Texas Wesleyan (W)
2022,155,Consi of 16 #2,McKenzie Cook,Lincoln,VSU1,15-4 5:34,Tenley Swope,Eastern Oregon (W)
2022,191,Consi of 16 #2,Natalia Villegas,Grand View (W),VFA,0:39 4-0,De'Zirae White,Missouri Valley (W)
2022,191,Consi of 16 #2,Grace Todhunter,Jamestown (W),VFA,1:17 6-0,Ryann Rumsey,Oklahoma City (W)
2022,191,Consi of 16 #2,Jojo Hendricks,Waldorf (W),VPO1,8-2,Grace Montierth,Hastings (W)
2022,170,Consi of 16 #2,Angelina Adams,Oklahoma City (W),VFA,2:28 9-0,Jordan Roberts,Missouri Baptist (W)
2022,155,Consi of 16 #2,Alia Abushi,Menlo,VFA,1:13 10-1,Gabriella Escamilla,Oklahoma City (W)
2022,191,Consi of 16 #2,Alyandina Makanalani Bushe,Missouri Valley (W),VFA,0:30 4-0,Elisa Holley,St. Andrews (W)
2022,155,Consi of 16 #2,Sienna Ramirez,Southern Oregon (W),VSU,10-0 3:55,Autumn Terhune,Indiana Tech (W)
2022,143,Consi of 16 #2,Carley Anderson,Indiana Tech (W),VPO1,8-7,Andrea Montoya,Central Methodist (W)
2022,191,Consi of 16 #2,Kelly LaCost,Jamestown (W),VFA,1:43 5-0,Jazlind Warren,Hastings (W)
2022,143,Consi of 16 #2,Marianyeli Mercado,Brewton Parker (W),VFA,2:33 5-10,Ashlee Vaughan,Oklahoma City (W)
2022,170,Consi of 16 #2,Catherine McNulty,Indiana Tech (W),VFA,0:49 2-6,Raziyah Thomas,Avila University (W)
2022,170,Consi of 16 #2,Jasmin Ballesteros,Midland (W),VFA,0:50 6-0,Abby Beeck,Hastings (W)
2022,170,Consi of 16 #2,Grace Doering,Indiana Tech (W),VIN,3:00 6-0,Maylee Edwards,William Penn (W)
2022,155,Consi of 16 #2,Tiyanha Askew,Missouri Baptist (W),VSU,10-0 1:45,Ilaisaane Latu,Hastings (W)
2022,143,Consi of 16 #2,Kaydince Turner,Hastings (W),VFA,2:39 6-0,Nayeli Maston,Eastern Oregon (W)
2022,143,Consi of 16 #2,Derriane Morrison,Ottawa (W),VSU,10-0 4:19,Morgan Mackey,Providence (W)
2022,155,Consi of 16 #2,Mahealani Ramirez,Missouri Valley (W),VFA,2:23 6-0,tyeisha takamori,Midland (W)
2022,155,Consi of 16 #2,Berenice Espino,Waldorf (W),VFA,0:37 2-0,Jennifer Jimenez,Waldorf (W)
2022,136,Consi of 16 #2,Kamryn Ellis,Brewton Parker (W),VPO1,9-6,Allyson Arrington,Cumberlands (W)
2022,155,Consi of 16 #2,Dempsi Talkington,Eastern Oregon (W),VFA,2:50 10-0,Irene Sanchez Figuera,Oklahoma City (W)
2022,143,Consi of 16 #2,Brelane Huber,Campbellsville (W),VFA,2:00 5-0,Ramona Jimenez,Southern Oregon (W)
2022,143,Consi of 16 #2,Ku'uipo Chan,Waldorf (W),VFA,5:46 14-8,Kai Morrison,Avila University (W)
2022,136,Consi of 16 #2,Gianna Moreno,Missouri Valley (W),VFA,3:47 2-9,Alex Banag,Lyon
2022,155,Consi of 16 #2,Leilani Hernandez,Texas Wesleyan (W),VFA,1:10 8-0,Gabrielle Tata-Rodrigues,Corban (W)
2022,143,Consi of 16 #2,Lianna Souza,Wayland Baptist (W),VFA,1:52 4-0,Ashleigh Denny,William Penn (W)
2022,143,Consi of 16 #2,Sadie Forman,Wayland Baptist (W),VFA,0:37 4-0,Sidalie Jaramillo,University of St. Mary's (W)
2022,136,Consi of 16 #2,Samanatha Barragan,Life Pacific (W),VFA,3:20 14-5,Savannah Turner,Hastings (W)
2022,136,Consi of 16 #2,Abbie Jones,Baker (W),VFA,1:20 8-0,Krystal Fabricante,Eastern Oregon (W)
2022,136,Consi of 16 #2,Adriana Orozco,Oklahoma City (W),VPO1,8-6,Ashlee Palimoo,Midland (W)
2022,130,Consi of 16 #2,Jocelyn Murphy,Missouri Valley (W),VSU1,14-3 4:22,Jori Richardson,Brewton Parker (W)
2022,130,Consi of 16 #2,Kaelyn Siason,Providence (W),VSU1,14-1 4:15,Araya Boday,University of St. Mary's (W)
2022,136,Consi of 16 #2,Emily Se,Southern Oregon (W),VFA,0:13 4-0,Mikinlee Smith,Ottawa (W)
2022,136,Consi of 16 #2,Autumn Barela,Central Methodist (W),VFA,5:54 14-9,Allyssa Pirro,Indiana Tech (W)
2022,136,Consi of 16 #2,Destiny Campbell,Iowa Wesleyan University (W),VFA,0:33 4-0,Lindsay Mills,Missouri Baptist (W)
2022,130,Consi of 16 #2,Desinee Lopez,Southern Oregon (W),VPO1,6-5,Julissa Taitano,Southern Oregon (W)
2022,130,Consi of 16 #2,Jo-Ellen Hutto,St. Andrews (W),VPO1,12-6,Olivia Mottley,Life (W)
2022,130,Consi of 16 #2,Emily Paulino,Midland (W),VFA,0:32 4-0,Olivia Branson,Baker (W)
2022,130,Consi of 16 #2,Corinne Robertson,Ottawa (W),VFA,1:34 6-8,Gwendolyn Grimes,William Penn (W)
2022,123,Consi of 16 #2,Brianna Munoz,Midland (W),VSU1,17-6 4:58,Dylan Hernandez,Cumberlands (W)
2022,130,Consi of 16 #2,Katlyn Pizzo,Campbellsville (W),VFA,0:45 8-0,Willow Barnes,Missouri Valley (W)
2022,123,Consi of 16 #2,Jackie Ghent,Campbellsville (W),VPO1,9-2,Josie Bartishofski,Jamestown (W)
2022,130,Consi of 16 #2,Cindy Zepeda,Menlo,VFA,1:55 8-0,Jennifer Castaneda,Waldorf (W)
2022,123,Consi of 16 #2,Geneva Winston,Brewton Parker (W),VFA,1:31 2-2,Emma Jones,Indiana Tech (W)
2022,123,Consi of 16 #2,Jasmine Hernandez,Lyon,VFA,0:43 6-0,Marissa Burt,Jamestown (W)
2022,123,Consi of 16 #2,Mami Selemani,William Penn (W),VSU,11-0 2:48,Laila Sa,Life (W)
2022,116,Consi of 16 #2,Hailey Holland,Lyon,VSU1,12-2 5:17,Aphrodite Ayala,Simpson University
2022,123,Consi of 16 #2,Lizzete Young,Menlo,VPO,2-0,Alesandra Burgos,Brewton Parker (W)
2022,123,Consi of 16 #2,Ashley Whetzal,Lyon,VFA,0:23 4-0,Allison Doppenberg,York (W)
2022,123,Consi of 16 #2,Allison Hynes,Central Methodist (W),VFA,5:59 13-11,Rebekah Cordovas,Wayland Baptist (W)
2022,116,Consi of 16 #2,Katherine Heath,Baker (W),VSU1,14-4 2:56,Emily Ferguson,York (W)
2022,116,Consi of 16 #2,Kendall Martin,Corban (W),VFA,2:13 13-4,Tess Barnett,Corban (W)
2022,116,Consi of 16 #2,Catherine Steinkamp,William Penn (W),VPO,6-0,Jonesha Kennedy,Wayland Baptist (W)
2022,116,Consi of 16 #2,Ashley Tobe,Grand View (W),VFA,3:57 10-2,Prethy Enriquez,Midland (W)
2022,109,Consi of 16 #2,Kelsey Bilz,Campbellsville (W),VFA,1:49 3-4,Claire Payne,York (W)
2022,116,Consi of 16 #2,Markayla Lottie,Avila University (W),VFA,2:01 6-0,Gigi Loza,Central Methodist (W)
2022,116,Consi of 16 #2,Briana Funakoshi,Life (W),VSU,10-0 1:58,Aaliyah Bueno,Baker (W)
2022,109,Consi of 16 #2,Chloe Krebsbach,Grand View (W),VPO1,9-2,Mia Arceneaux,Wayland Baptist (W)
2022,109,Consi of 16 #2,Melanie Salazar,Simpson University,VFA,2:24 2-5,Tiana Savino,Hastings (W)
2022,109,Consi of 16 #2,Lana Hunt,Providence (W),VSU,10-0 1:32,Angelique Martinez,Ottawa (W)
2022,109,Consi of 16 #2,Jessica Correrdor,Missouri Baptist (W),VFA,2:26 6-0,Macie Stewart,Southern Oregon (W)
2022,116,Consi of 16 #2,Destiny Dominguez,Waldorf (W),VSU,10-0 1:39,Irma Retano,Eastern Oregon (W)
2022,101,Consi of 16 #2,Mia Diaz,Campbellsville (W),VSU,10-0 3:24,Abby Jastal,Central Methodist (W)
2022,101,Consi of 16 #2,Emma Baertlein,Southern Oregon (W),VSU,10-0 3:11,Sydney Kutzke,Indiana Tech (W)
2022,109,Consi of 16 #2,Samantha Weeks,Jamestown (W),VSU,10-0 1:53,Laura Lincoln,Lyon
2022,109,Consi of 16 #2,Stephanie Blankenship,Eastern Oregon (W),VFA,3:44 8-5,Lillianna Campbell,Missouri Valley (W)
2022,101,Consi of 16 #2,Ira Navarro,Providence (W),VSU,10-0 3:00,Malarie Dominguez,Wayland Baptist (W)
2022,101,Consi of 16 #2,Hannah Michael,Grand View (W),VSU,10-0 1:14,Gabriela Galvez Garcia,Brewton Parker (W)
2022,101,Consi of 16 #2,Tianna Fernandez,Menlo,VSU1,14-4 4:52,Brooke Burrows,Corban (W)
2022,101,Consi of 16 #2,Kassidy Ramirez,Lyon,VPO1,6-4,Nayeli Flores Roque,Eastern Oregon (W)
2022,109,Consi of 16 #2,Tehani Soares,Indiana Tech (W),VFA,1:13 4-0,Jaine Stephens,Cumberlands (W)
2022,191,Round of 16,Kelani Corbett,Lyon,VFA,0:34 4-0,Elisa Holley,St. Andrews (W)
2022,191,Round of 16,Emily Sandoval,Menlo,VPO1,12-9,Lessly Sandoval,University of St. Mary's (W)
2022,101,Consi of 16 #2,Ana Bradshaw,Missouri Baptist (W),VFA,0:39 4-0,Kylie Marlin,York (W)
2022,191,Round of 16,Karrah Smith,Southern Oregon (W),VFA,2:28 5-0,Kelly LaCost,Jamestown (W)
2022,191,Round of 16,Elisa Robinson,Baker (W),VSU,10-0 1:55,Natalia Villegas,Grand View (W)
2022,191,Round of 16,Liliana Vergara,Campbellsville (W),VFA,3:53 10-0,Jojo Hendricks,Waldorf (W)
2022,170,Round of 16,Bailey Dennis,Southern Oregon (W),VFA,6:00 6-1,Angelina Adams,Oklahoma City (W)
2022,101,Consi of 16 #2,Angelique Cervantes,Life Pacific (W),VSU,12-0 1:37,Ella Whitaker,York (W)
2022,170,Round of 16,Olivia Robinson,Eastern Oregon (W),VPO1,9-1,Danielle Saldivar,Missouri Valley (W)
2022,170,Round of 16,Sierra Talmadge,Jamestown (W),VSU,11-0 2:12,Maylee Edwards,William Penn (W)
2022,191,Round of 16,Gabrielle Hamilton,Life (W),VSU1,15-5 4:41,MaQuoia Bernabe,Cumberlands (W)
2022,191,Round of 16,Jesse Kirby,Cumberlands (W),VFA,1:12 6-0,Ryann Rumsey,Oklahoma City (W)
2022,170,Round of 16,Chamira Cooper,Cumberlands (W),VSU,10-0 2:55,Aalyah Villarreal,Texas Wesleyan (W)
2022,170,Round of 16,Abby McIntyre,Grand View (W),VFA,0:51 4-0,Charity Goldsmith-Ding,York (W)
2022,191,Round of 16,Tavia Heildelberg-Tilliston,Menlo,VFA,0:34 4-0,Lucero Cuevas,Friends University (W)
2022,155,Consi of 16 #1,tyeisha takamori,Midland (W),VPO1,11-9,Toyia Griffin,William Penn (W)
2022,155,Consi of 16 #1,McKenzie Cook,Lincoln,VFA,3:47 6-8,Alexys Zepeda,Corban (W)
2022,155,Consi of 16 #1,Jennifer Jimenez,Waldorf (W),VFA,1:09 6-1,Mandy Camacho,Jamestown (W)
2022,170,Round of 16,Jordan Nelson,Life (W),VFA,3:34 10-0,Andrea Smith,William Penn (W)
2022,155,Consi of 16 #1,Gabriella Escamilla,Oklahoma City (W),VSU1,15-4 4:16,Kimberly Pollak,Hastings (W)
2022,170,Round of 16,Brittyn Corbishley,Texas Wesleyan (W),VFA,1:15 12-0,Catherine McNulty,Indiana Tech (W)
2022,155,Round of 16,Sadie Antoque,Providence (W),VPO1,2-1,Tiyanha Askew,Missouri Baptist (W)
2022,170,Round of 16,Dymond Guilford,Cumberlands (W),VFA,1:43 8-0,Jasmin Ballesteros,Midland (W)
2022,155,Consi of 16 #1,Autumn Terhune,Indiana Tech (W),VFA,1:07 4-0,Marissa Salazar,Friends University (W)
2022,155,Consi of 16 #1,Ilaisaane Latu,Hastings (W),VFA,1:22 5-0,Vanessa Bautista,University of St. Mary's (W)
2022,155,Round of 16,Kenya-Lee Sloan,Campbellsville (W),VFA,2:15 5-0,Mahealani Ramirez,Missouri Valley (W)
2022,155,Consi of 16 #1,Gabrielle Tata-Rodrigues,Corban (W),VFA,0:43 6-4,Shianne Whited,Central Methodist (W)
2022,155,Round of 16,Brooke-Lynn Rush,Missouri Valley (W),VFA,5:45 2-3,Dempsi Talkington,Eastern Oregon (W)
2022,155,Consi of 16 #1,Irene Sanchez Figuera,Oklahoma City (W),VSU,11-0 3:13,Emma Schrieber,Missouri Baptist (W)
2022,155,Round of 16,Salima Omari,William Penn (W),VFA,2:48 5-8,Alia Abushi,Menlo
2022,143,Consi of 16 #1,Nayeli Maston,Eastern Oregon (W),VPO1,10-2,Taylor Whitehurst,Cumberlands (W)
2022,155,Round of 16,Kendra Thompson,Campbellsville (W),VFA,1:37 3-0,Sienna Ramirez,Southern Oregon (W)
2022,155,Round of 16,India Page,Brewton Parker (W),VFA,2:09 10-0,Tenley Swope,Eastern Oregon (W)
2022,143,Round of 16,Samantha Snow,Indiana Tech (W),VPO1,10-2,Sadie Forman,Wayland Baptist (W)
2022,155,Round of 16,Destinee Rivera,Life (W),VFA,4:46 13-4,Berenice Espino,Waldorf (W)
2022,155,Round of 16,Kaylynn Albrecht,Baker (W),VFA,1:08 8-0,Leilani Hernandez,Texas Wesleyan (W)
2022,143,Consi of 16 #1,Morgan Mackey,Providence (W),VFA,4:23 12-6,Kailee Godinez,Cumberlands (W)
2022,143,Consi of 16 #1,Andrea Montoya,Central Methodist (W),VFA,2:55 4-4,Brianne Whited,Central Methodist (W)
2022,143,Consi of 16 #1,Brelane Huber,Campbellsville (W),VFA,1:41 6-0,Ingrid Beltran-Gonzaga,Ottawa (W)
2022,143,Consi of 16 #1,Sidalie Jaramillo,University of St. Mary's (W),VFA,2:56 15-8,Susana Mondragon,Avila University (W)
2022,143,Round of 16,Maryellen Lafferty,Texas Wesleyan (W),VSU1,17-6 5:23,Kaydince Turner,Hastings (W)
2022,143,Consi of 16 #1,Ashlee Vaughan,Oklahoma City (W),VFA,4:33 4-0,Tess Kinne,Missouri Valley (W)
2022,143,Consi of 16 #1,Lianna Souza,Wayland Baptist (W),VFA,1:24 9-0,Kaylee Narlock,Jamestown (W)
2022,143,Round of 16,Morgan Shines,Eastern Oregon (W),VPO1,9-1,Carley Anderson,Indiana Tech (W)
2022,136,Round of 16,Gracie Figueroa,Menlo,VSU1,12-1 1:48,Abbie Jones,Baker (W)
2022,136,Consi of 16 #1,Samanatha Barragan,Life Pacific (W),VFA,1:56 5-0,Nahdia Barrientos,Waldorf (W)
2022,143,Consi of 16 #1,Ku'uipo Chan,Waldorf (W),VSU,11-0 1:54,Sydney Boyle,York (W)
2022,136,Round of 16,Louisa Schwab,Menlo,VFA,5:28 12-0,Destiny Campbell,Iowa Wesleyan University (W)
2022,143,Round of 16,Destiny Lyng,Oklahoma City (W),VSU1,12-2 2:16,Marianyeli Mercado,Brewton Parker (W)
2022,143,Round of 16,Josette Partney,Missouri Baptist (W),VFA,2:08 8-0,Ramona Jimenez,Southern Oregon (W)
2022,143,Round of 16,Madison Diaz,Grand View (W),VFA,0:35 4-0,Kai Morrison,Avila University (W)
2022,136,Round of 16,Randi Robison,Campbellsville (W),VPO1,8-2,Gianna Moreno,Missouri Valley (W)
2022,136,Consi of 16 #1,Mikinlee Smith,Ottawa (W),VIN,0:00 0-0,Cameryn Hulbert,York (W)
2022,143,Round of 16,Alexis Gomez,Grand View (W),VSU,10-0 2:21,Ashleigh Denny,William Penn (W)
2022,136,Consi of 16 #1,Allyson Arrington,Cumberlands (W),VFA,4:34 20-12,Alondra Becerra,Hastings (W)
2022,136,Consi of 16 #1,Alex Banag,Lyon,VFA,1:49 7-4,Julia Mata,Missouri Valley (W)
2022,136,Consi of 16 #1,Krystal Fabricante,Eastern Oregon (W),VFA,1:04 7-0,Rebekah Koolstra,University of St. Mary's (W)
2022,130,Consi of 16 #1,Araya Boday,University of St. Mary's (W),VPO1,12-4,Gabbie Parini,Providence (W)
2022,143,Round of 16,Emma Walker,Campbellsville (W),VFA,0:23 4-0,Derriane Morrison,Ottawa (W)
2022,136,Round of 16,Ellyana Kuzma,Indiana Tech (W),VFA,1:58 11-0,Ashlee Palimoo,Midland (W)
2022,136,Consi of 16 #1,Adriana Orozco,Oklahoma City (W),VSU,10-0 0:55,Alexis Lopez,Grand View (W)
2022,136,Round of 16,Jordan Suarez,Wayland Baptist (W),VSU,10-0 2:33,Allyssa Pirro,Indiana Tech (W)
2022,130,Consi of 16 #1,Cindy Zepeda,Menlo,VPO1,4-2,Joanna Vanderwood,Iowa Wesleyan University (W)
2022,136,Consi of 16 #1,Autumn Barela,Central Methodist (W),VFA,2:25 8-0,Samantha Kuillan,Ottawa (W)
2022,136,Consi of 16 #1,Lindsay Mills,Missouri Baptist (W),VSU,10-0 3:00,Jessica Miller,Avila University (W)
2022,136,Round of 16,Diana Dzasezeva,Waldorf (W),VPO1,4-2,Emily Se,Southern Oregon (W)
2022,130,Consi of 16 #1,Olivia Branson,Baker (W),VFA,5:55 10-7,Rebekah Garcia,Lyon
2022,136,Round of 16,Paige Respicio,Providence (W),VFA,0:09 4-0,Kamryn Ellis,Brewton Parker (W)
2022,130,Round of 16,Lexie Basham,Texas Wesleyan (W),VPO1,12-4,Emily Paulino,Midland (W)
2022,130,Consi of 16 #1,Willow Barnes,Missouri Valley (W),VFA,2:08 2-10,Avery Thomason,Midland (W)
2022,136,Round of 16,Adaugo Nwachukwu,Iowa Wesleyan University (W),VFA,1:18 10-0,Savannah Turner,Hastings (W)
2022,130,Round of 16,Allie Baudhuin,Jamestown (W),VSU,10-0 1:34,Katlyn Pizzo,Campbellsville (W)
2022,130,Consi of 16 #1,Jori Richardson,Brewton Parker (W),VSU,10-0 3:11,Lydia Nelson,William Penn (W)
2022,130,Consi of 16 #1,Desinee Lopez,Southern Oregon (W),VSU1,12-1 4:10,Cassidy Anderson,Central Christian (W)
2022,130,Round of 16,Kaylee Moore,Eastern Oregon (W),VSU,11-0 2:08,Julissa Taitano,Southern Oregon (W)
2022,130,Round of 16,De'anna Prince,Wayland Baptist (W),VSU,10-0 1:25,Jo-Ellen Hutto,St. Andrews (W)
2022,130,Consi of 16 #1,Olivia Mottley,Life (W),VFA,0:28 4-0,Tabitha Wood,Hastings (W)
2022,130,Round of 16,Julia Vidallon,Life (W),VPO1,10-3,Kaelyn Siason,Providence (W)
2022,123,Consi of 16 #1,Marissa Burt,Jamestown (W),VSU,10-0 0:43,Yalita Arroyo,Friends University (W)
2022,123,Consi of 16 #1,Alesandra Burgos,Brewton Parker (W),VFA,2:14 7-0,Abbi Link,Hastings (W)
2022,130,Round of 16,Leidaly Rivera,Brewton Parker (W),VSU,11-0 1:27,Jocelyn Murphy,Missouri Valley (W)
2022,123,Consi of 16 #1,Geneva Winston,Brewton Parker (W),VSU1,13-2 4:25,Katy Figueroa,York (W)
2022,130,Consi of 16 #1,Gwendolyn Grimes,William Penn (W),VFA,0:54 4-1,Jaden South,Corban (W)
2022,123,Round of 16,Alana Vivas,Menlo,VSU1,12-1 5:06,Ashley Whetzal,Lyon
2022,130,Round of 16,Andrea Schlabach,Grand View (W),VFA,2:06 8-0,Jennifer Castaneda,Waldorf (W)
2022,130,Round of 16,Nanea Estrella,Menlo,VFA,0:44 4-0,Corinne Robertson,Ottawa (W)
2022,123,Round of 16,Macy Higa,Eastern Oregon (W),VFA,3:53 8-0,Laila Sa,Life (W)
2022,123,Consi of 16 #1,Allison Hynes,Central Methodist (W),VFA,1:02 2-0,Kimberly Evangelista,Central Christian (W)
2022,123,Consi of 16 #1,Mami Selemani,William Penn (W),VSU,10-0 2:30,Zoi Smith,Iowa Wesleyan University (W)
2022,123,Round of 16,Nichole Moore,Baker (W),VSU1,15-3 5:48,Emma Jones,Indiana Tech (W)
2022,123,Consi of 16 #1,Dylan Hernandez,Cumberlands (W),VIN,0:00 0-0,Sophia Smith,Oklahoma City (W)
2022,123,Round of 16,Devin Patton,Texas Wesleyan (W),VPO1,15-10,Jasmine Hernandez,Lyon
2022,123,Consi of 16 #1,Allison Doppenberg,York (W),VFA,1:12 8-1,Lauren LopezÂ,University of St. Mary's (W)
2022,123,Round of 16,Leilah Castro,Campbellsville (W),VFA,0:34 2-0,Brianna Munoz,Midland (W)
2022,123,Round of 16,Carolina Moreno,Southern Oregon (W),VSU,10-0 1:51,Lizzete Young,Menlo
2022,116,Consi of 16 #1,Prethy Enriquez,Midland (W),VPO,4-0,Carly Courcier,Oklahoma City (W)
2022,123,Consi of 16 #1,Josie Bartishofski,Jamestown (W),VFA,4:15 8-0,Tonya Flournory,St. Andrews (W)
2022,116,Consi of 16 #1,Aphrodite Ayala,Simpson University,VPO1,5-2,Anjelynn Baron,Eastern Oregon (W)
2022,116,Round of 16,Arianna Marrufo,Jamestown (W),VPO1,8-2,Ashley Tobe,Grand View (W)
2022,116,Consi of 16 #1,Gigi Loza,Central Methodist (W),VPO1,4-3,Kali Christie,University of St. Mary's (W)
2022,123,Round of 16,Adrienna Turner,Grand View (W),VSU1,12-2 3:51,Rebekah Cordovas,Wayland Baptist (W)
2022,116,Round of 16,Carol Johnson,Southern Oregon (W),VPO1,5-1,Katherine Heath,Baker (W)
2022,116,Consi of 16 #1,Emily Ferguson,York (W),VFA,1:23 2-8,Korigan Wilkey,Indiana Tech (W)
2022,109,Consi of 16 #1,Jessica Correrdor,Missouri Baptist (W),VFO,0-0,Jessienna Burkett-Erice,Lyon
2022,109,Round of 16,Kory Phillips,Life (W),VPO1,9-5,Macie Stewart,Southern Oregon (W)
2022,123,Round of 16,Karoline Ortiz,Missouri Baptist (W),VSU,11-0 1:56,Jackie Ghent,Campbellsville (W)
2022,116,Consi of 16 #1,Kendall Martin,Corban (W),VSU1,14-4 3:45,Emma De Brum,Lyon
2022,116,Round of 16,Ashley Gooman,Providence (W),VSU,11-0 4:12,Markayla Lottie,Avila University (W)
2022,109,Round of 16,Barbara Greenberg,Menlo,VPO1,10-7,Chloe Krebsbach,Grand View (W)
2022,116,Round of 16,McKayla Campbell,Campbellsville (W),VSU,10-0 1:15,Catherine Steinkamp,William Penn (W)
2022,116,Consi of 16 #1,Jonesha Kennedy,Wayland Baptist (W),VFA,1:05 6-0,Andrea Contreras,Central Christian (W)
2022,116,Consi of 16 #1,Irma Retano,Eastern Oregon (W),VSU,10-0 1:01,Alyssa Sanchez,Central Christian (W)
2022,116,Round of 16,Tara Othman,Southern Oregon (W),VSU,10-0 2:39,Tess Barnett,Corban (W)
2022,116,Round of 16,Salyna Shotwell,Life (W),VFA,0:40 4-0,Destiny Dominguez,Waldorf (W)
2022,116,Round of 16,Camille Fournier,Texas Wesleyan (W),VFA,1:00 8-0,Aaliyah Bueno,Baker (W)
2022,109,Consi of 16 #1,Jaine Stephens,Cumberlands (W),VSU,10-0 1:48,Riley Horvath,Indiana Tech (W)
2022,109,Consi of 16 #1,Lillianna Campbell,Missouri Valley (W),VFA,0:35 4-0,Jaselynn Dunn,Friends University (W)
2022,101,Consi of 16 #1,Brooke Burrows,Corban (W),VPO1,18-12,Kylie Hernandez,Baker (W)
2022,109,Consi of 16 #1,Mia Arceneaux,Wayland Baptist (W),VFA,1:14 6-0,Nadia Alejandres,Oklahoma City (W)
2022,116,Round of 16,Alleida Martinez,Menlo,VSU1,12-2 1:10,Hailey Holland,Lyon
2022,109,Round of 16,Mia Palumbo,Iowa Wesleyan University (W),VFA,1:59 9-0,Tiana Savino,Hastings (W)
2022,109,Round of 16,Jasmine Godinez,Texas Wesleyan (W),VSU,10-0 3:32,Stephanie Blankenship,Eastern Oregon (W)
2022,109,Round of 16,Alexis Medina,Cumberlands (W),VPO1,10-8,Tehani Soares,Indiana Tech (W)
2022,109,Consi of 16 #1,Claire Payne,York (W),VFA,1:21 4-0,Zoey Mzeru,Avila University (W)
2022,109,Round of 16,Peyton Prussin,Life (W),VFA,0:25 2-0,Laura Lincoln,Lyon
2022,101,Round of 16,Elizabeth Dosado,Cumberlands (W),VPO1,5-4,Angelique Cervantes,Life Pacific (W)
2022,109,Round of 16,Asia,Oviance,Ray,(Wayland,Baptist,W)) VSU 12-0 0:37 Angelique Martinez (Ottawa (W)
2022,101,Round of 16,Ivy Navarro,Providence (W),VFA,0:13 2-0,Kylie Marlin,York (W)
2022,101,Round of 16,Madison Brown,Texas Wesleyan (W),VPO1,10-6,Sydney Kutzke,Indiana Tech (W)
2022,109,Round of 16,Alyssa Valdivia,Brewton Parker (W),VPO1,10-2,Kelsey Bilz,Campbellsville (W)
2022,101,Consi of 16 #1,Gabriela Galvez Garcia,Brewton Parker (W),VSU,10-0 2:17,Alyssa Cordova,University of St. Mary's (W)
2022,101,Round of 16,Emma Cochran,Grand View (W),VPO1,8-6,Mia Diaz,Campbellsville (W)
2022,101,Round of 16,Esther Walker,Midland (W),VFA,3:40 6-0,Tianna Fernandez,Menlo
2022,101,Consi of 16 #1,Emma Baertlein,Southern Oregon (W),VSU,10-0 2:26,Bemnet Tesfa,Hastings (W)
2022,101,Consi of 16 #1,Ana Bradshaw,Missouri Baptist (W),VFA,0:40 4-0,Maddison Soman,Ottawa (W)
2022,155,Consi of 32 #2,Ilaisaane Latu,Hastings (W),VFA,0:24 4-0,Brittani Burgess,Ottawa (W)
2022,155,Consi of 32 #2,Gabrielle Tata-Rodrigues,Corban (W),VFA,1:34 6-0,Priscilla Luevano,Lyon
2022,101,Round of 16,Alaina Sunlin,Iowa Wesleyan University (W),VFA,3:32 14-4,Ira Navarro,Providence (W)
2022,101,Round of 16,Nina Pham,Wayland Baptist (W),VSU,10-0 0:27,Hannah Michael,Grand View (W)
2022,130,Consi of 32 #2,Joanna Vanderwood,Iowa Wesleyan University (W),VPO1,6-2,Corrine McClure,Central Methodist (W)
2022,143,Consi of 32 #2,Susana Mondragon,Avila University (W),VFA,0:23 4-0,Audrey Driskell,Lincoln
2022,123,Consi of 32 #2,Marissa Burt,Jamestown (W),VFA,4:10 8-5,Michaela Childs,Oklahoma City (W)
2022,101,Round of 16,Katalina Bartelt,Life (W),VSU,10-0 0:18,Nayeli Flores Roque,Eastern Oregon (W)
2022,143,Consi of 32 #2,Brianne Whited,Central Methodist (W),VFA,1:20 6-1,Elizabeth Ramirez,University of St. Mary's (W)
2022,123,Consi of 32 #2,Allison Doppenberg,York (W),VFA,0:32 6-0,Dakota Darby,Ottawa (W)
2022,130,Consi of 32 #2,Araya Boday,University of St. Mary's (W),VSU,10-0 0:31,Bailey Hoyt,Friends University (W)
2022,155,Consi of 32 #2,Emma Schrieber,Missouri Baptist (W),VFA,0:52 6-0,Haylee McDonald,Central Christian (W)
2022,191,Round of 32,Ryann Rumsey,Oklahoma City (W),VFA,3:25 11-2,Grace Montierth,Hastings (W)
2022,130,Consi of 32 #2,Jori Richardson,Brewton Parker (W),VFA,2:01 8-0,Hayden Oaks,Ottawa (W)
2022,123,Consi of 32 #2,Josie Bartishofski,Jamestown (W),VSU,10-0 1:00,McKenna Deckelman,Central Methodist (W)
2022,123,Consi of 32 #2,Zoi Smith,Iowa Wesleyan University (W),VSU1,12-2 2:40,Zoey Smith,Cumberlands (W)
2022,123,Consi of 32 #2,Geneva Winston,Brewton Parker (W),VFA,1:18 8-2,Sasha Bel,Simpson University
2022,123,Consi of 32 #2,Alesandra Burgos,Brewton Parker (W),VFA,2:24 2-0,Alisha Van Scoy,University of St. Mary's (W)
2022,191,Round of 32,Gabrielle Hamilton,Life (W),VFA,2:27 8-0,Alexis Tupuola,Providence (W)
2022,191,Round of 32,Kelly LaCost,Jamestown (W),VFA,1:52 6-0,De'Zirae White,Missouri Valley (W)
2022,170,Round of 32,Aalyah Villarreal,Texas Wesleyan (W),VFA,1:19 6-0,Jordan Roberts,Missouri Baptist (W)
2022,170,Round of 32,Danielle Saldivar,Missouri Valley (W),VFA,0:38 6-0,Abby Beeck,Hastings (W)
2022,191,Round of 32,Tavia Heildelberg-Tilliston,Menlo,VSU,10-0 2:45,Alyandina Makanalani Bushe,Missouri Valley (W)
2022,191,Round of 32,Elisa Holley,St. Andrews (W),VFA,1:58 6-0,Samantha Ruano,William Penn (W)
2022,191,Round of 32,Lessly Sandoval,University of St. Mary's (W),VFA,0:46 6-0,Grace Brown,Grand View (W)
2022,191,Round of 32,Liliana Vergara,Campbellsville (W),VFA,1:43 10-0,Grace Todhunter,Jamestown (W)
2022,155,Round of 32,Salima Omari,William Penn (W),VSU,11-0 0:58,Mandy Camacho,Jamestown (W)
2022,170,Round of 32,Abby McIntyre,Grand View (W),VSU1,12-2 3:31,Grace Doering,Indiana Tech (W)
2022,155,Round of 32,Brooke-Lynn Rush,Missouri Valley (W),VFA,5:42 8-8,Alexys Zepeda,Corban (W)
2022,155,Round of 32,Mahealani Ramirez,Missouri Valley (W),VSU,11-0 3:17,Shianne Whited,Central Methodist (W)
2022,155,Round of 32,Tenley Swope,Eastern Oregon (W),VFA,2:36 3-0,Irene Sanchez Figuera,Oklahoma City (W)
2022,191,Round of 32,Elisa Robinson,Baker (W),VFA,0:16 4-0,Jazlind Warren,Hastings (W)
2022,170,Round of 32,Angelina Adams,Oklahoma City (W),VSU,10-0 3:45,Jolette Miner-Ho,Providence (W)
2022,170,Round of 32,Jordan Nelson,Life (W),VFA,1:18 4-0,Raziyah Thomas,Avila University (W)
2022,155,Round of 32,Alia Abushi,Menlo,VSU,10-0 1:12,Jennifer Jimenez,Waldorf (W)
2022,155,Round of 32,Kenya-Lee Sloan,Campbellsville (W),VFA,2:18 10-0,Gabrielle Tata-Rodrigues,Corban (W)
2022,155,Round of 32,Tiyanha Askew,Missouri Baptist (W),VFA,0:28 4-0,Marissa Salazar,Friends University (W)
2022,155,Round of 32,Sadie Antoque,Providence (W),VFA,3:54 8-1,Autumn Terhune,Indiana Tech (W)
2022,143,Round of 32,Alexis Gomez,Grand View (W),VSU,12-0 2:36,Brelane Huber,Campbellsville (W)
2022,155,Round of 32,Berenice Espino,Waldorf (W),VFA,4:19 10-0,Kimberly Pollak,Hastings (W)
2022,155,Round of 32,India Page,Brewton Parker (W),VSU,12-0 0:32,Haylee McDonald,Central Christian (W)
2022,155,Round of 32,Kaylynn Albrecht,Baker (W),VFA,1:43 12-0,tyeisha takamori,Midland (W)
2022,155,Round of 32,Kendra Thompson,Campbellsville (W),VFA,0:42 4-1,Vanessa Bautista,University of St. Mary's (W)
2022,143,Round of 32,Ramona Jimenez,Southern Oregon (W),VPO1,5-3,Lianna Souza,Wayland Baptist (W)
2022,155,Round of 32,Destinee Rivera,Life (W),VSU,11-0 1:54,Gabriella Escamilla,Oklahoma City (W)
2022,143,Round of 32,Destiny Lyng,Oklahoma City (W),VSU,10-0 1:14,Sidalie Jaramillo,University of St. Mary's (W)
2022,143,Round of 32,Marianyeli Mercado,Brewton Parker (W),VFA,3:36 9-4,Susana Mondragon,Avila University (W)
2022,155,Round of 32,Leilani Hernandez,Texas Wesleyan (W),VFA,0:36 5-4,Toyia Griffin,William Penn (W)
2022,143,Round of 32,Maryellen Lafferty,Texas Wesleyan (W),VSU1,14-4 4:08,Ku'uipo Chan,Waldorf (W)
2022,155,Round of 32,Dempsi Talkington,Eastern Oregon (W),VFA,0:52 2-4,McKenzie Cook,Lincoln
2022,143,Round of 32,Morgan Shines,Eastern Oregon (W),VSU,12-0 1:52,Kailee Godinez,Cumberlands (W)
2022,155,Round of 32,Sienna Ramirez,Southern Oregon (W),VSU,10-0 0:21,Brittani Burgess,Ottawa (W)
2022,143,Round of 32,Kaydince Turner,Hastings (W),VFA,2:22 10-0,Sydney Boyle,York (W)
2022,143,Round of 32,Ashleigh Denny,William Penn (W),VSU,10-0 0:00,Ingrid Beltran-Gonzaga,Ottawa (W)
2022,143,Round of 32,Madison Diaz,Grand View (W),VFA,0:22 2-0,Taylor Whitehurst,Cumberlands (W)
2022,143,Round of 32,Carley Anderson,Indiana Tech (W),VPO,7-0,Morgan Mackey,Providence (W)
2022,143,Round of 32,Samantha Snow,Indiana Tech (W),VFA,2:59 5-4,Ashlee Vaughan,Oklahoma City (W)
2022,136,Round of 32,Destiny Campbell,Iowa Wesleyan University (W),VFA,1:29 6-0,Alexis Lopez,Grand View (W)
2022,143,Round of 32,Kai Morrison,Avila University (W),VSU,11-0 4:08,Nayeli Maston,Eastern Oregon (W)
2022,143,Round of 32,Josette Partney,Missouri Baptist (W),VSU,10-0 1:10,Kaylee Narlock,Jamestown (W)
2022,136,Round of 32,Gianna Moreno,Missouri Valley (W),VSU1,12-1 5:49,Cameryn Hulbert,York (W)
2022,136,Round of 32,Jordan Suarez,Wayland Baptist (W),VSU,10-0 2:11,Alondra Becerra,Hastings (W)
2022,136,Round of 32,Abbie Jones,Baker (W),VFA,0:38 4-0,Nahdia Barrientos,Waldorf (W)
2022,143,Round of 32,Sadie Forman,Wayland Baptist (W),VSU,10-0 3:00,Tess Kinne,Missouri Valley (W)
2022,143,Round of 32,Emma Walker,Campbellsville (W),VFA,0:26 4-0,Elizabeth Ramirez,University of St. Mary's (W)
2022,136,Round of 32,Ellyana Kuzma,Indiana Tech (W),VSU,10-0 1:51,Lindsay Mills,Missouri Baptist (W)
2022,136,Round of 32,Diana Dzasezeva,Waldorf (W),VPO1,11-3,Alex Banag,Lyon
2022,136,Round of 32,Louisa Schwab,Menlo,VPO1,4-3,Adriana Orozco,Oklahoma City (W)
2022,130,Round of 32,Jocelyn Murphy,Missouri Valley (W),VSU1,15-2 2:23,Araya Boday,University of St. Mary's (W)
2022,136,Round of 32,Gracie Figueroa,Menlo,VSU,10-0 2:04,Samanatha Barragan,Life Pacific (W)
2022,143,Round of 32,Derriane Morrison,Ottawa (W),VFA,1:59 6-4,Andrea Montoya,Central Methodist (W)
2022,136,Round of 32,Adaugo Nwachukwu,Iowa Wesleyan University (W),VFA,0:53 6-0,Krystal Fabricante,Eastern Oregon (W)
2022,136,Round of 32,Paige Respicio,Providence (W),VFA,0:59 5-0,Autumn Barela,Central Methodist (W)
2022,136,Round of 32,Randi Robison,Campbellsville (W),VFA,0:23 2-0,Mikinlee Smith,Ottawa (W)
2022,136,Round of 32,Allyssa Pirro,Indiana Tech (W),VSU,12-0 1:28,Allyson Arrington,Cumberlands (W)
2022,136,Round of 32,Kamryn Ellis,Brewton Parker (W),VFA,2:37 6-0,Samantha Kuillan,Ottawa (W)
2022,130,Round of 32,Leidaly Rivera,Brewton Parker (W),VFA,4:20 10-3,Gabbie Parini,Providence (W)
2022,136,Round of 32,Emily Se,Southern Oregon (W),VFA,0:46 4-0,Julia Mata,Missouri Valley (W)
2022,130,Round of 32,Emily Paulino,Midland (W),VFA,2:30 6-0,Tabitha Wood,Hastings (W)
2022,136,Round of 32,Savannah Turner,Hastings (W),VFA,0:49 10-0,Rebekah Koolstra,University of St. Mary's (W)
2022,136,Round of 32,Ashlee Palimoo,Midland (W),VSU,10-0 3:14,Jessica Miller,Avila University (W)
2022,130,Round of 32,Jennifer Castaneda,Waldorf (W),VPO1,5-4,Cassidy Anderson,Central Christian (W)
2022,130,Round of 32,Lexie Basham,Texas Wesleyan (W),VSU,12-0 2:31,Olivia Mottley,Life (W)
2022,130,Round of 32,Julissa Taitano,Southern Oregon (W),VSU1,11-1 4:14,Cindy Zepeda,Menlo
2022,130,Round of 32,Katlyn Pizzo,Campbellsville (W),VFA,0:36 8-1,Gwendolyn Grimes,William Penn (W)
2022,130,Round of 32,Jo-Ellen Hutto,St. Andrews (W),VFA,5:05 8-4,Rebekah Garcia,Lyon
2022,130,Round of 32,Julia Vidallon,Life (W),VPO1,9-2,Jori Richardson,Brewton Parker (W)
2022,130,Round of 32,Andrea Schlabach,Grand View (W),VSU,12-0 1:44,Desinee Lopez,Southern Oregon (W)
2022,130,Round of 32,Allie Baudhuin,Jamestown (W),VSU,10-0 0:59,Jaden South,Corban (W)
2022,130,Round of 32,De'anna Prince,Wayland Baptist (W),VSU,10-0 1:42,Olivia Branson,Baker (W)
2022,130,Round of 32,Kaelyn Siason,Providence (W),VFA,4:13 10-0,Lydia Nelson,William Penn (W)
2022,123,Round of 32,Leilah Castro,Campbellsville (W),VFA,1:42 4-0,Allison Hynes,Central Methodist (W)
2022,130,Round of 32,Kaylee Moore,Eastern Oregon (W),VSU1,13-2 4:21,Corrine McClure,Central Methodist (W)
2022,123,Round of 32,Brianna Munoz,Midland (W),VSU1,13-2 2:42,Kimberly Evangelista,Central Christian (W)
2022,123,Round of 32,Laila Sa,Life (W),VPO1,10-9,Tonya Flournory,St. Andrews (W)
2022,130,Round of 32,Nanea Estrella,Menlo,VSU,10-0 1:32,Avery Thomason,Midland (W)
2022,130,Round of 32,Corinne Robertson,Ottawa (W),VFA,2:51 6-4,Willow Barnes,Missouri Valley (W)
2022,123,Round of 32,Devin Patton,Texas Wesleyan (W),VSU,10-0 0:30,Katy Figueroa,York (W)
2022,123,Round of 32,Alana Vivas,Menlo,VFA,2:12 10-0,Alisha Van Scoy,University of St. Mary's (W)
2022,123,Round of 32,Rebekah Cordovas,Wayland Baptist (W),VSU1,12-1 1:08,Dylan Hernandez,Cumberlands (W)
2022,123,Round of 32,Ashley Whetzal,Lyon,VFA,0:22 4-0,Abbi Link,Hastings (W)
2022,123,Round of 32,Macy Higa,Eastern Oregon (W),VFA,2:58 9-0,Josie Bartishofski,Jamestown (W)
2022,123,Round of 32,Jasmine Hernandez,Lyon,VSU,10-0 2:30,Geneva Winston,Brewton Parker (W)
2022,123,Round of 32,Carolina Moreno,Southern Oregon (W),VSU,10-0 0:48,Allison Doppenberg,York (W)
2022,123,Round of 32,Karoline Ortiz,Missouri Baptist (W),VPO1,11-7,Mami Selemani,William Penn (W)
2022,116,Round of 32,Salyna Shotwell,Life (W),VFA,1:24 8-0,Aphrodite Ayala,Simpson University
2022,123,Round of 32,Lizzete Young,Menlo,VSU,10-0 1:21,Lauren LopezÂ,University of St. Mary's (W)
2022,123,Round of 32,Adrienna Turner,Grand View (W),VFA,0:51 4-0,Sophia Smith,Oklahoma City (W)
2022,116,Round of 32,Arianna Marrufo,Jamestown (W),VSU1,12-2 4:02,Korigan Wilkey,Indiana Tech (W)
2022,123,Round of 32,Emma Jones,Indiana Tech (W),VFA,0:28 4-0,Yalita Arroyo,Friends University (W)
2022,116,Round of 32,Ashley Tobe,Grand View (W),VSU1,16-2 5:02,Emily Ferguson,York (W)
2022,123,Round of 32,Jackie Ghent,Campbellsville (W),VSU1,12-2 4:19,Zoi Smith,Iowa Wesleyan University (W)
2022,116,Round of 32,Destiny Dominguez,Waldorf (W),VSU,10-0 3:24,Anjelynn Baron,Eastern Oregon (W)
2022,116,Round of 32,Markayla Lottie,Avila University (W),VFA,1:23 3-0,Emma De Brum,Lyon
2022,116,Round of 32,Carol Johnson,Southern Oregon (W),VSU,10-0 0:50,Carly Courcier,Oklahoma City (W)
2022,116,Round of 32,Aaliyah Bueno,Baker (W),VSU1,16-6 1:50,Andrea Contreras,Central Christian (W)
2022,123,Round of 32,Nichole Moore,Baker (W),VSU,10-0 2:09,Marissa Burt,Jamestown (W)
2022,116,Round of 32,Camille Fournier,Texas Wesleyan (W),VSU1,15-5 3:17,Jonesha Kennedy,Wayland Baptist (W)
2022,109,Round of 32,Kory Phillips,Life (W),VPO1,12-7,Jaine Stephens,Cumberlands (W)
2022,116,Round of 32,Tess Barnett,Corban (W),VSU,10-0 2:24,Kali Christie,University of St. Mary's (W)
2022,116,Round of 32,Ashley Gooman,Providence (W),VSU1,12-2 3:59,Kendall Martin,Corban (W)
2022,116,Round of 32,McKayla Campbell,Campbellsville (W),VFA,1:53 8-0,Briana Funakoshi,Life (W)
2022,116,Round of 32,Tara Othman,Southern Oregon (W),VSU,10-0 1:14,Gigi Loza,Central Methodist (W)
2022,109,Round of 32,Asia,Oviance,Ray,(Wayland,Baptist,W)) VPO1 3-3 Samantha Weeks (Jamestown (W)
2022,116,Round of 32,Hailey Holland,Lyon,VPO1,5-3,Irma Retano,Eastern Oregon (W)
2022,116,Round of 32,Alleida Martinez,Menlo,VSU,10-0 0:41,Alyssa Sanchez,Central Christian (W)
2022,109,Round of 32,Tiana Savino,Hastings (W),VFA,1:15 11-0,Jaselynn Dunn,Friends University (W)
2022,109,Round of 32,Alexis Medina,Cumberlands (W),VPO1,8-5,Jessica Correrdor,Missouri Baptist (W)
2022,116,Round of 32,Katherine Heath,Baker (W),VFA,1:30 4-0,Prethy Enriquez,Midland (W)
2022,109,Round of 32,Alyssa Valdivia,Brewton Parker (W),VFA,5:01 12-4,Mia Arceneaux,Wayland Baptist (W)
2022,101,Round of 32,Esther Walker,Midland (W),VSU,10-0 1:53,Kassidy Ramirez,Lyon
2022,109,Round of 32,Chloe Krebsbach,Grand View (W),VFA,0:57 6-0,Zoey Mzeru,Avila University (W)
2022,109,Round of 32,Jasmine Godinez,Texas Wesleyan (W),VSU,10-0 2:55,Melanie Salazar,Simpson University
2022,109,Round of 32,Mia Palumbo,Iowa Wesleyan University (W),VSU,11-0 1:17,Lillianna Campbell,Missouri Valley (W)
2022,109,Round of 32,Tehani Soares,Indiana Tech (W),VFO,Jessienna,Burkett-Erice,Lyon
2022,101,Round of 32,Mia Diaz,Campbellsville (W),VPO,7-0,Malarie Dominguez,Wayland Baptist (W)
2022,109,Round of 32,Barbara Greenberg,Menlo,VFA,1:24 6-0,Claire Payne,York (W)
2022,109,Round of 32,Macie Stewart,Southern Oregon (W),VSU,10-0 1:34,Riley Horvath,Indiana Tech (W)
2022,109,Round of 32,Kelsey Bilz,Campbellsville (W),VFA,0:48 4-0,Nadia Alejandres,Oklahoma City (W)
2022,101,Round of 32,Nayeli Flores Roque,Eastern Oregon (W),VPO1,10-4,Brooke Burrows,Corban (W)
2022,109,Round of 32,Peyton Prussin,Life (W),VSU,10-0 2:21,Lana Hunt,Providence (W)
2022,101,Round of 32,Ivy Navarro,Providence (W),VSU,10-0 0:52,Gabriela Galvez Garcia,Brewton Parker (W)
2022,101,Round of 32,Katalina Bartelt,Life (W),VSU,10-0 1:45,Kylie Hernandez,Baker (W)
2022,101,Round of 32,Kylie Marlin,York (W),VSU1,13-2 1:33,Alyssa Cordova,University of St. Mary's (W)
2022,101,Round of 32,Angelique Cervantes,Life Pacific (W),VFA,1:27 2-6,Emma Baertlein,Southern Oregon (W)
2022,101,Round of 32,Hannah Michael,Grand View (W),VSU,10-0 1:43,Maddison Soman,Ottawa (W)
2022,101,Round of 32,Elizabeth Dosado,Cumberlands (W),VSU,10-0 1:57,Bemnet Tesfa,Hastings (W)
2022,155,Round of 64,Kenya-Lee Sloan,Campbellsville (W),VSU1,11-1 4:00,Ilaisaane Latu,Hastings (W)
2022,101,Round of 32,Nina Pham,Wayland Baptist (W),VSU,10-0 0:27,Ana Bradshaw,Missouri Baptist (W)
2022,101,Round of 32,Alaina Sunlin,Iowa Wesleyan University (W),VFA,1:19 2-0,Abby Jastal,Central Methodist (W)
2022,155,Round of 64,Destinee Rivera,Life (W),VSU,11-0 2:30,Emma Schrieber,Missouri Baptist (W)
2022,143,Round of 64,Andrea Montoya,Central Methodist (W),VSU1,14-4 4:05,Audrey Driskell,Lincoln
2022,130,Round of 64,Jocelyn Murphy,Missouri Valley (W),VFA,2:01 4-2,Joanna Vanderwood,Iowa Wesleyan University (W)
2022,101,Round of 32,Sydney Kutzke,Indiana Tech (W),VFA,1:23 6-0,Ella Whitaker,York (W)
2022,143,Round of 64,Destiny Lyng,Oklahoma City (W),VSU,10-0 0:46,Brianne Whited,Central Methodist (W)
2022,130,Round of 64,Kaylee Moore,Eastern Oregon (W),VSU,10-0 0:58,Bailey Hoyt,Friends University (W)
2022,130,Round of 64,Andrea Schlabach,Grand View (W),VFA,1:47 9-0,Hayden Oaks,Ottawa (W)
2022,123,Round of 64,Alisha Van Scoy,University of St. Mary's (W),VSU1,12-2 3:16,Zoey Smith,Cumberlands (W)
2022,123,Round of 64,Allison Doppenberg,York (W),VSU1,16-6 3:16,McKenna Deckelman,Central Methodist (W)
2022,123,Round of 64,Jackie Ghent,Campbellsville (W),VSU,10-0 2:06,Alesandra Burgos,Brewton Parker (W)
2022,123,Round of 64,Rebekah Cordovas,Wayland Baptist (W),VFA,1:08 9-1,Sasha Bel,Simpson University
2022,155,Round of 64,Sienna Ramirez,Southern Oregon (W),VFA,1:13 8-0,Priscilla Luevano,Lyon
2022,123,Round of 64,Macy Higa,Eastern Oregon (W),VSU,10-0 0:58,Dakota Darby,Ottawa (W)
2022,123,Round of 64,Allison Hynes,Central Methodist (W),VSU,10-0 0:39,Michaela Childs,Oklahoma City (W)
2022,191,Round of 32,Karrah Smith,Southern Oregon (W),BYE,,,
2022,109,Round of 32,Stephanie Blankenship,Eastern Oregon (W),BYE,,,
2022,123,Consi of 32 #2,Mami Selemani,William Penn (W),BYE,,,
2022,143,Round of 64,Lianna Souza,Wayland Baptist (W),BYE,,,
2022,170,Consi of 16 #2,Andrea Smith,William Penn (W),BYE,,,
2022,155,Consi of 32 #1,,,BYE,,,
2022,130,Consi of 32 #1,,,BYE,,,
2022,123,Round of 64,Brianna Munoz,Midland (W),BYE,,,
2022,191,Consi of 16 #1,Grace Todhunter,Jamestown (W),BYE,,,
2022,143,Round of 64,Derriane Morrison,Ottawa (W),BYE,,,
2022,191,Round of 32,Jesse Kirby,Cumberlands (W),BYE,,,
2022,155,Round of 64,tyeisha takamori,Midland (W),BYE,,,
2022,130,Consi of 32 #2,Lydia Nelson,William Penn (W),BYE,,,
2022,143,Round of 64,Nayeli Maston,Eastern Oregon (W),BYE,,,
2022,130,Consi of 32 #2,Rebekah Garcia,Lyon,BYE,,,
2022,143,Round of 64,Kaylee Narlock,Jamestown (W),BYE,,,
2022,130,Consi of 32 #2,Gwendolyn Grimes,William Penn (W),BYE,,,
2022,143,Consi of 32 #1,,,BYE,,,
2022,191,Consi of 16 #1,Grace Montierth,Hastings (W),BYE,,,
2022,155,Consi of 32 #2,Marissa Salazar,Friends University (W),BYE,,,
2022,155,Consi of 32 #1,,,BYE,,,
2022,123,Round of 64,Leilah Castro,Campbellsville (W),BYE,,,
2022,143,Round of 64,Marianyeli Mercado,Brewton Parker (W),BYE,,,
2022,130,Round of 64,Olivia Mottley,Life (W),BYE,,,
2022,130,Round of 64,Allie Baudhuin,Jamestown (W),BYE,,,
2022,130,Consi of 32 #1,,,BYE,,,
2022,116,Round of 32,Catherine Steinkamp,William Penn (W),BYE,,,
2022,143,Round of 64,Madison Diaz,Grand View (W),BYE,,,
2022,155,Consi of 32 #1,,,BYE,,,
2022,143,Consi of 32 #2,Ingrid Beltran-Gonzaga,Ottawa (W),BYE,,,
2022,143,Consi of 32 #1,,,BYE,,,
2022,123,Round of 64,Devin Patton,Texas Wesleyan (W),BYE,,,
2022,130,Round of 64,Gwendolyn Grimes,William Penn (W),BYE,,,
2022,130,Round of 64,Leidaly Rivera,Brewton Parker (W),BYE,,,
2022,170,Consi of 16 #1,Abby Beeck,Hastings (W),BYE,,,
2022,191,Consi of 16 #1,Alyandina Makanalani Bushe,Missouri Valley (W),BYE,,,
2022,123,Consi of 32 #1,Michaela Childs,Oklahoma City (W),BYE,,,
2022,143,Round of 64,Ingrid Beltran-Gonzaga,Ottawa (W),BYE,,,
2022,191,Consi of 16 #1,De'Zirae White,Missouri Valley (W),BYE,,,
2022,123,Consi of 32 #1,,,BYE,,,
2022,155,Consi of 32 #1,,,BYE,,,
2022,155,Round of 64,Tiyanha Askew,Missouri Baptist (W),BYE,,,
2022,143,Round of 64,Ashlee Vaughan,Oklahoma City (W),BYE,,,
2022,155,Consi of 32 #2,Vanessa Bautista,University of St. Mary's (W),BYE,,,
2022,143,Round of 64,Taylor Whitehurst,Cumberlands (W),BYE,,,
2022,130,Consi of 32 #1,Bailey Hoyt,Friends University (W),BYE,,,
2022,170,Consi of 16 #1,,,BYE,,,
2022,143,Round of 64,Maryellen Lafferty,Texas Wesleyan (W),BYE,,,
2022,170,Consi of 16 #2,Charity Goldsmith-Ding,York (W),BYE,,,
2022,191,Round of 32,Jojo Hendricks,Waldorf (W),BYE,,,
2022,130,Consi of 32 #1,,,BYE,,,
2022,191,Consi of 16 #1,Grace Brown,Grand View (W),BYE,,,
2022,155,Round of 64,Haylee McDonald,Central Christian (W),BYE,,,
2022,130,Consi of 32 #1,Joanna Vanderwood,Iowa Wesleyan University (W),BYE,,,
2022,130,Consi of 32 #2,Cassidy Anderson,Central Christian (W),BYE,,,
2022,155,Round of 64,Dempsi Talkington,Eastern Oregon (W),BYE,,,
2022,170,Round of 32,Jasmin Ballesteros,Midland (W),BYE,,,
2022,155,Consi of 32 #2,Shianne Whited,Central Methodist (W),BYE,,,
2022,123,Round of 64,Nichole Moore,Baker (W),BYE,,,
2022,155,Consi of 32 #2,Kimberly Pollak,Hastings (W),BYE,,,
2022,123,Consi of 32 #1,Zoey Smith,Cumberlands (W),BYE,,,
2022,143,Round of 64,Brelane Huber,Campbellsville (W),BYE,,,
2022,143,Round of 64,Kaydince Turner,Hastings (W),BYE,,,
2022,130,Consi of 32 #1,,,BYE,,,
2022,155,Consi of 32 #2,Mandy Camacho,Jamestown (W),BYE,,,
2022,155,Round of 64,McKenzie Cook,Lincoln,BYE,,,
2022,130,Consi of 32 #1,,,BYE,,,
2022,170,Round of 32,Maylee Edwards,William Penn (W),BYE,,,
2022,143,Round of 64,Kailee Godinez,Cumberlands (W),BYE,,,
2022,143,Consi of 32 #2,Ashlee Vaughan,Oklahoma City (W),BYE,,,
2022,123,Round of 64,Adrienna Turner,Grand View (W),BYE,,,
2022,191,Round of 32,MaQuoia Bernabe,Cumberlands (W),BYE,,,
2022,191,Consi of 16 #1,Alexis Tupuola,Providence (W),BYE,,,
2022,123,Consi of 32 #2,Allison Hynes,Central Methodist (W),BYE,,,
2022,123,Consi of 32 #1,Alesandra Burgos,Brewton Parker (W),BYE,,,
2022,155,Round of 64,Vanessa Bautista,University of St. Mary's (W),BYE,,,
2022,130,Consi of 32 #2,Tabitha Wood,Hastings (W),BYE,,,
2022,191,Round of 32,Lucero Cuevas,Friends University (W),BYE,,,
2022,123,Consi of 32 #1,,,BYE,,,
2022,130,Consi of 32 #2,Olivia Mottley,Life (W),BYE,,,
2022,130,Consi of 32 #2,Cindy Zepeda,Menlo,BYE,,,
2022,155,Consi of 32 #1,Priscilla Luevano,Lyon,BYE,,,
2022,101,Consi of 16 #1,Ella Whitaker,York (W),BYE,,,
2022,191,Round of 32,Emily Sandoval,Menlo,BYE,,,
2022,130,Consi of 32 #2,Gabbie Parini,Providence (W),BYE,,,
2022,130,Round of 64,Kaelyn Siason,Providence (W),BYE,,,
2022,130,Consi of 32 #1,,,BYE,,,
2022,109,Round of 32,Angelique Martinez,Ottawa (W),BYE,,,
2022,101,Round of 32,Ira Navarro,Providence (W),BYE,,,
2022,155,Consi of 32 #2,McKenzie Cook,Lincoln,BYE,,,
2022,155,Round of 64,Kimberly Pollak,Hastings (W),BYE,,,
2022,155,Round of 64,Autumn Terhune,Indiana Tech (W),BYE,,,
2022,123,Consi of 32 #2,Dylan Hernandez,Cumberlands (W),BYE,,,
2022,123,Consi of 32 #1,,,BYE,,,
2022,130,Round of 64,Jaden South,Corban (W),BYE,,,
2022,123,Round of 64,Geneva Winston,Brewton Parker (W),BYE,,,
2022,101,Consi of 16 #1,Malarie Dominguez,Wayland Baptist (W),BYE,,,
2022,143,Round of 64,Susana Mondragon,Avila University (W),BYE,,,
2022,143,Consi of 32 #1,,,BYE,,,
2022,155,Round of 64,Jennifer Jimenez,Waldorf (W),BYE,,,
2022,143,Consi of 32 #1,,,BYE,,,
2022,123,Round of 64,Kimberly Evangelista,Central Christian (W),BYE,,,
2022,170,Round of 32,Olivia Robinson,Eastern Oregon (W),BYE,,,
2022,130,Consi of 32 #2,Willow Barnes,Missouri Valley (W),BYE,,,
2022,123,Consi of 32 #1,,,BYE,,,
2022,143,Round of 64,Morgan Shines,Eastern Oregon (W),BYE,,,
2022,130,Round of 64,Desinee Lopez,Southern Oregon (W),BYE,,,
2022,155,Round of 64,Leilani Hernandez,Texas Wesleyan (W),BYE,,,
2022,155,Consi of 32 #2,Toyia Griffin,William Penn (W),BYE,,,
2022,123,Consi of 32 #1,Sasha Bel,Simpson University,BYE,,,
2022,155,Consi of 32 #1,,,BYE,,,
2022,143,Round of 64,Josette Partney,Missouri Baptist (W),BYE,,,
2022,123,Consi of 32 #1,,,BYE,,,
2022,170,Consi of 16 #1,Grace Doering,Indiana Tech (W),BYE,,,
2022,123,Round of 64,Ashley Whetzal,Lyon,BYE,,,
2022,123,Consi of 32 #2,Katy Figueroa,York (W),BYE,,,
2022,109,Consi of 16 #1,Samantha Weeks,Jamestown (W),BYE,,,
2022,170,Round of 32,Catherine McNulty,Indiana Tech (W),BYE,,,
2022,155,Consi of 32 #1,,,BYE,,,
2022,170,Round of 32,Dymond Guilford,Cumberlands (W),BYE,,,
2022,109,Consi of 16 #1,Lana Hunt,Providence (W),BYE,,,
2022,130,Round of 64,Nanea Estrella,Menlo,BYE,,,
2022,155,Round of 64,Kaylynn Albrecht,Baker (W),BYE,,,
2022,155,Round of 64,Shianne Whited,Central Methodist (W),BYE,,,
2022,130,Consi of 32 #1,,,BYE,,,
2022,130,Round of 64,Jori Richardson,Brewton Parker (W),BYE,,,
2022,155,Consi of 32 #1,,,BYE,,,
2022,143,Consi of 32 #1,,,BYE,,,
2022,130,Round of 64,Tabitha Wood,Hastings (W),BYE,,,
2022,155,Round of 64,Alexys Zepeda,Corban (W),BYE,,,
2022,170,Consi of 16 #2,Danielle Saldivar,Missouri Valley (W),BYE,,,
2022,155,Consi of 32 #1,,,BYE,,,
2022,123,Round of 64,Sophia Smith,Oklahoma City (W),BYE,,,
2022,130,Round of 64,Julissa Taitano,Southern Oregon (W),BYE,,,
2022,143,Round of 64,Sydney Boyle,York (W),BYE,,,
2022,155,Round of 64,Toyia Griffin,William Penn (W),BYE,,,
2022,123,Round of 64,Emma Jones,Indiana Tech (W),BYE,,,
2022,155,Round of 64,India Page,Brewton Parker (W),BYE,,,
2022,130,Round of 64,Katlyn Pizzo,Campbellsville (W),BYE,,,
2022,143,Round of 64,Tess Kinne,Missouri Valley (W),BYE,,,
2022,155,Round of 64,Sadie Antoque,Providence (W),BYE,,,
2022,123,Round of 64,Zoi Smith,Iowa Wesleyan University (W),BYE,,,
2022,143,Consi of 32 #2,Sydney Boyle,York (W),BYE,,,
2022,130,Round of 64,De'anna Prince,Wayland Baptist (W),BYE,,,
2022,143,Consi of 32 #1,,,BYE,,,
2022,143,Consi of 32 #2,Taylor Whitehurst,Cumberlands (W),BYE,,,
2022,130,Consi of 32 #2,Olivia Branson,Baker (W),BYE,,,
2022,191,Round of 32,Kelani Corbett,Lyon,BYE,,,
2022,143,Round of 64,Kai Morrison,Avila University (W),BYE,,,
2022,143,Round of 64,Ashleigh Denny,William Penn (W),BYE,,,
2022,143,Consi of 32 #2,Tess Kinne,Missouri Valley (W),BYE,,,
2022,143,Round of 64,Ku'uipo Chan,Waldorf (W),BYE,,,
2022,130,Round of 64,Corinne Robertson,Ottawa (W),BYE,,,
2022,170,Round of 32,Bailey Dennis,Southern Oregon (W),BYE,,,
2022,143,Consi of 32 #1,,,BYE,,,
2022,143,Consi of 32 #2,Kailee Godinez,Cumberlands (W),BYE,,,
2022,123,Round of 64,Dylan Hernandez,Cumberlands (W),BYE,,,
2022,155,Round of 64,Tenley Swope,Eastern Oregon (W),BYE,,,
2022,123,Consi of 32 #1,Dakota Darby,Ottawa (W),BYE,,,
2022,101,Consi of 16 #1,Kassidy Ramirez,Lyon,BYE,,,
2022,143,Consi of 32 #2,Lianna Souza,Wayland Baptist (W),BYE,,,
2022,170,Consi of 16 #1,,,BYE,,,
2022,170,Round of 32,Chamira Cooper,Cumberlands (W),BYE,,,
2022,155,Consi of 32 #1,,,BYE,,,
2022,170,Consi of 16 #1,,,BYE,,,
2022,143,Consi of 32 #1,,,BYE,,,
2022,123,Consi of 32 #1,,,BYE,,,
2022,143,Consi of 32 #1,,,BYE,,,
2022,130,Consi of 32 #1,,,BYE,,,
2022,143,Consi of 32 #2,Ku'uipo Chan,Waldorf (W),BYE,,,
2022,143,Consi of 32 #2,Kaylee Narlock,Jamestown (W),BYE,,,
2022,155,Round of 64,Mahealani Ramirez,Missouri Valley (W),BYE,,,
2022,123,Consi of 32 #2,Tonya Flournory,St. Andrews (W),BYE,,,
2022,143,Consi of 32 #1,,,BYE,,,
2022,130,Round of 64,Araya Boday,University of St. Mary's (W),BYE,,,
2022,155,Consi of 32 #1,Ilaisaane Latu,Hastings (W),BYE,,,
2022,123,Consi of 32 #2,Yalita Arroyo,Friends University (W),BYE,,,
2022,143,Consi of 32 #1,,,BYE,,,
2022,155,Consi of 32 #2,Irene Sanchez Figuera,Oklahoma City (W),BYE,,,
2022,123,Round of 64,Lauren LopezÂ,University of St. Mary's (W),BYE,,,
2022,109,Consi of 16 #1,Melanie Salazar,Simpson University,BYE,,,
2022,130,Round of 64,Jennifer Castaneda,Waldorf (W),BYE,,,
2022,130,Consi of 32 #1,,,BYE,,,
2022,155,Consi of 32 #1,,,BYE,,,
2022,143,Round of 64,Samantha Snow,Indiana Tech (W),BYE,,,
2022,123,Consi of 32 #2,Kimberly Evangelista,Central Christian (W),BYE,,,
2022,155,Round of 64,Brittani Burgess,Ottawa (W),BYE,,,
2022,155,Consi of 32 #2,Alexys Zepeda,Corban (W),BYE,,,
2022,101,Consi of 16 #1,Abby Jastal,Central Methodist (W),BYE,,,
2022,155,Consi of 32 #1,Emma Schrieber,Missouri Baptist (W),BYE,,,
2022,123,Consi of 32 #1,McKenna Deckelman,Central Methodist (W),BYE,,,
2022,123,Consi of 32 #1,,,BYE,,,
2022,143,Consi of 32 #2,Sidalie Jaramillo,University of St. Mary's (W),BYE,,,
2022,130,Round of 64,Lexie Basham,Texas Wesleyan (W),BYE,,,
2022,123,Round of 64,Abbi Link,Hastings (W),BYE,,,
2022,123,Consi of 32 #1,,,BYE,,,
2022,143,Round of 64,Carley Anderson,Indiana Tech (W),BYE,,,
2022,143,Round of 64,Sidalie Jaramillo,University of St. Mary's (W),BYE,,,
2022,130,Round of 64,Olivia Branson,Baker (W),BYE,,,
2022,130,Round of 64,Cassidy Anderson,Central Christian (W),BYE,,,
2022,130,Round of 64,Avery Thomason,Midland (W),BYE,,,
2022,130,Round of 64,Gabbie Parini,Providence (W),BYE,,,
2022,130,Consi of 32 #1,,,BYE,,,
2022,155,Round of 64,Berenice Espino,Waldorf (W),BYE,,,
2022,130,Round of 64,Emily Paulino,Midland (W),BYE,,,
2022,170,Round of 32,Andrea Smith,William Penn (W),BYE,,,
2022,101,Round of 32,Emma Cochran,Grand View (W),BYE,,,
2022,155,Round of 64,Mandy Camacho,Jamestown (W),BYE,,,
2022,130,Round of 64,Julia Vidallon,Life (W),BYE,,,
2022,191,Consi of 16 #1,Samantha Ruano,William Penn (W),BYE,,,
2022,143,Round of 64,Sadie Forman,Wayland Baptist (W),BYE,,,
2022,191,Consi of 16 #1,Jazlind Warren,Hastings (W),BYE,,,
2022,155,Round of 64,Salima Omari,William Penn (W),BYE,,,
2022,123,Round of 64,Marissa Burt,Jamestown (W),BYE,,,
2022,130,Consi of 32 #1,,,BYE,,,
2022,170,Consi of 16 #1,Jolette Miner-Ho,Providence (W),BYE,,,
2022,155,Consi of 32 #1,,,BYE,,,
2022,143,Consi of 32 #2,Brelane Huber,Campbellsville (W),BYE,,,
2022,155,Consi of 32 #2,Jennifer Jimenez,Waldorf (W),BYE,,,
2022,130,Round of 64,Cindy Zepeda,Menlo,BYE,,,
2022,155,Round of 64,Gabrielle Tata-Rodrigues,Corban (W),BYE,,,
2022,155,Round of 64,Brooke-Lynn Rush,Missouri Valley (W),BYE,,,
2022,116,Consi of 16 #1,Briana Funakoshi,Life (W),BYE,,,
2022,130,Consi of 32 #2,Jaden South,Corban (W),BYE,,,
2022,130,Round of 64,Rebekah Garcia,Lyon,BYE,,,
2022,170,Consi of 16 #1,Raziyah Thomas,Avila University (W),BYE,,,
2022,101,Round of 32,Madison Brown,Texas Wesleyan (W),BYE,,,
2022,123,Consi of 32 #2,Lauren LopezÂ,University of St. Mary's (W),BYE,,,
2022,155,Round of 64,Marissa Salazar,Friends University (W),BYE,,,
2022,130,Consi of 32 #1,Hayden Oaks,Ottawa (W),BYE,,,
2022,130,Round of 64,Lydia Nelson,William Penn (W),BYE,,,
2022,101,Round of 32,Tianna Fernandez,Menlo,BYE,,,
2022,143,Consi of 32 #1,,,BYE,,,
2022,155,Consi of 32 #2,tyeisha takamori,Midland (W),BYE,,,
2022,123,Consi of 32 #1,,,BYE,,,
2022,130,Consi of 32 #2,Desinee Lopez,Southern Oregon (W),BYE,,,
2022,143,Round of 64,Alexis Gomez,Grand View (W),BYE,,,
2022,170,Round of 32,Sierra Talmadge,Jamestown (W),BYE,,,
2022,143,Round of 64,Elizabeth Ramirez,University of St. Mary's (W),BYE,,,
2022,123,Consi of 32 #2,Sophia Smith,Oklahoma City (W),BYE,,,
2022,170,Round of 32,Brittyn Corbishley,Texas Wesleyan (W),BYE,,,
2022,123,Round of 64,Jasmine Hernandez,Lyon,BYE,,,
2022,143,Consi of 32 #1,Audrey Driskell,Lincoln,BYE,,,
2022,155,Round of 64,Kendra Thompson,Campbellsville (W),BYE,,,
2022,143,Round of 64,Emma Walker,Campbellsville (W),BYE,,,
2022,109,Round of 32,Laura Lincoln,Lyon,BYE,,,
2022,123,Round of 64,Lizzete Young,Menlo,BYE,,,
2022,143,Round of 64,Morgan Mackey,Providence (W),BYE,,,
2022,155,Consi of 32 #1,,,BYE,,,
2022,191,Round of 32,Natalia Villegas,Grand View (W),BYE,,,
2022,130,Consi of 32 #1,,,BYE,,,
2022,123,Round of 64,Alana Vivas,Menlo,BYE,,,
2022,143,Consi of 32 #1,,,BYE,,,
2022,123,Round of 64,Laila Sa,Life (W),BYE,,,
2022,143,Consi of 32 #2,Nayeli Maston,Eastern Oregon (W),BYE,,,
2022,143,Consi of 32 #1,Brianne Whited,Central Methodist (W),BYE,,,
2022,123,Consi of 32 #1,,,BYE,,,
2022,123,Consi of 32 #2,Abbi Link,Hastings (W),BYE,,,
2022,123,Round of 64,Mami Selemani,William Penn (W),BYE,,,
2022,143,Consi of 32 #1,,,BYE,,,
2022,155,Round of 64,Alia Abushi,Menlo,BYE,,,
2022,130,Round of 64,Jo-Ellen Hutto,St. Andrews (W),BYE,,,
2022,170,Consi of 16 #1,Jordan Roberts,Missouri Baptist (W),BYE,,,
2022,143,Consi of 32 #2,Andrea Montoya,Central Methodist (W),BYE,,,
2022,143,Consi of 32 #2,Morgan Mackey,Providence (W),BYE,,,
2022,130,Round of 64,Corrine McClure,Central Methodist (W),BYE,,,
2022,170,Round of 32,Charity Goldsmith-Ding,York (W),BYE,,,
2022,123,Round of 64,Katy Figueroa,York (W),BYE,,,
2022,155,Round of 64,Gabriella Escamilla,Oklahoma City (W),BYE,,,
2022,123,Round of 64,Yalita Arroyo,Friends University (W),BYE,,,
2022,155,Consi of 32 #2,Autumn Terhune,Indiana Tech (W),BYE,,,
2022,155,Consi of 32 #2,Gabriella Escamilla,Oklahoma City (W),BYE,,,
2022,123,Round of 64,Carolina Moreno,Southern Oregon (W),BYE,,,
2022,123,Round of 64,Tonya Flournory,St. Andrews (W),BYE,,,
2022,123,Round of 64,Josie Bartishofski,Jamestown (W),BYE,,,
2022,143,Round of 64,Ramona Jimenez,Southern Oregon (W),BYE,,,
2022,130,Consi of 32 #1,,,BYE,,,
2022,155,Round of 64,Irene Sanchez Figuera,Oklahoma City (W),BYE,,,
2022,123,Round of 64,Karoline Ortiz,Missouri Baptist (W),BYE,,,
2022,130,Consi of 32 #2,Avery Thomason,Midland (W),BYE,,,
2022,155,Consi of 32 #1,,,BYE,,,
2022,130,Round of 64,Willow Barnes,Missouri Valley (W),BYE,,,
2021,191,Finals,Nkechinyere Nwankwo,,VFA,1:48 6-2,Elisa Robinson,
2021,170,Finals,Jordan Nelson,,VPO1,5-1,Alexandra Castillo,
2021,155,Finals,Sienna Ramirez,,VSU,10-0 3:27,Morgan Mayginnes,
2021,143,Finals,Waipuilani Estrella-Beauchamp,,VPO1,4-3,Erin Redford,
2021,136,Finals,Desiree Zavala,,VSU,10-0 0:51,Randi Robison,
2021,130,Finals,Bridgette Duty,,VSU1,12-2 3:33,Angela Vitiritti,
2021,123,Finals,Jasmine Hernandez,,VFA,4:35 13-4,Julia Vidallon,
2021,116,Finals,Peyton Prussin,,VSU,10-0 3:45,Charlotte Fowler,
2021,109,Finals,McKayla Campbell,,VPO1,16-14,Asia Ray,
2021,101,Finals,Nina Pham,,VFA,2:19 8-0,Ivy Navarro,
2021,191,5th Place,MaQuoia Bernabe,Cumberlands (W),VPO1,4-2,Victoria Hinojo,Oklahoma City (W)
2021,191,3rd Place,Kelani Corbett,Lyon (W),VFA,2:38 8-1,Brianna Staebler,Campbellsville (W)
2021,191,7th Place,Catherine Palmieri,,VFA,1:34 6-0,Kelly LaCost,
2021,170,3rd Place,Sierra Talmadge,Jamestown (W),VPO1,3-3,Hunter Robinson,Grand View (W)
2021,170,7th Place,Shania Gowan,,VCA,4-0,Danielle Saldivar,
2021,170,5th Place,Chamira Cooper,Cumberlands (W),VFA,2:38 10-0,Jennifer Curry,Baker (W)
2021,155,7th Place,Tiyahna Askew,,VFA,5:43 5-4,Dempsi Talkington,
2021,155,3rd Place,Kendra Thompson,Campbellsville (W),VFA,4:51 13-8,Kamalamaokapomahealani Lewis,Midland (W)
2021,155,5th Place,Cierra Foster,Oklahoma City (W),VFA,0:35 4-0,Destinee Rivera,Life (W)
2021,143,5th Place,Jordan Suarez,Wayland Baptist (W),VPO1,11-3,Sydney Freund,Oklahoma City (W)
2021,143,3rd Place,Emma Walker,Campbellsville (W),VPO1,11-8,Samantha Snow,Indiana Tech
2021,143,7th Place,Ashley Ikner,,VSU,10-0 1:06,nancy becerra,
2021,136,7th Place,Angelina Prado,,VSU,10-0 5:51,Luisita Jara,
2021,136,5th Place,Destiny Lyng,Oklahoma City (W),VFA,2:02 6-0,Brigid Shannon,
2021,136,3rd Place,Andrea Schlabach,,VFA,2:00 4-0,Savanna Mccutchen,Missouri Valley (W)
2021,130,7th Place,Briana Kellin,,VPO1,10-2,Sophia Smith,
2021,130,3rd Place,Mea Mohler,,VFA,3:42 5-0,De'anna Prince,Wayland Baptist (W)
2021,130,5th Place,Alexandra Baudhuin,Jamestown (W),VFO,0-0,Diana Dzasezeva,
2021,123,7th Place,Glory Konecny,,VPO1,2-1,Jasmin Davis,
2021,123,3rd Place,Katlyn Pizzo,,VFA,0:49 6-0,Jacqueline Ghent,
2021,123,5th Place,Theresa Rankin,,VFO,0-0,Nichole Moore,
2021,116,5th Place,Arianna Marrufo,,VPO1,8-5,Josie Bartishofski,
2021,116,3rd Place,Stefana Jelacic,,VPO1,10-8,Camille Fournier,
2021,116,7th Place,Serenity Durham Goree,,VPO,7-0,Carolina Johnson,
2021,109,5th Place,Emma Cochran,,VPO1,9-2,Katalina Bartelt,
2021,109,7th Place,Rayana Sahagun,,VPO1,5-5,Kory Phillips,
2021,109,3rd Place,Macie Stewart,,VFA,0:42 4-0,Tehani Soares,
2021,101,5th Place,Ira Navarro,,VSU1,12-2 5:00,Devyn Gomez,
2021,101,3rd Place,Esthella Trevino,,VFA,0:36 4-0,Madison Brown,
2021,101,7th Place,Alaura Couch,,VFA,1:24 6-2,Angelina Casteneda,
2021,191,Consi-Semis,Brianna Staebler,Campbellsville (W),VFA,2:48 7-2,Victoria Hinojo,Oklahoma City (W)
2021,191,Consi-Semis,Kelani Corbett,Lyon (W),VSU,10-0 4:41,MaQuoia Bernabe,Cumberlands (W)
2021,155,Consi-Semis,Kamalamaokapomahealani Lewis,Midland (W),VFA,5:59 8-6,Cierra Foster,Oklahoma City (W)
2021,170,Consi-Semis,Sierra Talmadge,Jamestown (W),VFA,2:17 5-0,Jennifer Curry,Baker (W)
2021,155,Consi-Semis,Kendra Thompson,Campbellsville (W),VPO1,4-1,Destinee Rivera,Life (W)
2021,170,Consi-Semis,Hunter Robinson,Grand View (W),VPO1,5-1,Chamira Cooper,Cumberlands (W)
2021,130,Consi-Semis,De'anna Prince,Wayland Baptist (W),VPO1,12-8,Alexandra Baudhuin,Jamestown (W)
2021,143,Consi-Semis,Emma Walker,Campbellsville (W),VPO1,9-8,Jordan Suarez,Wayland Baptist (W)
2021,143,Consi-Semis,Samantha Snow,Indiana Tech,VPO1,8-4,Sydney Freund,Oklahoma City (W)
2021,136,Consi-Semis,Savanna Mccutchen,Missouri Valley (W),VFA,2:42 3-8,Destiny Lyng,Oklahoma City (W)
2021,123,Consi-Semis,Jacqueline Ghent,Campbellsville (W),VIN,3:39 1-5,Nichole Moore,Baker (W)
2021,130,Consi-Semis,Mea Mohler,Texas Wesleyan (W),VIN,1:48 4-0,Diana Dzasezeva,Waldorf (W)
2021,109,Consi-Semis,Tehani Soares,Indiana Tech,VFA,2:39 10-2,Emma Cochran,Grand View (W)
2021,136,Consi-Semis,Andrea Schlabach,Grand View (W),VFA,2:53 2-0,Brigid Shannon,Corban
2021,116,Consi-Semis,Camille Fournier,Texas Wesleyan (W),VSU,11-0 4:03,Josie Bartishofski,Jamestown (W)
2021,123,Consi-Semis,Katlyn Pizzo,Campbellsville (W),VFA,2:31 13-1,Theresa Rankin,Lourdes
2021,101,Consi-Semis,Madison Brown,Texas Wesleyan (W),VFA,4:47 10-3,Ira Navarro,Providence (W)
2021,101,Consi-Semis,Esthella Trevino,Southern Oregon (W),VSU,10-0 0:40,Devyn Gomez,Life (W)
2021,191,Consi of 4,MaQuoia Bernabe,,VPO,3-0,Kelly LaCost,
2021,116,Consi-Semis,Stefana Jelacic,Lourdes,VSU,10-0 3:00,Arianna Marrufo,Jamestown (W)
2021,155,Consi of 4,Destinee Rivera,,VPO,2-0,Dempsi Talkington,
2021,109,Consi-Semis,Macie Stewart,Southern Oregon (W),VFA,2:52 9-13,Katalina Bartelt,Life (W)
2021,170,Consi of 4,Jennifer Curry,,VPO1,5-1,Danielle Saldivar,
2021,191,Consi of 4,Brianna Staebler,,VFA,1:04 4-0,Catherine Palmieri,
2021,170,Consi of 4,Chamira Cooper,,VFA,1:08 4-0,Shania Gowan,
2021,136,Consi of 4,Savanna Mccutchen,,VSU,13-0 4:48,Luisita Jara,
2021,143,Consi of 4,Samantha Snow,,VSU,13-0 3:51,nancy becerra,
2021,155,Consi of 4,Cierra Foster,,VSU,12-0 4:34,Tiyahna Askew,
2021,123,Consi of 4,Jacqueline Ghent,Campbellsville (W),VPO1,7-3,Glory Konecny,
2021,143,Consi of 4,Emma Walker,,VFA,2:46 4-2,Ashley Ikner,
2021,136,Consi of 4,Brigid Shannon,Corban,VSU,10-0 3:40,Angelina Prado,
2021,130,Consi of 4,Alexandra Baudhuin,,VPO1,3-2,Briana Kellin,
2021,130,Consi of 4,Diana Dzasezeva,Waldorf (W),VFA,5:40 3-2,Sophia Smith,
2021,116,Consi of 4,Arianna Marrufo,Jamestown (W),VPO1,9-5,Serenity Durham Goree,
2021,123,Consi of 4,Theresa Rankin,Lourdes,VSU1,13-2 2:27,Jasmin Davis,
2021,109,Consi of 4,Emma Cochran,Grand View (W),VFA,5:23 10-4,Rayana Sahagun,
2021,116,Consi of 4,Camille Fournier,Texas Wesleyan (W),VFA,2:52 8-0,Carolina Johnson,
2021,101,Consi of 4,Devyn Gomez,Life (W),VPO1,7-6,Angelina Casteneda,
2021,109,Consi of 4,Katalina Bartelt,Life (W),VSU,10-0 5:36,Kory Phillips,
2021,101,Consi of 4,Ira Navarro,Providence (W),VSU,12-0 2:31,Alaura Couch,
2021,191,Semi-Finals,Nkechinyere Nwankwo,,VPO1,6-1,Kelani Corbett,
2021,191,Semi-Finals,Elisa Robinson,,VFA,0:29 4-0,Victoria Hinojo,
2021,170,Semi-Finals,Jordan Nelson,,VPO,8-0,Hunter Robinson,
2021,170,Semi-Finals,Alexandra Castillo,,VPO1,8-2,Sierra Talmadge,
2021,155,Semi-Finals,Sienna Ramirez,,VPO1,8-6,Kendra Thompson,
2021,155,Semi-Finals,Morgan Mayginnes,,VPO1,14-9,Kamalamaokapomahealani Lewis,
2021,143,Semi-Finals,Erin Redford,,VPO1,2-2,Sydney Freund,
2021,143,Semi-Finals,Waipuilani Estrella-Beauchamp,,VPO1,8-4,Jordan Suarez,
2021,136,Semi-Finals,Randi Robison,,VPO1,2-1,Andrea Schlabach,Grand View (W)
2021,136,Semi-Finals,Desiree Zavala,,VSU,10-0 1:15,Destiny Lyng,
2021,130,Semi-Finals,Angela Vitiritti,,VPO1,6-3,Mea Mohler,Texas Wesleyan (W)
2021,130,Semi-Finals,Bridgette Duty,,VSU1,12-1 3:51,De'anna Prince,
2021,123,Semi-Finals,Julia Vidallon,,VPO1,5-4,Nichole Moore,Baker (W)
2021,123,Semi-Finals,Jasmine Hernandez,,VSU1,14-4 3:49,Katlyn Pizzo,Campbellsville (W)
2021,116,Semi-Finals,Charlotte Fowler,,VPO1,7-5,Stefana Jelacic,Lourdes
2021,116,Semi-Finals,Peyton Prussin,,VSU,10-0 1:09,Josie Bartishofski,Jamestown (W)
2021,109,Semi-Finals,McKayla Campbell,,VSU,10-0 3:45,Tehani Soares,Indiana Tech
2021,109,Semi-Finals,Asia Ray,,VSU,10-0 1:01,Macie Stewart,Southern Oregon (W)
2021,101,Semi-Finals,Nina Pham,,VSU1,12-2 4:30,Esthella Trevino,Southern Oregon (W)
2021,101,Semi-Finals,Ivy Navarro,,VFA,0:22 4-0,Madison Brown,Texas Wesleyan (W)
2021,136,Consi of 8 #2,Savanna Mccutchen,Missouri Valley (W),VFA,2:08 6-6,Jocelyn Murphy,Missouri Valley (W)
2021,155,Consi of 8 #2,Dempsi Talkington,Eastern Oregon (W),VPO1,11-5,India Page,Brewton Parker (W)
2021,170,Consi of 8 #2,Danielle Saldivar,Missouri Valley (W),VFA,5:59 6-1,Mahealani Ramirez,Missouri Valley (W)
2021,136,Consi of 8 #2,Luisita Jara,Jamestown (W),VPO1,5-5,Mattison Parker,Oklahoma City (W)
2021,191,Consi of 8 #2,MaQuoia Bernabe,Cumberlands (W),VSU,11-0 3:40,Serena Sanchez,Midland (W)
2021,155,Consi of 8 #2,Destinee Rivera,Life (W),VSU,13-0 4:24,Bella Mitchell,York (W)
2021,136,Consi of 8 #2,Angelina Prado,Life (W),VSU,11-0 1:41,Charmayne DeLong,Indiana Tech
2021,143,Consi of 8 #2,Emma Walker,,VSU,10-0 2:24,Maryellen Lafferty,Texas Wesleyan (W)
2021,191,Consi of 8 #2,Kelly LaCost,Jamestown (W),VPO,3-0,Olivia Robinson,Eastern Oregon (W)
2021,170,Consi of 8 #2,Jennifer Curry,Baker (W),VFA,2:51 4-1,Kiya Jones,Baker (W)
2021,143,Consi of 8 #2,Ashley Ikner,Cumberlands (W),VPO,8-0,Ivy Kraght,Corban
2021,155,Consi of 8 #2,Cierra Foster,,VFA,0:12 4-0,Beyonce Garcia,Southern Oregon (W)
2021,136,Consi of 8 #2,Brigid Shannon,,VFA,2:49 4-1,Ashlee Palimo'o,Midland (W)
2021,155,Consi of 8 #2,Tiyahna Askew,Missouri Baptist (W),VFA,4:28 16-3,Sitilaly Sanchez,Life Pacific (W)
2021,170,Consi of 8 #2,Shania Gowan,,VPO1,6-2,Sabrina Perez,Providence (W)
2021,191,Consi of 8 #2,Brianna Staebler,,VFA,2:30 6-0,Ariana Pereria,Cumberlands (W)
2021,136,Consi of 8 #1,Jocelyn Murphy,Missouri Valley (W),VFA,0:43 6-0,Tayler Hayase,
2021,143,Consi of 8 #2,nancy becerra,,VFA,1:18 9-0,Akina Yamada,Waldorf (W)
2021,136,Consi of 8 #1,Luisita Jara,Jamestown (W),VPO1,12-4,Lyric Gonsalves,Ottawa (W)
2021,191,Consi of 8 #2,Catherine Palmieri,,VFA,3:48 6-1,Natalia Villegas,Grand View (W)
2021,155,Consi of 8 #1,Dempsi Talkington,Eastern Oregon (W),VFA,5:34 8-6,Anastasia Hardin,
2021,143,Consi of 8 #2,Samantha Snow,,VSU1,12-1 3:32,Makia English,St. Mary (W)
2021,170,Consi of 8 #2,Chamira Cooper,,VFA,4:50 9-2,Michelle Kamyshin,Cumberlands (W)
2021,191,Consi of 8 #1,Serena Sanchez,Midland (W),VFA,1:55 6-0,Elizabeth Hubbard,Lyon (W)
2021,136,Consi of 8 #1,Angelina Prado,Life (W),VFA,2:00 2-2,Amy Fuller,Hastings
2021,155,Consi of 8 #1,Bella Mitchell,York (W),VSU,12-0 3:18,Haley Schafer,Central Christian (W)
2021,191,Consi of 8 #1,Olivia Robinson,Eastern Oregon (W),VPO1,9-4,larissa ramos,
2021,136,Consi of 8 #1,Ashlee Palimo'o,Midland (W),VPO1,2-2,Abbie Jones,
2021,143,Consi of 8 #1,Maryellen Lafferty,Texas Wesleyan (W),VFA,2:36 6-2,Cameryn Hulbert,
2021,170,Consi of 8 #1,Danielle Saldivar,Missouri Valley (W),VIN,0:00 0-0,Kassandra Lindemann,
2021,143,Consi of 8 #1,Ivy Kraght,Corban,VFA,0:48 4-0,Julia Mata,
2021,155,Consi of 8 #1,Beyonce Garcia,Southern Oregon (W),VFA,0:44 8-0,Emilee Demann,
2021,143,Consi of 8 #1,Akina Yamada,Waldorf (W),VSU1,14-4 2:58,Kailee Godinez,
2021,170,Consi of 8 #1,Kiya Jones,Baker (W),VFA,2:55 8-0,Jasmin Ballesteros,
2021,155,Consi of 8 #1,Sitilaly Sanchez,Life Pacific (W),VFA,3:50 2-2,Brooke Lynn Rush,
2021,136,Quarter-Finals,Randi Robison,,VPO1,11-7,Mattison Parker,Oklahoma City (W)
2021,191,Consi of 8 #1,Ariana Pereria,Cumberlands (W),VSU,10-0 2:08,Jythssel Mascorro,
2021,143,Consi of 8 #1,Makia English,St. Mary (W),VFA,2:34 6-0,Grace Nelson,
2021,170,Consi of 8 #1,Sabrina Perez,Providence (W),VSU,10-0 2:33,Olivia Ricci,Wayland Baptist (W)
2021,191,Consi of 8 #1,Natalia Villegas,Grand View (W),VFA,2:11 6-0,Rayana Vigil,
2021,155,Quarter-Finals,Morgan Mayginnes,,VFA,4:09 6-1,Destinee Rivera,Life (W)
2021,170,Consi of 8 #1,Michelle Kamyshin,Cumberlands (W),VFA,0:26 4-0,Catherine McNulty,
2021,143,Quarter-Finals,Sydney Freund,,VPO1,11-3,Ashley Ikner,Cumberlands (W)
2021,191,Quarter-Finals,Elisa Robinson,,VFA,1:08 5-0,Kelly LaCost,Jamestown (W)
2021,170,Quarter-Finals,Jordan Nelson,,VSU,13-0 5:47,Jennifer Curry,Baker (W)
2021,191,Quarter-Finals,Victoria Hinojo,,VPO1,4-2,MaQuoia Bernabe,Cumberlands (W)
2021,155,Quarter-Finals,Kamalamaokapomahealani Lewis,,VFA,2:28 2-2,India Page,Brewton Parker (W)
2021,136,Quarter-Finals,Andrea Schlabach,,VPO1,4-3,Savanna Mccutchen,Missouri Valley (W)
2021,155,Quarter-Finals,Kendra Thompson,,VFA,5:38 6-4,Tiyahna Askew,Missouri Baptist (W)
2021,170,Quarter-Finals,Hunter Robinson,,VFA,0:42 4-0,Mahealani Ramirez,Missouri Valley (W)
2021,191,Quarter-Finals,Kelani Corbett,,VFA,5:26 9-2,Catherine Palmieri,
2021,170,Quarter-Finals,Sierra Talmadge,,VPO1,9-5,Chamira Cooper,
2021,143,Quarter-Finals,Erin Redford,,VFA,1:47 4-0,Emma Walker,
2021,155,Quarter-Finals,Sienna Ramirez,,VFA,6:00 4-1,Cierra Foster,
2021,136,Quarter-Finals,Destiny Lyng,,VSU,12-0 3:08,Brigid Shannon,
2021,143,Quarter-Finals,Jordan Suarez,,VFA,2:38 10-0,Samantha Snow,
2021,191,Quarter-Finals,Nkechinyere Nwankwo,,VSU,12-0 4:32,Brianna Staebler,
2021,143,Quarter-Finals,Waipuilani Estrella-Beauchamp,,VSU,10-0 0:53,nancy becerra,
2021,170,Quarter-Finals,Alexandra Castillo,,VFA,0:55 8-0,Shania Gowan,
2021,136,Quarter-Finals,Desiree Zavala,,VSU,10-0 0:27,Charmayne DeLong,
2021,123,Consi of 8 #2,Jacqueline Ghent,Campbellsville (W),VSU1,18-7 4:50,Kendall Martin,Corban
2021,130,Consi of 8 #2,Briana Kellin,Life (W),VPO,8-0,Teya Villalpando,St. Mary (W)
2021,123,Consi of 8 #2,Glory Konecny,Southern Oregon (W),VFA,1:01 4-2,Isabella Gonzalez,Grand View (W)
2021,130,Consi of 8 #2,Alexandra Baudhuin,Jamestown (W),VSU,10-0 1:01,Willow Barnes,Missouri Valley (W)
2021,130,Consi of 8 #2,Diana Dzasezeva,Waldorf (W),VPO1,4-3,Karoline Ortiz,
2021,116,Consi of 8 #2,Carolina Johnson,Southern Oregon (W),VSU1,12-1 5:00,Aphrodite Ayala,Simpson (W)
2021,123,Consi of 8 #2,Theresa Rankin,,VSU,10-0 0:33,Mami Selemani,William Penn
2021,123,Consi of 8 #2,Jasmin Davis,Wayland Baptist (W),VIN,0:00 0-0,Ashley Whetzal,
2021,123,Consi of 8 #1,Kendall Martin,Corban,VFA,0:44 4-0,Samantha Weeks,
2021,116,Consi of 8 #2,Camille Fournier,,VSU,11-0 5:37,Cierra Broukal,Campbellsville (W)
2021,123,Consi of 8 #1,Glory Konecny,Southern Oregon (W),VPO1,5-4,Alesandra Burgos,Brewton Parker (W)
2021,130,Consi of 8 #2,Sophia Smith,Oklahoma City (W),VPO1,8-2,Macy Higa,
2021,116,Consi of 8 #2,Arianna Marrufo,,VPO1,7-2,jasmine alexander,Grand View (W)
2021,101,Consi of 8 #2,Angelina Casteneda,Cumberlands (W),VFA,1:44 6-2,Esther Walker,
2021,130,Consi of 8 #1,Teya Villalpando,St. Mary (W),VPO1,6-4,Emily Alderman,
2021,101,Consi of 8 #2,Devyn Gomez,,VFA,4:39 9-0,Chalimar Rodriguez,William Penn
2021,123,Consi of 8 #1,Mami Selemani,William Penn,VSU1,16-6 4:24,Geneva Winston,
2021,116,Consi of 8 #2,Serenity Durham Goree,,VFA,4:11 8-11,Sydney McGhee,
2021,109,Consi of 8 #2,Emma Cochran,,VFA,1:08 4-0,Chloe Krebsbach,Grand View (W)
2021,109,Consi of 8 #2,Rayana Sahagun,,VPO1,11-8,Lillianna Campbell,Missouri Valley (W)
2021,130,Consi of 8 #1,Willow Barnes,Missouri Valley (W),VFA,5:20 10-7,Autumn Barela,Central Methodist (W)
2021,101,Consi of 8 #2,Alaura Couch,,VPO1,10-8,Caryssa Aguirre,Wayland Baptist (W)
2021,116,Consi of 8 #1,Carolina Johnson,Southern Oregon (W),VFA,5:46 5-5,Katherine Heath,Baker (W)
2021,123,Consi of 8 #1,Jasmin Davis,Wayland Baptist (W),VPO1,6-4,Tara Othman,
2021,130,Consi of 8 #1,Diana Dzasezeva,Waldorf (W),VFA,0:39 4-0,Xylia Warner,
2021,130,Consi of 8 #1,Sophia Smith,Oklahoma City (W),VSU,10-0 3:32,Jordynn Robson,
2021,109,Consi of 8 #2,Kory Phillips,,VFA,1:34 12-1,Savannah Kiddoo,
2021,101,Consi of 8 #2,Ira Navarro,,VFA,2:05 6-0,Kassidy Ramirez,
2021,116,Consi of 8 #1,Cierra Broukal,Campbellsville (W),VFA,5:20 11-2,Raven Guidry,
2021,109,Consi of 8 #2,Katalina Bartelt,,VSU,10-0 2:10,Jaine Stephens,
2021,123,Quarter-Finals,Jasmine Hernandez,,VFA,2:21 10-1,Isabella Gonzalez,Grand View (W)
2021,101,Consi of 8 #1,Angelina Casteneda,Cumberlands (W),VSU,10-0 2:53,Gabriela Garcia,
2021,130,Quarter-Finals,Mea Mohler,,VSU1,13-2 2:03,Alexandra Baudhuin,Jamestown (W)
2021,101,Consi of 8 #1,Chalimar Rodriguez,William Penn,VPO1,6-2,Destiny Shelton,
2021,116,Consi of 8 #1,jasmine alexander,Grand View (W),VPO1,16-13,Emma De Brum,
2021,123,Quarter-Finals,Katlyn Pizzo,,VFA,0:58 6-0,Jacqueline Ghent,Campbellsville (W)
2021,109,Consi of 8 #1,Chloe Krebsbach,Grand View (W),VFA,0:48 4-0,Claire Payne,York (W)
2021,109,Consi of 8 #1,Lillianna Campbell,Missouri Valley (W),VFA,2:49 10-1,Mia Arceneaux,
2021,130,Quarter-Finals,Angela Vitiritti,,VPO1,2-2,Briana Kellin,Life (W)
2021,101,Consi of 8 #1,Caryssa Aguirre,Wayland Baptist (W),VPO1,11-7,Karly Scott,
2021,109,Consi of 8 #1,Savannah Kiddoo,Central Methodist (W),VSU,10-0 2:31,Kassidy Leiszler,Baker (W)
2021,116,Consi of 8 #1,Sydney McGhee,Missouri Baptist (W),VSU1,12-1 5:15,Brooklyn Hermel,Oklahoma City (W)
2021,109,Consi of 8 #1,Katalina Bartelt,,VSU1,13-3 4:56,Korigan Wilkey,Indiana Tech
2021,130,Quarter-Finals,De'anna Prince,,VPO1,9-6,Macy Higa,Eastern Oregon (W)
2021,116,Quarter-Finals,Charlotte Fowler,,VSU,10-0 3:46,Camille Fournier,
2021,101,Consi of 8 #1,Ira Navarro,,VFA,0:42 6-0,Whitley Blake,
2021,109,Quarter-Finals,Macie Stewart,,VFA,0:53 4-0,Rayana Sahagun,
2021,101,Quarter-Finals,Madison Brown,,VFA,3:48 12-5,Devyn Gomez,
2021,109,Quarter-Finals,Asia Ray,,VFA,1:20 4-0,Emma Cochran,
2021,123,Quarter-Finals,Nichole Moore,,VSU,12-0 2:05,Ashley Whetzal,Lyon (W)
2021,116,Quarter-Finals,Stefana Jelacic,,VSU,10-0 1:20,Aphrodite Ayala,Simpson (W)
2021,109,Quarter-Finals,Tehani Soares,,VFA,5:24 8-4,Jaine Stephens,Cumberlands (W)
2021,101,Quarter-Finals,Ivy Navarro,,VSU,10-0 2:07,Esther Walker,Midland (W)
2021,116,Quarter-Finals,Josie Bartishofski,,VPO,4-0,Serenity Durham Goree,
2021,130,Quarter-Finals,Bridgette Duty,,VSU,10-0 4:28,Karoline Ortiz,
2021,123,Quarter-Finals,Julia Vidallon,,VPO,8-0,Theresa Rankin,
2021,101,Quarter-Finals,Esthella Trevino,,VFA,2:22 8-4,Kassidy Ramirez,
2021,109,Quarter-Finals,McKayla Campbell,,VSU,10-0 2:23,Kory Phillips,
2021,101,Quarter-Finals,Nina Pham,,VSU,10-0 1:09,Alaura Couch,
2021,116,Quarter-Finals,Peyton Prussin,,VFA,1:01 2-2,Arianna Marrufo,
2021,143,Consi of 16 #2,Cameryn Hulbert,York (W),VFA,0:43 4-0,Brittani Burgess,Ottawa (W)
2021,155,Consi of 16 #2,Dempsi Talkington,,VFA,0:44 4-0,Hannah Dickinson,Ottawa (W)
2021,155,Consi of 16 #2,Anastasia Hardin,,VSU1,15-5 6:00,Joycelyn Katcheak,Jamestown (W)
2021,143,Consi of 16 #2,Julia Mata,Missouri Valley (W),VFA,4:32 4-0,Irene Sanchez Figuera,
2021,155,Consi of 16 #2,Emilee Demann,St. Mary (W),VPO,12-0,Aliyah Ashby,
2021,136,Consi of 16 #2,Ashlee Palimo'o,,VPO1,6-2,Victoria Herrera,St. Mary (W)
2021,155,Consi of 16 #2,Haley Schafer,Central Christian (W),VFO,0-0,Salima Omari,William Penn
2021,143,Consi of 16 #2,Maryellen Lafferty,,VFA,1:23 4-2,Alexandrea Banag,
2021,155,Consi of 16 #2,Bella Mitchell,,VSU,10-0 2:14,Nayeli Maston,Eastern Oregon (W)
2021,143,Consi of 16 #2,Grace Nelson,Corban,VFA,2:53 2-4,Glenda Veiga,
2021,155,Consi of 16 #2,Brooke Lynn Rush,,VFA,1:51 2-0,Berenice Espino,Waldorf (W)
2021,155,Consi of 16 #2,Beyonce Garcia,,VFA,0:26 4-0,Jacqueline Carreras,Hastings
2021,155,Consi of 16 #2,Sitilaly Sanchez,Life Pacific (W),VFA,1:32 8-1,Kambrie Hedrick,
2021,136,Consi of 16 #2,Angelina Prado,,VFA,0:58 2-0,Jaimes Clark,
2021,143,Consi of 16 #2,Makia English,,VFA,5:33 7-0,Jenna Awana,
2021,136,Consi of 16 #2,Jocelyn Murphy,,VFA,2:05 6-2,Hailey Budney,
2021,136,Consi of 16 #2,Abbie Jones,Baker (W),VSU,10-0 0:46,Carson Williams,
2021,136,Consi of 16 #2,Luisita Jara,,VPO1,2-1,Rebekah Garcia,
2021,155,Consi of 16 #1,Hannah Dickinson,Ottawa (W),VSU,11-0 4:32,Maddie Oellermann,
2021,136,Consi of 16 #2,Amy Fuller,,VSU,11-0 1:57,Andrea Montoya,
2021,143,Consi of 16 #2,Ivy Kraght,,VSU,10-0 3:41,Joylynn Wegman,
2021,155,Consi of 16 #1,Joycelyn Katcheak,Jamestown (W),VFA,1:18 8-0,Alexis Lopez,
2021,136,Consi of 16 #2,Tayler Hayase,,VFA,0:30 4-0,Remy Vargas,
2021,136,Consi of 16 #2,Lyric Gonsalves,,VFA,0:59 4-0,Allyson Arrington,
2021,155,Consi of 16 #1,Emilee Demann,St. Mary (W),VFO,0-0,Jodie Hartlein,Warner Pacific (W)
2021,155,Consi of 16 #1,Nayeli Maston,Eastern Oregon (W),VFA,1:55 4-2,Haylee McDonald,
2021,143,Consi of 16 #2,Kailee Godinez,,VFA,1:02 4-0,Kimberly Pollak,
2021,136,Consi of 16 #1,Abbie Jones,Baker (W),VFA,2:17 4-2,Paige Kalish,Brewton Parker (W)
2021,143,Consi of 16 #2,Akina Yamada,,VSU1,12-2 2:50,Emily Lorring,
2021,136,Round of 16,Randi Robison,,VFA,4:54 11-2,Victoria Herrera,St. Mary (W)
2021,155,Consi of 16 #1,Brooke Lynn Rush,Missouri Valley (W),VFA,0:14 4-0,Rachel Rodawald,Central Methodist (W)
2021,155,Consi of 16 #1,Jacqueline Carreras,Hastings,VIN,0:00 0-0,Derriane Morrison,Ottawa (W)
2021,155,Round of 16,Destinee Rivera,,VSU,10-0 1:45,Berenice Espino,Waldorf (W)
2021,136,Round of 16,Mattison Parker,Oklahoma City (W),VSU,10-0 0:35,Carson Williams,Corban
2021,155,Round of 16,Morgan Mayginnes,Baker (W),VSU,10-0 1:51,Kambrie Hedrick,Missouri Valley (W)
2021,143,Consi of 16 #1,Brittani Burgess,,NC,0-0,Samantha Segura-Veliz,Midland (W)
2021,170,Consi of 16 #2,Catherine McNulty,Indiana Tech,VFA,4:46 7-0,Yahaira Vargas,Central Methodist (W)
2021,191,Consi of 16 #2,Ariana Pereria,Cumberlands (W),VSU1,12-2 5:27,Liliana Vergara,Campbellsville (W)
2021,143,Consi of 16 #1,Julia Mata,,VSU,10-0 1:23,Sierra Hartfelder,Brewton Parker (W)
2021,155,Round of 16,India Page,,VSU,10-0 2:48,Beyonce Garcia,Southern Oregon (W)
2021,136,Round of 16,Savanna Mccutchen,Missouri Valley (W),VFA,1:00 4-0,Jaimes Clark,
2021,143,Consi of 16 #1,Grace Nelson,,VFA,2:14 5-4,Krystal Fabricante,Eastern Oregon (W)
2021,136,Round of 16,Andrea Schlabach,,VFA,2:14 2-2,Amy Fuller,
2021,143,Round of 16,Sydney Freund,,VSU,10-0 5:11,Jenna Awana,Providence (W)
2021,191,Consi of 16 #2,Rayana Vigil,Southern Oregon (W),VFA,2:39 2-2,Martha Vizcarra,
2021,170,Consi of 16 #2,Sabrina Perez,Providence (W),VPO1,10-2,Bailey Dennis,
2021,136,Round of 16,Destiny Lyng,,VFA,1:10 8-0,Allyson Arrington,
2021,155,Round of 16,Kamalamaokapomahealani Lewis,,VFA,2:25 6-0,Aliyah Ashby,
2021,136,Round of 16,Brigid Shannon,,VPO,4-0,Rebekah Garcia,Lyon (W)
2021,191,Consi of 16 #2,Olivia Robinson,Eastern Oregon (W),VFO,0-0,Triniya Walker,
2021,155,Round of 16,Tiyahna Askew,,VSU,10-0 3:18,Bella Mitchell,York (W)
2021,191,Consi of 16 #2,larissa ramos,Central Christian (W),VFA,0:52 4-0,Charity Goldsmith-Ding,
2021,143,Round of 16,Ashley Ikner,,VFA,4:27 5-4,Glenda Veiga,
2021,191,Consi of 16 #2,Serena Sanchez,,VFA,1:03 2-4,Daniella Seely,
2021,170,Consi of 16 #2,Jasmin Ballesteros,,VSU1,12-2 2:37,Jordan Roberts,
2021,191,Consi of 16 #2,Elizabeth Hubbard,,VSU1,13-2 3:36,Samantha Ruano,William Penn
2021,155,Round of 16,Kendra Thompson,,VSU,11-0 1:29,Haley Schafer,
2021,170,Consi of 16 #2,Danielle Saldivar,,VFA,1:01 5-0,Jessica Valadez,St. Mary (W)
2021,136,Round of 16,Charmayne DeLong,,VFA,0:44 4-0,Remy Vargas,Jamestown (W)
2021,155,Round of 16,Sienna Ramirez,,VFA,4:52 12-2,Anastasia Hardin,
2021,143,Round of 16,Erin Redford,,VSU,10-0 5:08,Akina Yamada,
2021,136,Round of 16,Desiree Zavala,,VPO,10-0,Jocelyn Murphy,
2021,170,Round of 16,Jordan Nelson,,VSU,10-0 1:45,Yahaira Vargas,Central Methodist (W)
2021,191,Round of 16,Elisa Robinson,,VFA,1:51 6-0,Natalia Villegas,
2021,136,Round of 32,Randi Robison,,VFA,5:01 8-0,Hailey Budney,
2021,191,Round of 16,Kelly LaCost,,VFA,2:32 3-0,Rayana Vigil,Southern Oregon (W)
2021,170,Round of 16,Jennifer Curry,,VPO1,10-1,Michelle Kamyshin,
2021,155,Round of 16,Cierra Foster,,VFA,1:28 4-0,Dempsi Talkington,
2021,191,Round of 16,Victoria Hinojo,,VFA,5:10 10-1,Liliana Vergara,Campbellsville (W)
2021,155,Round of 32,Morgan Mayginnes,Baker (W),VSU,10-0 0:57,Maddie Oellermann,
2021,143,Round of 16,Emma Walker,,VSU,10-0 0:33,Kimberly Pollak,
2021,136,Round of 32,Mattison Parker,Oklahoma City (W),VFA,3:17 6-0,Tayler Hayase,
2021,155,Round of 32,Kambrie Hedrick,Missouri Valley (W),VPO1,9-6,Hannah Dickinson,
2021,143,Round of 16,Samantha Snow,,VSU,11-0 2:08,Joylynn Wegman,
2021,170,Round of 16,Hunter Robinson,,VPO,6-0,Sabrina Perez,Providence (W)
2021,191,Round of 16,MaQuoia Bernabe,,VFA,0:58 5-0,Jythssel Mascorro,
2021,143,Round of 16,Jordan Suarez,,VSU,10-0 4:12,Irene Sanchez Figuera,
2021,136,Round of 32,Savanna Mccutchen,Missouri Valley (W),VFA,3:31 10-1,Luisita Jara,
2021,191,Round of 16,Kelani Corbett,,VFA,4:04 4-1,Olivia Robinson,Eastern Oregon (W)
2021,155,Round of 32,Berenice Espino,Waldorf (W),VFA,1:06 4-0,Alexis Lopez,
2021,136,Round of 32,Andrea Schlabach,,VPO1,6-4,Lyric Gonsalves,Ottawa (W)
2021,170,Round of 16,Chamira Cooper,Cumberlands (W),VSU,10-0 3:13,Jasmin Ballesteros,Midland (W)
2021,143,Round of 16,nancy becerra,Missouri Valley (W),VFA,3:49 10-0,Cameryn Hulbert,York (W)
2021,155,Round of 32,Destinee Rivera,,VSU,11-0 3:43,Joycelyn Katcheak,Jamestown (W)
2021,191,Round of 16,Catherine Palmieri,Life (W),VFA,0:32 4-0,larissa ramos,Central Christian (W)
2021,191,Round of 16,Brianna Staebler,Campbellsville (W),VFA,2:25 9-0,Daniella Seely,Missouri Baptist (W)
2021,170,Round of 16,Alexandra Castillo,Campbellsville (W),VFA,1:00 5-0,Kassandra Lindemann,
2021,143,Round of 16,Waipuilani Estrella-Beauchamp,Midland (W),VFA,0:34 4-0,Maryellen Lafferty,Texas Wesleyan (W)
2021,155,Round of 32,India Page,Brewton Parker (W),VFA,1:03 13-0,Salima Omari,William Penn
2021,170,Round of 16,Mahealani Ramirez,,VFA,1:29 5-0,Olivia Ricci,Wayland Baptist (W)
2021,143,Round of 32,Sydney Freund,,VFA,2:34 8-1,Alexandrea Banag,Lyon (W)
2021,136,Round of 32,Destiny Lyng,,VFA,1:47 12-0,Andrea Montoya,Central Methodist (W)
2021,191,Round of 16,Nkechinyere Nwankwo,,VFA,0:23 4-0,Samantha Ruano,
2021,136,Round of 32,Brigid Shannon,,VFA,2:14 2-0,Angelina Prado,
2021,170,Round of 16,Sierra Talmadge,,VPO1,9-2,Kiya Jones,Baker (W)
2021,155,Round of 32,Aliyah Ashby,,VFA,0:59 2-0,Haylee McDonald,
2021,191,Round of 32,Natalia Villegas,,VFA,1:38 8-0,Elizabeth Hubbard,
2021,143,Round of 32,Glenda Veiga,Indiana Tech,VFA,1:11 4-0,Brittani Burgess,
2021,136,Round of 32,Charmayne DeLong,,VPO1,16-14,Paige Kalish,
2021,155,Round of 32,Kamalamaokapomahealani Lewis,,VFA,2:02 9-0,Nayeli Maston,Eastern Oregon (W)
2021,191,Round of 32,Kelly LaCost,,VSU1,12-1 4:32,Serena Sanchez,
2021,143,Round of 32,Ashley Ikner,,NC,0-0,Samantha Segura-Veliz,
2021,155,Round of 32,Tiyahna Askew,,VSU,10-0 1:30,Jodie Hartlein,Warner Pacific (W)
2021,143,Round of 32,Erin Redford,,VSU,10-0 0:23,Julia Mata,
2021,143,Round of 32,Akina Yamada,Waldorf (W),VFA,1:40 12-1,Sierra Hartfelder,
2021,170,Round of 16,Shania Gowan,,VSU,13-0 5:59,Danielle Saldivar,
2021,191,Round of 32,Liliana Vergara,,VFA,4:37 11-0,Charity Goldsmith-Ding,
2021,155,Round of 32,Bella Mitchell,,VSU,11-0 2:56,Emilee Demann,St. Mary (W)
2021,143,Round of 32,Emma Walker,,VSU,10-0 1:37,Ivy Kraght,
2021,136,Round of 32,Remy Vargas,,VSU1,16-5 6:00,Abbie Jones,
2021,143,Round of 32,Samantha Snow,,VSU1,12-2 2:00,Kailee Godinez,
2021,155,Round of 32,Haley Schafer,,VFA,0:58 2-0,Jacqueline Carreras,Hastings
2021,155,Round of 32,Kendra Thompson,,VFA,1:19 9-0,Derriane Morrison,
2021,191,Round of 32,Jythssel Mascorro,,VIN,0:00 0-0,Triniya Walker,
2021,143,Round of 32,Irene Sanchez Figuera,,VSU,10-0 1:34,Emily Lorring,Providence (W)
2021,191,Round of 32,Catherine Palmieri,Life (W),VSU,10-0 4:23,Ariana Pereria,
2021,155,Round of 32,Sienna Ramirez,,VSU,10-0 2:15,Brooke Lynn Rush,
2021,143,Round of 32,nancy becerra,Missouri Valley (W),VSU,10-0 0:54,Krystal Fabricante,
2021,170,Round of 32,Michelle Kamyshin,,VFA,1:49 4-0,Jessica Valadez,
2021,143,Round of 32,Cameryn Hulbert,York (W),VFA,2:17 7-0,Grace Nelson,
2021,155,Round of 32,Anastasia Hardin,,VSU,10-0 0:24,Rachel Rodawald,
2021,170,Round of 32,Hunter Robinson,,VFA,0:50 5-0,Jordan Roberts,
2021,136,Round of 32,Jocelyn Murphy,,VFA,4:41 5-2,Ashlee Palimo'o,
2021,155,Round of 32,Cierra Foster,,VSU,10-0 1:16,Sitilaly Sanchez,Life Pacific (W)
2021,191,Round of 32,Brianna Staebler,Campbellsville (W),VSU,11-0 3:33,Martha Vizcarra,
2021,170,Round of 32,Chamira Cooper,Cumberlands (W),VFA,0:50 4-0,Bailey Dennis,
2021,170,Round of 32,Alexandra Castillo,Campbellsville (W),VFA,1:51 6-0,Catherine McNulty,
2021,143,Round of 32,Waipuilani Estrella-Beauchamp,Midland (W),VFA,0:51 4-0,Makia English,
2021,123,Consi of 16 #2,Samantha Weeks,,VPO1,8-2,Alisha	Van Scoy,
2021,116,Consi of 16 #2,Katherine Heath,,VPO1,17-14,Mariah Spix,
2021,116,Consi of 16 #2,Carolina Johnson,,VFA,5:03 10-1,Emily Fergeson,York (W)
2021,109,Consi of 16 #2,Mia Arceneaux,Wayland Baptist (W),VFA,1:27 4-0,Jessienna Burkett-Erice,Lyon (W)
2021,123,Consi of 16 #2,Kendall Martin,Corban,VFA,0:23 2-0,Akemi Garcia,Lourdes
2021,123,Consi of 16 #2,Glory Konecny,,VSU,10-0 3:00,Anjelynn Baron,Eastern Oregon (W)
2021,109,Consi of 16 #2,Kassidy Leiszler,Baker (W),VFA,2:48 4-0,Laura Lincoln,Lyon (W)
2021,109,Consi of 16 #2,Claire Payne,,VSU,11-0 2:19,Salem Scobee,Midland (W)
2021,116,Consi of 16 #2,Raven Guidry,Oklahoma City (W),VSU,12-0 3:26,Riley Horvath,Indiana Tech
2021,109,Consi of 16 #2,Chloe Krebsbach,Grand View (W),VPO,7-0,Lisa Megargee,
2021,123,Consi of 16 #2,Alesandra Burgos,Brewton Parker (W),VFA,0:55 2-0,Marissa Burt,Jamestown (W)
2021,109,Consi of 16 #2,Savannah Kiddoo,Central Methodist (W),VPO1,12-2,Ann Marie	Hidalgo,
2021,123,Consi of 16 #2,Mami Selemani,William Penn,VFA,5:06 14-3,Olivia Branson,
2021,116,Consi of 16 #2,Cierra Broukal,Campbellsville (W),VFA,5:12 10-4,Cora Johnson,
2021,109,Consi of 16 #2,Lillianna Campbell,Missouri Valley (W),VSU,10-0 2:40,Michaela Childs,
2021,109,Consi of 16 #2,Katalina Bartelt,,VPO1,6-4,Lana Hunt,Providence (W)
2021,116,Consi of 16 #2,Emma De Brum,Lyon (W),VFA,1:29 8-0,Alyssa Schuller,Indiana Tech
2021,123,Consi of 16 #2,Geneva Winston,,VFA,4:50 8-8,Jocelyn Hernandez,Grand View (W)
2021,130,Consi of 16 #2,Teya Villalpando,St. Mary (W),VFA,1:57 8-0,Kami Fiordalis,
2021,116,Consi of 16 #2,jasmine alexander,,VSU1,12-1 3:26,Valeria Davilla,
2021,130,Consi of 16 #2,Sophia Smith,,VSU,10-0 5:25,Marlene Avila,
2021,109,Consi of 16 #2,Korigan Wilkey,Indiana Tech,VPO1,10-4,Mattalynn Meek,Lourdes
2021,123,Consi of 16 #2,Jasmin Davis,,VPO1,8-4,Rebekah Cordova,Wayland Baptist (W)
2021,116,Consi of 16 #2,Sydney McGhee,Missouri Baptist (W),VSU,10-0 1:09,Diana Leyva,York (W)
2021,130,Consi of 16 #2,Jordynn Robson,,VPO1,6-4,Corinne Robertson,Ottawa (W)
2021,116,Consi of 16 #2,Brooklyn Hermel,,VPO1,5-1,Breanna Mestas,Corban
2021,123,Consi of 16 #2,Tara Othman,Southern Oregon (W),VSU,10-0 1:36,Baylie Koonce,St. Mary (W)
2021,123,Consi of 16 #1,Akemi Garcia,Lourdes,VFA,2:55 4-1,Avery Thomason,
2021,130,Consi of 16 #2,Diana Dzasezeva,,VSU,10-0 1:50,MikaRae Mauldin,
2021,109,Consi of 16 #1,Salem Scobee,Midland (W),VFA,2:25 5-6,Melanie Salazar,Simpson (W)
2021,123,Consi of 16 #1,Alisha	Van Scoy,,VFA,1:03 4-0,Korissa VanOver,
2021,130,Consi of 16 #2,Xylia Warner,,VSU1,13-2 5:07,Brooke Cicierski,
2021,109,Consi of 16 #1,Jessienna Burkett-Erice,Lyon (W),VFA,4:51 8-10,Alexandra Martinez,
2021,123,Consi of 16 #1,Anjelynn Baron,Eastern Oregon (W),VFO,0-0,Katy Figueroa,
2021,116,Consi of 16 #1,Mariah Spix,,VFA,2:06 5-0,Stephanie Blankenship,Warner Pacific (W)
2021,123,Consi of 16 #1,Marissa Burt,Jamestown (W),VFO,0-0,Kaelyn Siason,
2021,123,Consi of 16 #1,Mami Selemani,William Penn,VSU1,14-2 3:51,Maria Lopez-Garcia,
2021,116,Consi of 16 #1,Raven Guidry,Oklahoma City (W),VFA,0:51 4-2,JoNiesha Kennedy,
2021,130,Consi of 16 #2,Emily Alderman,,VPO1,6-4,Riley Dalrymple,
2021,116,Consi of 16 #1,Emma De Brum,Lyon (W),VSU,10-0 2:46,Daviona Bonner,
2021,109,Consi of 16 #1,Laura Lincoln,Lyon (W),VFA,0:56 2-0,Alessia Cokeley,
2021,109,Consi of 16 #1,Lana Hunt,Providence (W),VSU1,12-2 2:39,Abigail Halstead,
2021,123,Consi of 16 #1,Jocelyn Hernandez,Grand View (W),VFA,1:34 4-0,Prethy Enriquez,
2021,123,Consi of 16 #1,Rebekah Cordova,Wayland Baptist (W),VSU,10-0 1:14,Jenny Castaneda,
2021,116,Round of 16,Camille Fournier,,VFA,2:42 7-0,Breanna Mestas,Corban
2021,109,Consi of 16 #1,Mattalynn Meek,Lourdes,VPO1,14-4,Nayeli Flores,
2021,123,Consi of 16 #1,Baylie Koonce,St. Mary (W),VFA,5:05 12-2,Gigi Loza,
2021,116,Round of 16,Charlotte Fowler,,VSU,10-0 0:49,Diana Leyva,York (W)
2021,109,Round of 16,Rayana Sahagun,,VPO1,9-3,Korigan Wilkey,Indiana Tech
2021,116,Round of 16,Aphrodite Ayala,,VPO1,10-9,Alyssa Schuller,Indiana Tech
2021,101,Consi of 16 #2,Ira Navarro,,VPO1,12-3,Elizabeth Dosado,Cumberlands (W)
2021,123,Round of 16,Jasmine Hernandez,,VSU,10-0 4:43,Tara Othman,Southern Oregon (W)
2021,123,Round of 16,Isabella Gonzalez,Grand View (W),VSU,13-0 3:00,Jasmin Davis,Wayland Baptist (W)
2021,130,Consi of 16 #2,Willow Barnes,Missouri Valley (W),VPO1,8-6,Sydney Lewis,Indiana Tech
2021,123,Round of 16,Jacqueline Ghent,Campbellsville (W),VSU1,12-2 3:44,Geneva Winston,Brewton Parker (W)
2021,116,Round of 16,Stefana Jelacic,,VSU,10-0 1:40,Valeria Davilla,
2021,109,Round of 16,Macie Stewart,,VFA,0:34 2-0,Katalina Bartelt,
2021,116,Round of 16,Josie Bartishofski,,VSU,10-0 2:51,Cierra Broukal,
2021,101,Consi of 16 #2,Whitley Blake,Indiana Tech,VSU,10-0 3:38,Kylie Marlin,York (W)
2021,130,Consi of 16 #2,Autumn Barela,Central Methodist (W),VSU,10-0 1:58,Cassidy Anderson,Central Christian (W)
2021,123,Round of 16,Katlyn Pizzo,,VFA,0:14 4-0,Olivia Branson,Baker (W)
2021,109,Round of 16,Emma Cochran,,VPO1,10-7,Savannah Kiddoo,
2021,116,Round of 16,Serenity Durham Goree,,VSU1,12-2 2:26,Riley Horvath,
2021,101,Consi of 16 #2,Angelina Casteneda,,VSU,10-0 1:43,Audree Garcia,
2021,123,Round of 16,Ashley Whetzal,Lyon (W),VSU,10-0 0:53,Alesandra Burgos,
2021,130,Consi of 16 #1,Kami Fiordalis,,VFA,3:31 4-8,Lindsay Mills,Missouri Baptist (W)
2021,123,Round of 16,Nichole Moore,,VSU1,12-2 4:51,Glory Konecny,
2021,101,Consi of 16 #2,Gabriela Garcia,,VSU1,12-2 6:00,Brooke Burrows,Corban
2021,116,Round of 16,Arianna Marrufo,,VFA,4:22 4-2,Emily Fergeson,
2021,130,Round of 16,Mea Mohler,,VSU,11-0 0:49,Jordynn Robson,
2021,130,Round of 16,Alexandra Baudhuin,,VPO1,10-4,Sophia Smith,
2021,123,Round of 16,Theresa Rankin,,VFA,5:01 9-1,Samantha Weeks,
2021,109,Round of 16,Asia Ray,,VSU,10-0 1:32,Kassidy Leiszler,
2021,116,Round of 16,Peyton Prussin,,VSU,11-0 0:52,Katherine Heath,
2021,109,Round of 16,Tehani Soares,,VPO1,8-4,Lillianna Campbell,
2021,101,Consi of 16 #2,Chalimar Rodriguez,William Penn,VFA,3:36 10-5,Angelique Cervantes,Life Pacific (W)
2021,116,Round of 32,Camille Fournier,,VFA,2:44 7-0,Mariah Spix,
2021,123,Round of 16,Julia Vidallon,,VSU1,15-4 2:32,Kendall Martin,
2021,130,Round of 16,Briana Kellin,,VPO1,8-2,Diana Dzasezeva,
2021,101,Consi of 16 #2,Caryssa Aguirre,Wayland Baptist (W),VFA,1:06 4-2,Unity Cordova,
2021,123,Round of 32,Jasmine Hernandez,,VFA,0:30 6-0,Akemi Garcia,
2021,116,Round of 32,Breanna Mestas,,VSU,11-0 3:59,Stephanie Blankenship,Warner Pacific (W)
2021,101,Consi of 16 #2,Destiny Shelton,,VSU1,13-2 3:08,Ella Whitaker,
2021,123,Round of 32,Tara Othman,,VSU,10-0 2:05,Avery Thomason,
2021,109,Round of 16,Jaine Stephens,,VFA,3:43 12-2,Mia Arceneaux,
2021,123,Round of 32,Isabella Gonzalez,Grand View (W),VSU1,12-1 4:48,Korissa VanOver,
2021,101,Round of 16,Devyn Gomez,,VFA,5:12 10-6,Elizabeth Dosado,
2021,116,Round of 32,Charlotte Fowler,,VPO1,4-2,Carolina Johnson,
2021,109,Round of 16,Kory Phillips,,VPO1,6-6,Chloe Krebsbach,
2021,130,Round of 16,Angela Vitiritti,,VFA,1:40 6-0,Xylia Warner,
2021,123,Round of 32,Jasmin Davis,Wayland Baptist (W),VSU,10-0 4:23,Alisha	Van Scoy,St. Mary (W)
2021,130,Round of 16,De'anna Prince,,VSU,10-0 0:49,Autumn Barela,Central Methodist (W)
2021,130,Round of 16,Macy Higa,Eastern Oregon (W),VSU,10-0 1:27,Sydney Lewis,Indiana Tech
2021,101,Round of 16,Madison Brown,,VFA,4:21 8-4,Whitley Blake,Indiana Tech
2021,116,Round of 32,Alyssa Schuller,,VFA,5:22 8-4,Raven Guidry,
2021,109,Round of 16,McKayla Campbell,,VFA,0:21 4-0,Claire Payne,
2021,130,Round of 16,Karoline Ortiz,,VPO1,4-3,Riley Dalrymple,
2021,123,Round of 32,Jacqueline Ghent,Campbellsville (W),VFO,0-0,Katy Figueroa,
2021,109,Round of 32,Rayana Sahagun,,VSU,10-0 1:27,Salem Scobee,
2021,123,Round of 32,Geneva Winston,Brewton Parker (W),VPO1,8-4,Anjelynn Baron,
2021,109,Round of 32,Korigan Wilkey,,VFA,13-2,Melanie Salazar,Simpson (W)
2021,101,Round of 16,Esther Walker,,VFA,3:58 12-6,Caryssa Aguirre,Wayland Baptist (W)
2021,116,Round of 32,Aphrodite Ayala,Simpson (W),VPO1,8-7,JoNiesha Kennedy,Ottawa (W)
2021,109,Round of 32,Katalina Bartelt,,VSU,10-0 4:10,Lisa Megargee,Eastern Oregon (W)
2021,123,Round of 32,Olivia Branson,Baker (W),VFO,0-0,Kaelyn Siason,Providence (W)
2021,130,Round of 16,Bridgette Duty,Cumberlands (W),VFA,3:39 12-1,Teya Villalpando,St. Mary (W)
2021,101,Round of 16,Ivy Navarro,Providence (W),VSU,10-0 0:49,Karly Scott,Southern Oregon (W)
2021,101,Round of 16,Esthella Trevino,,VSU,10-0 1:30,Destiny Shelton,Indiana Tech
2021,123,Round of 32,Katlyn Pizzo,,VFA,0:19 2-2,Marissa Burt,Jamestown (W)
2021,109,Round of 32,Emma Cochran,,VPO1,7-2,Jessienna Burkett-Erice,Lyon (W)
2021,123,Round of 32,Ashley Whetzal,,VFA,1:29 4-2,Mami Selemani,William Penn
2021,101,Round of 16,Kassidy Ramirez,,VFA,3:23 4-4,Chalimar Rodriguez,William Penn
2021,116,Round of 32,Stefana Jelacic,,VSU,11-0 1:12,Cora Johnson,Central Methodist (W)
2021,123,Round of 32,Alesandra Burgos,Brewton Parker (W),VPO,8-0,Maria Lopez-Garcia,
2021,130,Round of 32,Mea Mohler,,VSU,10-0 1:17,Kami Fiordalis,York (W)
2021,116,Round of 32,Cierra Broukal,,VPO1,6-4,jasmine alexander,
2021,101,Round of 16,Alaura Couch,Grand View (W),VSU,10-0 3:28,Brooke Burrows,Corban
2021,130,Round of 32,Jordynn Robson,,VSU,12-0 2:51,Lindsay Mills,Missouri Baptist (W)
2021,109,Round of 32,Savannah Kiddoo,,VSU,12-0 3:09,Alexandra Martinez,
2021,123,Round of 32,Glory Konecny,,VPO1,9-3,Prethy Enriquez,Midland (W)
2021,101,Round of 16,Nina Pham,Wayland Baptist (W),VSU,10-0 1:42,Angelina Casteneda,
2021,116,Round of 32,Riley Horvath,,VPO1,10-2,Daviona Bonner,
2021,130,Round of 32,Alexandra Baudhuin,,VSU,10-0 2:56,Emily Alderman,
2021,101,Round of 32,Devyn Gomez,,VSU,10-0 0:46,Audree Garcia,Central Christian (W)
2021,109,Round of 32,Asia Ray,,VSU,10-0 0:43,Michaela Childs,Oklahoma City (W)
2021,101,Round of 32,Madison Brown,,VPO1,12-5,Gabriela Garcia,
2021,109,Round of 32,Tehani Soares,,VFA,1:36 6-0,Alessia Cokeley,
2021,130,Round of 32,Diana Dzasezeva,,VSU,10-0 0:54,Willow Barnes,Missouri Valley (W)
2021,123,Round of 32,Nichole Moore,,VSU,11-0 0:35,Jocelyn Hernandez,
2021,109,Round of 32,Lillianna Campbell,,VFA,1:05 6-0,Laura Lincoln,
2021,130,Round of 32,Xylia Warner,,VPO1,13-9,Cassidy Anderson,
2021,123,Round of 32,Theresa Rankin,,VPO1,7-4,Rebekah Cordova,
2021,116,Round of 32,Serenity Durham Goree,,VSU,10-0 4:41,Emma De Brum,
2021,109,Round of 32,Jaine Stephens,,VFA,2:09 6-2,Ann Marie	Hidalgo,
2021,101,Round of 32,Esther Walker,,VFA,0:16 6-0,Angelique Cervantes,Life Pacific (W)
2021,101,Round of 32,Ivy Navarro,Providence (W),VSU,10-0 1:05,Ella Whitaker,
2021,109,Round of 32,Kory Phillips,,VSU1,14-1 1:40,Abigail Halstead,
2021,101,Round of 32,Chalimar Rodriguez,William Penn,VPO1,11-6,Unity Cordova,
2021,116,Round of 32,Arianna Marrufo,,VFA,2:58 6-2,Sydney McGhee,
2021,123,Round of 32,Samantha Weeks,,VSU1,12-1 3:55,Jenny Castaneda,
2021,130,Round of 32,De'anna Prince,,VSU,10-0 0:24,Brooke Cicierski,
2021,109,Round of 32,Chloe Krebsbach,,VSU1,14-2 2:41,Lana Hunt,
2021,130,Round of 32,Macy Higa,,VSU,10-0 1:50,MikaRae Mauldin,
2021,116,Round of 32,Katherine Heath,,VPO1,8-4,Brooklyn Hermel,
2021,123,Round of 32,Kendall Martin,,VSU,10-0 1:32,Gigi Loza,
2021,109,Round of 32,Claire Payne,,VFA,3:35 8-3,Nayeli Flores,
2021,101,Round of 32,Alaura Couch,Grand View (W),VSU,10-0 2:58,Kylie Marlin,
2021,130,Round of 32,Karoline Ortiz,,VSU1,12-2 1:52,Marlene Avila,
2021,130,Round of 32,Bridgette Duty,Cumberlands (W),VSU,10-0 0:51,Corinne Robertson,
2021,101,Round of 32,Nina Pham,Wayland Baptist (W),VSU,10-0 1:19,Ira Navarro,
2021,109,Round of 32,McKayla Campbell,,VFA,1:15 6-0,Mattalynn Meek,
2021,123,Round of 32,Julia Vidallon,,VSU,10-0 0:31,Baylie Koonce,
2021,101,Consi of 16 #1,Unity Cordova,Life (W),BYE,,,
2021,191,Consi of 16 #2,Natalia Villegas,Grand View (W),BYE,,,
2021,170,Round of 32,Jennifer Curry,,BYE,,,
2021,191,Consi of 16 #1,,,BYE,,,
2021,101,Consi of 16 #2,Karly Scott,Southern Oregon (W),BYE,,,
2021,130,Round of 32,Sydney Lewis,Indiana Tech,BYE,,,
2021,191,Round of 32,Nkechinyere Nwankwo,,BYE,,,
2021,101,Consi of 16 #1,Kylie Marlin,York (W),BYE,,,
2021,191,Consi of 16 #1,Triniya Walker,Central Methodist (W),BYE,,,
2021,191,Round of 32,Kelani Corbett,,BYE,,,
2021,109,Round of 32,Kassidy Leiszler,,BYE,,,
2021,143,Round of 32,Jordan Suarez,,BYE,,,
2021,101,Round of 32,Elizabeth Dosado,Cumberlands (W),BYE,,,
2021,143,Consi of 16 #1,Ivy Kraght,Corban,BYE,,,
2021,101,Consi of 16 #1,Gabriela Garcia,Brewton Parker (W),BYE,,,
2021,116,Consi of 16 #1,Carolina Johnson,,BYE,,,
2021,136,Consi of 16 #1,Lyric Gonsalves,Ottawa (W),BYE,,,
2021,136,Round of 32,Amy Fuller,Hastings,BYE,,,
2021,170,Round of 32,Sierra Talmadge,,BYE,,,
2021,143,Consi of 16 #1,Kailee Godinez,,BYE,,,
2021,155,Consi of 16 #1,Salima Omari,William Penn,BYE,,,
2021,155,Round of 32,Beyonce Garcia,,BYE,,,
2021,130,Round of 32,Angela Vitiritti,,BYE,,,
2021,116,Consi of 16 #1,Sydney McGhee,Missouri Baptist (W),BYE,,,
2021,136,Consi of 16 #1,Hailey Budney,,BYE,,,
2021,130,Consi of 16 #1,Marlene Avila,,BYE,,,
2021,191,Round of 32,Rayana Vigil,,BYE,,,
2021,101,Consi of 16 #1,Ella Whitaker,,BYE,,,
2021,136,Round of 32,Carson Williams,,BYE,,,
2021,130,Round of 32,Briana Kellin,,BYE,,,
2021,136,Round of 32,Victoria Herrera,St. Mary (W),BYE,,,
2021,130,Round of 32,Teya Villalpando,,BYE,,,
2021,191,Round of 32,Samantha Ruano,,BYE,,,
2021,143,Consi of 16 #1,Emily Lorring,Providence (W),BYE,,,
2021,143,Round of 32,Joylynn Wegman,,BYE,,,
2021,170,Consi of 16 #1,,,BYE,,,
2021,170,Consi of 16 #1,,,BYE,,,
2021,170,Consi of 16 #2,Kiya Jones,Baker (W),BYE,,,
2021,130,Consi of 16 #1,Cassidy Anderson,Central Christian (W),BYE,,,
2021,191,Consi of 16 #1,Elizabeth Hubbard,,BYE,,,
2021,191,Consi of 16 #1,Martha Vizcarra,,BYE,,,
2021,170,Round of 32,Kiya Jones,Baker (W),BYE,,,
2021,191,Round of 32,Daniella Seely,,BYE,,,
2021,116,Round of 32,Emily Fergeson,,BYE,,,
2021,170,Round of 32,Danielle Saldivar,,BYE,,,
2021,191,Round of 32,MaQuoia Bernabe,,BYE,,,
2021,170,Round of 32,Shania Gowan,,BYE,,,
2021,130,Round of 32,Riley Dalrymple,,BYE,,,
2021,191,Consi of 16 #1,,,BYE,,,
2021,136,Consi of 16 #1,Tayler Hayase,Midland (W),BYE,,,
2021,109,Consi of 16 #1,Lisa Megargee,Eastern Oregon (W),BYE,,,
2021,116,Round of 32,Valeria Davilla,Wayland Baptist (W),BYE,,,
2021,101,Round of 32,Whitley Blake,Indiana Tech,BYE,,,
2021,170,Consi of 16 #2,Olivia Ricci,,BYE,,,
2021,101,Round of 32,Angelina Casteneda,,BYE,,,
2021,116,Round of 32,Diana Leyva,York (W),BYE,,,
2021,170,Round of 32,Jordan Nelson,,BYE,,,
2021,130,Round of 32,Sophia Smith,,BYE,,,
2021,101,Consi of 16 #1,Ira Navarro,,BYE,,,
2021,143,Consi of 16 #1,Alexandrea Banag,Lyon (W),BYE,,,
2021,170,Consi of 16 #1,,,BYE,,,
2021,101,Round of 32,Brooke Burrows,Corban,BYE,,,
2021,155,Round of 32,Dempsi Talkington,,BYE,,,
2021,101,Consi of 16 #1,,,BYE,,,
2021,170,Round of 32,Jasmin Ballesteros,Midland (W),BYE,,,
2021,170,Consi of 16 #1,Bailey Dennis,Southern Oregon (W),BYE,,,
2021,170,Consi of 16 #2,Michelle Kamyshin,,BYE,,,
2021,191,Round of 32,Olivia Robinson,,BYE,,,
2021,136,Round of 32,Rebekah Garcia,,BYE,,,
2021,136,Consi of 16 #1,Andrea Montoya,Central Methodist (W),BYE,,,
2021,101,Round of 32,Esthella Trevino,,BYE,,,
2021,136,Consi of 16 #1,Luisita Jara,,BYE,,,
2021,191,Consi of 16 #1,Charity Goldsmith-Ding,,BYE,,,
2021,170,Round of 32,Yahaira Vargas,,BYE,,,
2021,130,Consi of 16 #1,Corinne Robertson,Ottawa (W),BYE,,,
2021,191,Round of 32,Victoria Hinojo,,BYE,,,
2021,170,Consi of 16 #1,Jessica Valadez,St. Mary (W),BYE,,,
2021,101,Round of 32,Destiny Shelton,,BYE,,,
2021,116,Consi of 16 #1,Cora Johnson,,BYE,,,
2021,116,Consi of 16 #1,jasmine alexander,Grand View (W),BYE,,,
2021,101,Round of 32,Caryssa Aguirre,,BYE,,,
2021,191,Consi of 16 #2,Jythssel Mascorro,,BYE,,,
2021,136,Round of 32,Jaimes Clark,Baker (W),BYE,,,
2021,130,Consi of 16 #1,Willow Barnes,Missouri Valley (W),BYE,,,
2021,143,Round of 32,Jenna Awana,,BYE,,,
2021,136,Round of 32,Desiree Zavala,,BYE,,,
2021,109,Consi of 16 #1,Ann Marie	Hidalgo,,BYE,,,
2021,101,Consi of 16 #1,Angelique Cervantes,Life Pacific (W),BYE,,,
2021,191,Consi of 16 #1,Serena Sanchez,,BYE,,,
2021,130,Consi of 16 #1,Brooke Cicierski,,BYE,,,
2021,170,Round of 32,Kassandra Lindemann,,BYE,,,
2021,136,Round of 32,Allyson Arrington,,BYE,,,
2021,170,Round of 32,Sabrina Perez,,BYE,,,
2021,116,Round of 32,Peyton Prussin,,BYE,,,
2021,116,Consi of 16 #1,Brooklyn Hermel,,BYE,,,
2021,130,Round of 32,Autumn Barela,,BYE,,,
2021,136,Consi of 16 #1,Angelina Prado,,BYE,,,
2021,143,Round of 32,Maryellen Lafferty,Texas Wesleyan (W),BYE,,,
2021,109,Round of 32,Mia Arceneaux,,BYE,,,
2021,109,Consi of 16 #1,Michaela Childs,,BYE,,,
2021,101,Round of 32,Kassidy Ramirez,Lyon (W),BYE,,,
2021,170,Round of 32,Olivia Ricci,Wayland Baptist (W),BYE,,,
2021,191,Round of 32,Elisa Robinson,,BYE,,,
2021,191,Round of 32,larissa ramos,Central Christian (W),BYE,,,
2021,191,Consi of 16 #1,Ariana Pereria,Cumberlands (W),BYE,,,
2021,170,Round of 32,Mahealani Ramirez,Missouri Valley (W),BYE,,,
2021,143,Consi of 16 #1,Makia English,St. Mary (W),BYE,,,
2021,155,Consi of 16 #1,Sitilaly Sanchez,Life Pacific (W),BYE,,,
2021,116,Round of 32,Josie Bartishofski,,BYE,,,
2021,143,Round of 32,Kimberly Pollak,Hastings,BYE,,,
2021,109,Round of 32,Macie Stewart,,BYE,,,
2021,101,Round of 32,Karly Scott,,BYE,,,
2021,101,Consi of 16 #1,Audree Garcia,,BYE,,,
2021,130,Consi of 16 #1,Emily Alderman,,BYE,,,
2021,136,Consi of 16 #1,Ashlee Palimo'o,Midland (W),BYE,,,
2021,170,Consi of 16 #1,Jordan Roberts,Missouri Baptist (W),BYE,,,
2021,130,Consi of 16 #1,MikaRae Mauldin,York (W),BYE,,,
2021,170,Consi of 16 #1,,,BYE,,,
2021,170,Consi of 16 #2,Kassandra Lindemann,Grand View (W),BYE,,,
2021,170,Consi of 16 #1,Catherine McNulty,Indiana Tech,BYE,,,
2019,191,Finals,Paige Baynes,Wayland Baptist University,VSU1,7-5 6:00,Chi Chi Nwankwo,Oklahoma City University
2019,170,Finals,Dymond Guilford,Missouri Baptist University,VFA,2:36,Precious Bell,Menlo College
2019,155,Finals,Iman Kazem,Menlo College,VFA,0:39 2-0,Anna Naylor,University of Cumberlands
2019,143,Finals,Marilyn Garcia,Menlo College,VSU,2-0 6:00,Angela Peralta,Menlo College
2019,136,Finals,Solin Piearcy,Menlo College,VSU1,8-1 6:00,Erica Sotelo,Life University
2019,130,Finals,Andribeth Rivera,Campbellsville University,VFA,1:47 6-2,Cara Romeike,University of Jamestown
2019,123,Finals,Tiana jackson,Menlo College,VSU1,5-2 6:00,Koral Sugiyama,Campbellsville University
2019,116,Finals,Jathiya Isaac,Wayland Baptist University,VSU1,3-2 6:00,Gracie Figueroa,Menlo College
2019,109,Finals,Alleida Martinez,Menlo College,VFA,3:22 10-0,Mckayla Campbell,Campbellsville University
2019,101,Finals,Asia Ray,Wayland Baptist University,VSU1,8-1 6:00,Nina Pham,Wayland Baptist University
2019,191,3rd Place,Leilani Camargo-Naone,Midland University,VPO1,6-5,Agatha Andrews,University of Jamestown
2019,191,5th Place,Alexandra Castillo,Campbellsville University,VPO1,8-2,Jesse Kirby,University of Cumberlands
2019,191,7th Place,Emily Sandoval,Menlo College,VSU,10-0 0:33,Angel Ochoa,Missouri Baptist University
2019,170,7th Place,Payton Rigert,University of Cumberlands,VPO1,8-6,Alyssa Schrull,University of Jamestown
2019,170,3rd Place,Rachel Watters,Oklahoma City University,VPO1,4-4,Mariah Harris,Campbellsville University
2019,170,5th Place,Jordan Nelson,Life University,VSU1,12-1 5:58,Kenya-Lee Sloan,Campbellsville University
2019,143,3rd Place,Margaret Douma,Oklahoma City University,VFA,1:21 4-0,Zoe Wight,Life University
2019,155,7th Place,Sierra Talmadge,University of Jamestown,VPO1,4-3,Isabella Ricchiazzi,University of Cumberlands
2019,136,3rd Place,Destiny Lyng,Oklahoma City University,VSU,10-0 3:00,Bridgette Duty,University of Cumberlands
2019,155,5th Place,Destinee Rivera,Life University,VPO1,4-1,Gabriela Hunter,Midland University
2019,130,3rd Place,Sydney Freund,Oklahoma City University,VPO1,2-1,Anesia Ramirez,Southern Oregon
2019,143,7th Place,Joy Muniz,University of Jamestown,VFA,2:07 7-0,Morgan Shines,Life University
2019,136,7th Place,Brittany Woods-Orrison,Menlo College,VFA,4:25 7-4,Sophia Carson,Campbellsville University
2019,136,5th Place,Akina Yamada,Waldorf University,VFA,1:57 8-2,Elissa Douglass,Lyon College
2019,123,3rd Place,Dajan Treder,University of Providence,VPO1,8-4,Macy Higa,Eastern Oregon University
2019,130,7th Place,Breanna Dudoit-Vasquez,Wayland Baptist University,VSU,10-0 3:23,Aysia Cortez,Life University
2019,130,5th Place,Julissa Taitano,Southern Oregon,VPO1,14-9,Jocelyn Murphy,Missouri Valley College
2019,116,3rd Place,Cassidy Jasperson,Oklahoma City University,VSU,12-0 6:00,Madison Angelito,University of Cumberlands
2019,123,7th Place,ARIANNA MARRUFO,University of Jamestown,VPO1,6-5,Daniela Flores,Oklahoma City University
2019,123,5th Place,Alanah Vetterick,Midland University,VFA,3:52 4-4,Victoria Norris,Ottawa University
2019,109,3rd Place,Tyesha Topps,Life University,VPO1,6-2,RAVEN GUIDRY,Oklahoma City University
2019,116,7th Place,Chelsea Dionisio,University of Jamestown,VSU,10-0 4:46,Jamayia Blackston,University of Jamestown
2019,116,5th Place,Glory Konecny,Southern Oregon,VFA,3:35 8-2,Taryn Ichimura,Menlo College
2019,109,7th Place,Diana Leyva,Waldorf University,VSU1,14-1 4:24,Alessia Cokeley,Ottawa University
2019,109,5th Place,Brianna Leong,Lyon College,VFA,1:22 8-0,Cassidy Freeman,Eastern Oregon University
2019,101,3rd Place,Junnette Caldera,University of Jamestown,VFA,3:30 7-8,Hiba Salem,Menlo College
2019,101,5th Place,Jessica Rodriguez,University of Cumberlands,VFA,1:50 8-0,Kassidy Ramirez,Lyon College
2019,101,7th Place,Faye Cherrier,Life University,VIN,Amber,Garriga,Life University
2019,143,5th Place,Sienna Ramirez,Southern Oregon,VIN,Cierra,Foster,Oklahoma City University
2019,191,Consi-Semis,Agatha Andrews,University of Jamestown,VFA,4:28 8-6,Jesse Kirby,University of Cumberlands
2019,155,3rd Place,Myranda Velazquez,University of Jamestown,VSU,Shamera,McTier,Missouri Valley College
2019,170,Consi-Semis,Rachel Watters,Oklahoma City University,VSU1,12-1 4:49,Jordan Nelson,Life University
2019,170,Consi-Semis,Mariah Harris,Campbellsville University,VPO1,5-4,Kenya-Lee Sloan,Campbellsville University
2019,191,Consi-Semis,Leilani Camargo-Naone,Midland University,VPO1,6-4,Alexandra Castillo,Campbellsville University
2019,155,Consi-Semis,Shamera McTier,Missouri Valley College,VSU,10-0 4:39,Destinee Rivera,Life University
2019,136,Consi-Semis,Destiny Lyng,Oklahoma City University,VPO1,9-6,Elissa Douglass,Lyon College
2019,155,Consi-Semis,Myranda Velazquez,University of Jamestown,VSU,10-0 1:51,Gabriela Hunter,Midland University
2019,143,Consi-Semis,Margaret Douma,Oklahoma City University,VPO1,6-6,Sienna Ramirez,Southern Oregon
2019,143,Consi-Semis,Zoe Wight,Life University,VSU1,12-2 4:51,Cierra Foster,Oklahoma City University
2019,130,Consi-Semis,Sydney Freund,Oklahoma City University,VSU1,11-3 6:00,Julissa Taitano,Southern Oregon
2019,136,Consi-Semis,Bridgette Duty,University of Cumberlands,VSU1,12-2 3:25,Akina Yamada,Waldorf University
2019,130,Consi-Semis,Anesia Ramirez,Southern Oregon,VSU1,18-7 4:35,Jocelyn Murphy,Missouri Valley College
2019,116,Consi-Semis,Madison Angelito,University of Cumberlands,VSU,11-0 6:00,Glory Konecny,Southern Oregon
2019,123,Consi-Semis,Macy Higa,Eastern Oregon University,VFA,1:33 4-4,Victoria Norris,Ottawa University
2019,116,Consi-Semis,Cassidy Jasperson,Oklahoma City University,VFA,0:55 4-0,Taryn Ichimura,Menlo College
2019,123,Consi-Semis,Dajan Treder,University of Providence,VFA,1:00 4-0,Alanah Vetterick,Midland University
2019,109,Consi-Semis,Tyesha Topps,Life University,VSU,11-0 2:31,Cassidy Freeman,Eastern Oregon University
2019,109,Consi-Semis,RAVEN GUIDRY,Oklahoma City University,VPO1,4-4,Brianna Leong,Lyon College
2019,101,Consi-Semis,Hiba Salem,Menlo College,VSU,13-0 3:00,Jessica Rodriguez,University of Cumberlands
2019,170,Semi-Finals,Precious Bell,Menlo College,VPO,4-0,Mariah Harris,Campbellsville University
2019,191,Semi-Finals,Paige Baynes,Wayland Baptist University,VSU1,8-2 6:00,Agatha Andrews,University of Jamestown
2019,101,Consi-Semis,Junnette Caldera,University of Jamestown,VFA,2:43 12-4,Kassidy Ramirez,Lyon College
2019,191,Consi of 4,Alexandra Castillo,Campbellsville University,VPO1,11-4,Emily Sandoval,Menlo College
2019,155,Semi-Finals,Anna Naylor,University of Cumberlands,VPO1,16-7,Shamera McTier,Missouri Valley College
2019,191,Semi-Finals,Chi Chi Nwankwo,Oklahoma City University,VFA,1:22 8-0,Leilani Camargo-Naone,Midland University
2019,170,Semi-Finals,Dymond Guilford,Missouri Baptist University,VSU,10-0 4:36,Rachel Watters,Oklahoma City University
2019,191,Consi of 4,Jesse Kirby,University of Cumberlands,VFA,0:55 4-0,Angel Ochoa,Missouri Baptist University
2019,170,Consi of 4,Jordan Nelson,Life University,VPO,4-0,Payton Rigert,University of Cumberlands
2019,170,Consi of 4,Kenya-Lee Sloan,Campbellsville University,VFA,2:15 6-4,Alyssa Schrull,University of Jamestown
2019,155,Semi-Finals,Iman Kazem,Menlo College,VFA,1:00 6-0,Gabriela Hunter,Midland University
2019,155,Consi of 4,Destinee Rivera,Life University,VPO1,2-1,Isabella Ricchiazzi,University of Cumberlands
2019,143,Semi-Finals,Angela Peralta,Menlo College,VPO,7-0,Cierra Foster,Oklahoma City University
2019,143,Semi-Finals,Marilyn Garcia,Menlo College,VPO1,8-1,Margaret Douma,Oklahoma City University
2019,155,Consi of 4,Myranda Velazquez,University of Jamestown,VFA,2:24 8-0,Sierra Talmadge,University of Jamestown
2019,143,Consi of 4,Sienna Ramirez,Southern Oregon,VFA,1:17 4-0,Joy Muniz,University of Jamestown
2019,143,Consi of 4,Zoe Wight,Life University,VSU,11-0 3:15,Morgan Shines,Life University
2019,136,Consi of 4,Akina Yamada,Waldorf University,VSU1,14-2 4:57,Brittany Woods-Orrison,Menlo College
2019,136,Semi-Finals,Erica Sotelo,Life University,VPO,7-0,Elissa Douglass,Lyon College
2019,136,Consi of 4,Destiny Lyng,Oklahoma City University,VFA,4:47 10-0,Sophia Carson,Campbellsville University
2019,130,Consi of 4,Jocelyn Murphy,Missouri Valley College,VFA,3:50 7-12,Breanna Dudoit-Vasquez,Wayland Baptist University
2019,130,Semi-Finals,Cara Romeike,University of Jamestown,VFA,2:31 5-0,Julissa Taitano,Southern Oregon
2019,136,Semi-Finals,Solin Piearcy,Menlo College,VPO1,9-4,Bridgette Duty,University of Cumberlands
2019,130,Consi of 4,Sydney Freund,Oklahoma City University,VPO,6-0,Aysia Cortez,Life University
2019,123,Semi-Finals,Koral Sugiyama,Campbellsville University,VPO1,5-2,Dajan Treder,University of Providence
2019,123,Consi of 4,Macy Higa,Eastern Oregon University,VSU1,12-2 5:45,Daniela Flores,Oklahoma City University
2019,123,Consi of 4,Alanah Vetterick,Midland University,VFA,2:12 2-0,ARIANNA MARRUFO,University of Jamestown
2019,130,Semi-Finals,Andribeth Rivera,Campbellsville University,VSU,10-0 1:27,Anesia Ramirez,Southern Oregon
2019,123,Semi-Finals,Tiana jackson,Menlo College,VPO,11-0,Victoria Norris,Ottawa University
2019,116,Consi of 4,Madison Angelito,University of Cumberlands,VSU,11-0 5:11,Jamayia Blackston,University of Jamestown
2019,116,Consi of 4,Taryn Ichimura,Menlo College,VPO1,12-5,Chelsea Dionisio,University of Jamestown
2019,116,Semi-Finals,Jathiya Isaac,Wayland Baptist University,VSU,10-0 3:49,Glory Konecny,Southern Oregon
2019,109,Semi-Finals,Mckayla Campbell,Campbellsville University,VSU1,12-2 3:16,RAVEN GUIDRY,Oklahoma City University
2019,116,Semi-Finals,Gracie Figueroa,Menlo College,VFA,2:32 11-0,Cassidy Jasperson,Oklahoma City University
2019,109,Consi of 4,Brianna Leong,Lyon College,VSU,10-0 2:08,Alessia Cokeley,Ottawa University
2019,109,Consi of 4,Cassidy Freeman,Eastern Oregon University,VFA,1:13 2-0,Diana Leyva,Waldorf University
2019,101,Consi of 4,Kassidy Ramirez,Lyon College,VPO1,12-4,Amber Garriga,Life University
2019,101,Consi of 4,Jessica Rodriguez,University of Cumberlands,VSU,11-0 5:33,Faye Cherrier,Life University
2019,101,Semi-Finals,Nina Pham,Wayland Baptist University,VSU1,12-1 5:08,Hiba Salem,Menlo College
2019,109,Semi-Finals,Alleida Martinez,Menlo College,VFA,1:42 6-0,Tyesha Topps,Life University
2019,101,Semi-Finals,Asia Ray,Wayland Baptist University,VFA,2:34 2-2,Junnette Caldera,University of Jamestown
2019,191,Consi of 8 #2,Alexandra Castillo,Campbellsville University,VSU,10-0 5:24,Tristyn Borden,Southern Oregon
2019,170,Consi of 8 #2,Jordan Nelson,Life University,VSU,10-0 2:21,Karrah Smith,Southern Oregon
2019,191,Consi of 8 #2,Angel Ochoa,Missouri Baptist University,VFA,0:46 8-0,Madisen Bozovich,Eastern Oregon University
2019,191,Consi of 8 #2,Jesse Kirby,University of Cumberlands,VFA,0:42 8-0,Maranda Dornan,Ottawa University
2019,155,Consi of 8 #2,Sierra Talmadge,University of Jamestown,VPO1,12-2,Pella Wisniowski,Central Christian College of Kansas
2019,170,Consi of 8 #2,Payton Rigert,University of Cumberlands,VFA,4:35 4-0,Latiana Tauaese,Southern Oregon
2019,191,Consi of 8 #2,Emily Sandoval,Menlo College,VFA,0:55 4-2,Serena Sanchez,Midland University
2019,155,Consi of 8 #2,Myranda Velazquez,University of Jamestown,VSU,10-0 0:56,Alexia Foca,Campbellsville University
2019,170,Consi of 8 #2,Kenya-Lee Sloan,Campbellsville University,VFA,5:00 8-3,stephanie pantoja,Life University
2019,143,Consi of 8 #2,Joy Muniz,University of Jamestown,VSU,10-0 5:42,LoriAnn Archuleta,Missouri Valley College
2019,155,Consi of 8 #2,Destinee Rivera,Life University,VPO,10-0,Renay Monohan,Eastern Oregon University
2019,155,Consi of 8 #2,Isabella Ricchiazzi,University of Cumberlands,VSU1,12-1 5:25,Brighton Hutton,Missouri Baptist University
2019,143,Consi of 8 #2,Sienna Ramirez,Southern Oregon,VFA,2:06 4-0,Andrea Prince,University of Jamestown
2019,143,Consi of 8 #2,Morgan Shines,Life University,VPO,9-0,Lyric Gonsalves,Ottawa University
2019,136,Consi of 8 #2,Akina Yamada,Waldorf University,VPO1,10-6,Abnelis Yambo,Brewton-Parker College
2019,136,Consi of 8 #2,Brittany Woods-Orrison,Menlo College,VFA,2:43 7-7,Alexandra Banag,Lyon College
2019,143,Consi of 8 #2,Zoe Wight,Life University,VSU,10-0 0:55,Kylie Godinez,University of Cumberlands
2019,136,Consi of 8 #2,Destiny Lyng,Oklahoma City University,VFA,3:15 9-0,Kellyann Jimenez,University of Cumberlands
2019,130,Consi of 8 #2,Breanna Dudoit-Vasquez,Wayland Baptist University,VSU1,14-4 4:42,Ashley Ikner,University of Cumberlands
2019,136,Consi of 8 #2,Sophia Carson,Campbellsville University,VSU,10-0 0:51,Julia Mata,Missouri Valley College
2019,130,Consi of 8 #2,Jocelyn Murphy,Missouri Valley College,VSU,12-0 1:35,Leah Olguin,Wayland Baptist University
2019,123,Consi of 8 #2,Macy Higa,Eastern Oregon University,VFA,5:04 10-2,Haley Schiermeyer,Midland University
2019,130,Consi of 8 #2,Aysia Cortez,Life University,VPO1,9-4,Alexandria Enriquez,Life University
2019,123,Consi of 8 #2,ARIANNA MARRUFO,University of Jamestown,VFA,4:58 8-0,Kailyn Ramos,Oklahoma City University
2019,123,Consi of 8 #2,Daniela Flores,Oklahoma City University,VFA,4:13 10-1,Brigitte Mihalca,Missouri Baptist University
2019,101,Consi of 8 #2,Amber Garriga,Life University,VPO1,4-2,Lisa Megargee,Eastern Oregon University
2019,130,Consi of 8 #2,Sydney Freund,Oklahoma City University,VPO1,2-1,Savannah Vold,Waldorf University
2019,116,Consi of 8 #2,Chelsea Dionisio,University of Jamestown,VSU,10-0 5:21,Mia Rodriguez,Campbellsville University
2019,123,Consi of 8 #2,Alanah Vetterick,Midland University,VSU,10-0 5:23,Trynadii Rocha,Warner Pacific University
2019,109,Consi of 8 #2,Brianna Leong,Lyon College,VFA,2:28 10-0,Claire Payne,York College
2019,116,Consi of 8 #2,Madison Angelito,University of Cumberlands,VSU,10-0 0:47,Amber Pair,Eastern Oregon University
2019,116,Consi of 8 #2,Taryn Ichimura,Menlo College,VSU1,12-2 2:48,Emily Fernandez,York College
2019,116,Consi of 8 #2,Jamayia Blackston,University of Jamestown,VSU1,12-2 4:44,Katie Brock,Campbellsville University
2019,101,Consi of 8 #2,Kassidy Ramirez,Lyon College,VSU,10-0 1:36,Kylie Marlin,York College
2019,170,Consi of 8 #1,Latiana Tauaese,Southern Oregon,VPO1,15-12,Joanna Mack,Midland University
2019,170,Consi of 8 #1,Kenya-Lee Sloan,Campbellsville University,VFA,1:05 8-0,Charity Goldsmith-Ding,York College
2019,109,Consi of 8 #2,Diana Leyva,Waldorf University,VFA,2:29 4-1,Citlali Palafox,Central Christian College of Kansas
2019,191,Quarter-Finals,Agatha Andrews,University of Jamestown,VFA,0:13 2-0,Serena Sanchez,Midland University
2019,170,Quarter-Finals,Mariah Harris,Campbellsville University,VSU,10-0 2:49,Payton Rigert,University of Cumberlands
2019,101,Consi of 8 #2,Jessica Rodriguez,University of Cumberlands,VSU,10-0 2:48,ALAURA COUCH,Waldorf University
2019,191,Quarter-Finals,Leilani Camargo-Naone,Midland University,VFA,2:46 10-2,Jesse Kirby,University of Cumberlands
2019,191,Quarter-Finals,Paige Baynes,Wayland Baptist University,VPO1,6-3,Alexandra Castillo,Campbellsville University
2019,155,Quarter-Finals,Anna Naylor,University of Cumberlands,VPO1,13-8,Alexia Foca,Campbellsville University
2019,170,Quarter-Finals,Rachel Watters,Oklahoma City University,VPO1,5-1,stephanie pantoja,Life University
2019,155,Consi of 8 #1,Pella Wisniowski,Central Christian College of Kansas,VSU,10-0 1:42,Taylor Cooks,Life University
2019,170,Consi of 8 #1,Karrah Smith,Southern Oregon,VFA,0:42 4-0,Marissa Patterson,York College
2019,170,Quarter-Finals,Precious Bell,Menlo College,VPO1,7-3,Jordan Nelson,Life University
2019,155,Consi of 8 #1,Renay Monohan,Eastern Oregon University,VFA,5:20 10-2,chyna rodriguez,Midland University
2019,191,Quarter-Finals,Chi Chi Nwankwo,Oklahoma City University,VFA,0:29 2-0,Angel Ochoa,Missouri Baptist University
2019,170,Quarter-Finals,Dymond Guilford,Missouri Baptist University,VSU,10-0 1:22,Alyssa Schrull,University of Jamestown
2019,155,Quarter-Finals,Iman Kazem,Menlo College,VSU1,12-1 3:46,Destinee Rivera,Life University
2019,143,Consi of 8 #1,LoriAnn Archuleta,Missouri Valley College,VPO1,6-2,Sara Angelo,Eastern Oregon University
2019,143,Consi of 8 #1,Sienna Ramirez,Southern Oregon,VSU,10-0 1:38,Yulisa Medrano,Missouri Baptist University
2019,155,Consi of 8 #1,Brighton Hutton,Missouri Baptist University,VFA,0:55 2-2,Randie Scoon,Ottawa University
2019,143,Consi of 8 #1,Kylie Godinez,University of Cumberlands,VFA,3:56 9-5,nancy becerra,Missouri Valley College
2019,155,Quarter-Finals,Shamera McTier,Missouri Valley College,VSU1,12-1 3:52,Sierra Talmadge,University of Jamestown
2019,143,Quarter-Finals,Cierra Foster,Oklahoma City University,VFA,3:24 6-5,Joy Muniz,University of Jamestown
2019,155,Quarter-Finals,Gabriela Hunter,Midland University,VFA,5:10 4-9,Isabella Ricchiazzi,University of Cumberlands
2019,143,Quarter-Finals,Angela Peralta,Menlo College,VSU,11-0 5:50,Andrea Prince,University of Jamestown
2019,143,Consi of 8 #1,Lyric Gonsalves,Ottawa University,VFA,1:26 7-2,Katie Bell,York College
2019,136,Quarter-Finals,Erica Sotelo,Life University,VSU1,12-2 5:39,Brittany Woods-Orrison,Menlo College
2019,143,Quarter-Finals,Marilyn Garcia,Menlo College,VPO1,6-2,Zoe Wight,Life University
2019,136,Consi of 8 #1,Sophia Carson,Campbellsville University,VFA,1:09 4-0,Rosa Vallejo,York College
2019,136,Consi of 8 #1,Kellyann Jimenez,University of Cumberlands,VFA,1:02 6-0,Lilia Rangel,Waldorf University
2019,136,Consi of 8 #1,Akina Yamada,Waldorf University,VFA,0:33 4-0,Jenna Awana,University of Providence
2019,136,Consi of 8 #1,Alexandra Banag,Lyon College,VFA,1:22 8-0,Fatima Avalos,Missouri Baptist University
2019,136,Quarter-Finals,Elissa Douglass,Lyon College,VFA,2:39 6-8,Abnelis Yambo,Brewton-Parker College
2019,130,Quarter-Finals,Anesia Ramirez,Southern Oregon,VPO1,11-2,Sydney Freund,Oklahoma City University
2019,130,Consi of 8 #1,Breanna Dudoit-Vasquez,Wayland Baptist University,VFA,2:31 8-0,Nadia Escamilia,Missouri Baptist University
2019,130,Consi of 8 #1,Jocelyn Murphy,Missouri Valley College,VFA,1:23 2-2,Rebekah Garcia,Lyon College
2019,143,Quarter-Finals,Margaret Douma,Oklahoma City University,VFA,0:30 2-0,Morgan Shines,Life University
2019,136,Quarter-Finals,Bridgette Duty,University of Cumberlands,VFA,3:24 6-8,Destiny Lyng,Oklahoma City University
2019,136,Quarter-Finals,Solin Piearcy,Menlo College,VSU,10-0 0:32,Julia Mata,Missouri Valley College
2019,130,Quarter-Finals,Andribeth Rivera,Campbellsville University,VFA,3:00 10-0,Aysia Cortez,Life University
2019,130,Quarter-Finals,Julissa Taitano,Southern Oregon,VSU1,13-3 5:21,Ashley Ikner,University of Cumberlands
2019,130,Quarter-Finals,Cara Romeike,University of Jamestown,VSU,10-0 1:24,Leah Olguin,Wayland Baptist University
2019,123,Quarter-Finals,Victoria Norris,Ottawa University,VSU1,16-4 6:00,Kailyn Ramos,Oklahoma City University
2019,123,Quarter-Finals,Tiana jackson,Menlo College,VSU1,12-2 5:44,Alanah Vetterick,Midland University
2019,123,Consi of 8 #1,Brigitte Mihalca,Missouri Baptist University,VFA,1:21 8-0,Jasmine Davis,Wayland Baptist University
2019,123,Consi of 8 #1,Trynadii Rocha,Warner Pacific University,VSU,10-0 0:45,Rosa Ramirez,Eastern Oregon University
2019,116,Consi of 8 #1,Mia Rodriguez,Campbellsville University,VPO1,9-4,Kayla Fitts,Wayland Baptist University
2019,123,Quarter-Finals,Dajan Treder,University of Providence,VIN,0:55 4-0,Haley Schiermeyer,Midland University
2019,123,Consi of 8 #1,Macy Higa,Eastern Oregon University,VSU,12-0 2:45,Emma DeBrum,Lyon College
2019,116,Consi of 8 #1,Amber Pair,Eastern Oregon University,VPO1,9-3,ashley Tobe,University of Cumberlands
2019,109,Quarter-Finals,Mckayla Campbell,Campbellsville University,VFA,0:30 6-0,Diana Leyva,Waldorf University
2019,123,Quarter-Finals,Koral Sugiyama,Campbellsville University,VFA,1:39 8-2,Daniela Flores,Oklahoma City University
2019,116,Consi of 8 #1,Emily Fernandez,York College,VFA,2:30 6-2,Gabrielle Grimes,Missouri Valley College
2019,101,Quarter-Finals,Hiba Salem,Menlo College,VPO1,10-1,Amber Garriga,Life University
2019,116,Quarter-Finals,Jathiya Isaac,Wayland Baptist University,VSU,10-0 1:57,Taryn Ichimura,Menlo College
2019,116,Quarter-Finals,Glory Konecny,Southern Oregon,VPO1,5-2,Chelsea Dionisio,University of Jamestown
2019,116,Consi of 8 #1,Katie Brock,Campbellsville University,VPO1,6-4,Yurie Yoneoka,University of Providence
2019,116,Quarter-Finals,Gracie Figueroa,Menlo College,VSU,10-0 3:37,Jamayia Blackston,University of Jamestown
2019,109,Quarter-Finals,RAVEN GUIDRY,Oklahoma City University,VSU1,14-4 3:10,Cassidy Freeman,Eastern Oregon University
2019,116,Quarter-Finals,Cassidy Jasperson,Oklahoma City University,VFA,2:10 8-0,Madison Angelito,University of Cumberlands
2019,101,Quarter-Finals,Nina Pham,Wayland Baptist University,VSU1,12-2 0:00,Kassidy Ramirez,Lyon College
2019,155,Consi of 16 #2,Myranda Velazquez,University of Jamestown,VFA,4:38 9-6,Brook Logan,Oklahoma City University
2019,109,Quarter-Finals,Alleida Martinez,Menlo College,VFA,0:53 10-0,Alessia Cokeley,Ottawa University
2019,170,Consi of 16 #2,Kenya-Lee Sloan,Campbellsville University,VPO1,5-3,Yuneris Taveras,Missouri Valley College
2019,109,Quarter-Finals,Tyesha Topps,Life University,VSU1,11-1 4:41,Brianna Leong,Lyon College
2019,101,Quarter-Finals,Junnette Caldera,University of Jamestown,VFA,3:32 12-4,Jessica Rodriguez,University of Cumberlands
2019,101,Quarter-Finals,Asia Ray,Wayland Baptist University,VFA,2:04 8-0,Faye Cherrier,Life University
2019,143,Consi of 16 #2,Katie Bell,York College,VFA,4:02 12-6,Selina Medrano-Perez,Missouri Baptist University
2019,136,Consi of 16 #2,Sophia Carson,Campbellsville University,VSU,10-0 2:20,analy gonsalez,University of Jamestown
2019,170,Consi of 16 #2,Karrah Smith,Southern Oregon,VFA,0:29 4-0,Chasity Cortez,University of Cumberlands
2019,155,Consi of 16 #2,Brighton Hutton,Missouri Baptist University,VFA,1:42 4-4,Dempsi Talkington,Eastern Oregon University
2019,116,Consi of 16 #2,Amber Pair,Eastern Oregon University,VFA,2:53 5-4,Jasmine Hernandez,Lyon College
2019,155,Consi of 16 #2,Taylor Cooks,Life University,VFA,1:03 4-0,Sierra Alfonso,Lyon College
2019,143,Consi of 16 #2,Sienna Ramirez,Southern Oregon,VSU,10-0 2:31,Lacey Henderson,Ottawa University
2019,123,Consi of 16 #2,Emma DeBrum,Lyon College,VSU,10-0 1:35,Kimberlie Lambert,Central Christian College of Kansas
2019,191,Round of 16,Agatha Andrews,University of Jamestown,VFA,1:38 12-0,Madisen Bozovich,Eastern Oregon University
2019,191,Round of 16,Chi Chi Nwankwo,Oklahoma City University,VPO1,7-2,Emily Sandoval,Menlo College
2019,116,Consi of 16 #2,Gabrielle Grimes,Missouri Valley College,VSU,11-0 2:55,Jessienna Burkett-Erice,Lyon College
2019,170,Round of 16,Rachel Watters,Oklahoma City University,VSU,10-0 3:50,Latiana Tauaese,Southern Oregon
2019,191,Round of 16,Leilani Camargo-Naone,Midland University,VFA,5:33 6-1,Tristyn Borden,Southern Oregon
2019,130,Consi of 16 #2,Nadia Escamilia,Missouri Baptist University,VFA,2:11 11-6,Krystal Fabricante,Eastern Oregon University
2019,170,Round of 16,Payton Rigert,University of Cumberlands,VFA,4:56 4-9,Kenya-Lee Sloan,Campbellsville University
2019,155,Round of 16,Isabella Ricchiazzi,University of Cumberlands,VSU1,10-10 6:00,Myranda Velazquez,University of Jamestown
2019,191,Round of 16,Alexandra Castillo,Campbellsville University,VFA,0:33 4-0,Maranda Dornan,Ottawa University
2019,170,Round of 16,Mariah Harris,Campbellsville University,VSU,12-0 0:39,Charity Goldsmith-Ding,York College
2019,170,Round of 16,stephanie pantoja,Life University,VPO1,9-1,Joanna Mack,Midland University
2019,170,Round of 16,Dymond Guilford,Missouri Baptist University,VFA,3:35 10-0,Marissa Patterson,York College
2019,155,Round of 16,Anna Naylor,University of Cumberlands,VFA,0:47 4-0,Randie Scoon,Ottawa University
2019,170,Round of 16,Alyssa Schrull,University of Jamestown,VFA,1:25 6-0,Chasity Cortez,University of Cumberlands
2019,143,Round of 16,Angela Peralta,Menlo College,VSU1,12-2 5:53,nancy becerra,Missouri Valley College
2019,155,Round of 16,Destinee Rivera,Life University,VPO,2-0,Pella Wisniowski,Central Christian College of Kansas
2019,155,Round of 16,Alexia Foca,Campbellsville University,VSU,10-0 0:38,Brighton Hutton,Missouri Baptist University
2019,155,Round of 16,Shamera McTier,Missouri Valley College,VSU1,12-2 3:37,Renay Monohan,Eastern Oregon University
2019,155,Round of 16,Sierra Talmadge,University of Jamestown,VSU,10-0 1:49,chyna rodriguez,Midland University
2019,143,Round of 16,Andrea Prince,University of Jamestown,VSU1,16-6 4:40,Kylie Godinez,University of Cumberlands
2019,143,Round of 16,Cierra Foster,Oklahoma City University,VSU1,12-2 3:00,Lyric Gonsalves,Ottawa University
2019,143,Round of 16,Zoe Wight,Life University,VFA,0:50 4-0,Yulisa Medrano,Missouri Baptist University
2019,155,Round of 16,Iman Kazem,Menlo College,VSU,10-0 0:56,Sierra Alfonso,Lyon College
2019,136,Round of 16,Erica Sotelo,Life University,VSU,10-0 2:57,analy gonsalez,University of Jamestown
2019,136,Round of 16,Abnelis Yambo,Brewton-Parker College,VFA,3:33 15-6,Kellyann Jimenez,University of Cumberlands
2019,143,Round of 16,Joy Muniz,University of Jamestown,VSU,11-0 2:48,Selina Medrano-Perez,Missouri Baptist University
2019,136,Round of 16,Destiny Lyng,Oklahoma City University,VFA,1:27 8-0,Jenna Awana,University of Providence
2019,143,Round of 16,Morgan Shines,Life University,VPO1,12-5,Sara Angelo,Eastern Oregon University
2019,130,Round of 16,Leah Olguin,Wayland Baptist University,VFA,5:14 6-0,Savannah Vold,Waldorf University
2019,130,Round of 16,Julissa Taitano,Southern Oregon,VPO1,7-5,Alexandria Enriquez,Life University
2019,143,Round of 16,Marilyn Garcia,Menlo College,VSU,10-0 3:51,Lacey Henderson,Ottawa University
2019,136,Round of 16,Brittany Woods-Orrison,Menlo College,VFA,2:05 11-0,Rosa Vallejo,York College
2019,136,Round of 16,Bridgette Duty,University of Cumberlands,VSU,10-0 3:40,Akina Yamada,Waldorf University
2019,143,Round of 16,Margaret Douma,Oklahoma City University,VFA,1:54 8-0,LoriAnn Archuleta,Missouri Valley College
2019,130,Round of 16,Anesia Ramirez,Southern Oregon,VFA,1:13 5-0,Rebekah Garcia,Lyon College
2019,130,Round of 16,Aysia Cortez,Life University,VPO1,10-4,Breanna Dudoit-Vasquez,Wayland Baptist University
2019,136,Round of 16,Elissa Douglass,Lyon College,VFA,0:17 4-0,Lilia Rangel,Waldorf University
2019,123,Round of 16,Dajan Treder,University of Providence,VSU1,12-2 2:21,ARIANNA MARRUFO,University of Jamestown
2019,136,Round of 16,Julia Mata,Missouri Valley College,VFA,0:40 4-0,Fatima Avalos,Missouri Baptist University
2019,123,Round of 16,Koral Sugiyama,Campbellsville University,VFA,2:17 12-0,Trynadii Rocha,Warner Pacific University
2019,116,Round of 16,Glory Konecny,Southern Oregon,VFA,4:56 4-3,Yurie Yoneoka,University of Providence
2019,136,Round of 16,Solin Piearcy,Menlo College,VSU,10-0 0:38,Alexandra Banag,Lyon College
2019,123,Round of 16,Daniela Flores,Oklahoma City University,VFA,0:38 6-0,Rosa Ramirez,Eastern Oregon University
2019,130,Round of 16,Sydney Freund,Oklahoma City University,VSU,10-0 1:34,Jocelyn Murphy,Missouri Valley College
2019,123,Round of 16,Alanah Vetterick,Midland University,VFA,0:44 4-0,Brigitte Mihalca,Missouri Baptist University
2019,116,Round of 16,Jathiya Isaac,Wayland Baptist University,VSU,10-0 1:15,Amber Pair,Eastern Oregon University
2019,116,Round of 16,Taryn Ichimura,Menlo College,VPO1,11-6,ashley Tobe,University of Cumberlands
2019,123,Round of 16,Victoria Norris,Ottawa University,VSU,10-0 0:27,Kimberlie Lambert,Central Christian College of Kansas
2019,130,Round of 16,Andribeth Rivera,Campbellsville University,VFA,0:41 10-0,Krystal Fabricante,Eastern Oregon University
2019,123,Round of 16,Tiana jackson,Menlo College,VFA,2:03 6-0,Jasmine Davis,Wayland Baptist University
2019,116,Round of 16,Chelsea Dionisio,University of Jamestown,VFA,3:54 12-1,Katie Brock,Campbellsville University
2019,116,Round of 16,Gracie Figueroa,Menlo College,VSU,10-0 3:11,Kayla Fitts,Wayland Baptist University
2019,116,Round of 16,Madison Angelito,University of Cumberlands,VSU,10-0 3:29,Emily Fernandez,York College
2019,123,Round of 16,Kailyn Ramos,Oklahoma City University,VFA,1:42 6-0,Macy Higa,Eastern Oregon University
2019,109,Round of 16,Cassidy Freeman,Eastern Oregon University,VFA,2:24 10-0,Claire Payne,York College
2019,116,Round of 16,Cassidy Jasperson,Oklahoma City University,VFA,0:54 6-0,Gabrielle Grimes,Missouri Valley College
2019,101,Round of 16,Junnette Caldera,University of Jamestown,VFA,1:42 6-0,Lisa Megargee,Eastern Oregon University
2019,109,Round of 16,Alleida Martinez,Menlo College,VFA,0:23 4-0,Citlali Palafox,Central Christian College of Kansas
2019,116,Round of 16,Jamayia Blackston,University of Jamestown,VSU1,14-4 5:32,Mia Rodriguez,Campbellsville University
2019,101,Round of 16,Hiba Salem,Menlo College,VSU,10-0 1:30,ALAURA COUCH,Waldorf University
2019,170,Round of 32,Kenya-Lee Sloan,Campbellsville University,VFA,2:05 10-0,Karrah Smith,Southern Oregon
2019,101,Round of 16,Faye Cherrier,Life University,VSU,10-0 1:22,Kylie Marlin,York College
2019,170,Round of 32,Alyssa Schrull,University of Jamestown,VPO1,9-1,Yuneris Taveras,Missouri Valley College
2019,155,Round of 32,Shamera McTier,Missouri Valley College,VSU1,15-2 5:17,Brook Logan,Oklahoma City University
2019,143,Round of 32,Cierra Foster,Oklahoma City University,VPO1,8-7,Sienna Ramirez,Southern Oregon
2019,155,Round of 32,Destinee Rivera,Life University,VPO1,3-2,Dempsi Talkington,Eastern Oregon University
2019,155,Round of 32,Anna Naylor,University of Cumberlands,VFA,1:31 10-0,Taylor Cooks,Life University
2019,143,Round of 32,Zoe Wight,Life University,VFA,0:19 4-0,Katie Bell,York College
2019,136,Round of 32,Bridgette Duty,University of Cumberlands,VSU1,12-2 2:09,Sophia Carson,Campbellsville University
2019,130,Round of 32,Cara Romeike,University of Jamestown,VSU,10-0 1:02,Nadia Escamilia,Missouri Baptist University
2019,123,Round of 32,Daniela Flores,Oklahoma City University,VFA,1:20 6-0,Emma DeBrum,Lyon College
2019,116,Round of 32,Glory Konecny,Southern Oregon,VFA,1:31 4-0,Jessienna Burkett-Erice,Lyon College
2019,116,Round of 32,Gracie Figueroa,Menlo College,VFA,1:01 4-0,Jasmine Hernandez,Lyon College
2019,130,Consi of 16 #1,,,BYE,,,
2019,123,Consi of 16 #1,,,BYE,,,
2019,130,Consi of 16 #2,Savannah Vold,Waldorf University,BYE,,,
2019,130,Round of 32,Sydney Freund,Oklahoma City University,BYE,,,
2019,123,Consi of 16 #1,,,BYE,,,
2019,130,Consi of 16 #2,,,BYE,,,
2019,109,Consi of 8 #1,,,BYE,,,
2019,136,Round of 32,Solin Piearcy,Menlo College,BYE,,,
2019,136,Round of 32,Fatima Avalos,Missouri Baptist University,BYE,,,
2019,130,Round of 32,Aysia Cortez,Life University,BYE,,,
2019,136,Round of 32,Jenna Awana,University of Providence,BYE,,,
2019,116,Round of 32,Mia Rodriguez,Campbellsville University,BYE,,,
2019,116,Round of 32,Chelsea Dionisio,University of Jamestown,BYE,,,
2019,143,Consi of 16 #2,nancy becerra,Missouri Valley College,BYE,,,
2019,143,Consi of 16 #1,,,BYE,,,
2019,116,Consi of 16 #2,Yurie Yoneoka,University of Providence,BYE,,,
2019,123,Consi of 8 #1,ARIANNA MARRUFO,University of Jamestown,BYE,,,
2019,101,Consi of 8 #2,Faye Cherrier,Life University,BYE,,,
2019,136,Consi of 16 #1,,,BYE,,,
2019,109,Consi of 8 #2,Alessia Cokeley,Ottawa University,BYE,,,
2019,191,Consi of 8 #1,Tristyn Borden,Southern Oregon,BYE,,,
2019,143,Consi of 16 #1,Sienna Ramirez,Southern Oregon,BYE,,,
2019,130,Round of 32,Andribeth Rivera,Campbellsville University,BYE,,,
2019,130,Round of 32,,,BYE,,,
2019,136,Round of 32,Akina Yamada,Waldorf University,BYE,,,
2019,170,Consi of 16 #2,,,BYE,,,
2019,130,Consi of 16 #1,,,BYE,,,
2019,130,Consi of 8 #1,Savannah Vold,Waldorf University,BYE,,,
2019,109,Consi of 8 #1,Citlali Palafox,Central Christian College of Kansas,BYE,,,
2019,109,Consi of 8 #2,Cassidy Freeman,Eastern Oregon University,BYE,,,
2019,170,Round of 32,Latiana Tauaese,Southern Oregon,BYE,,,
2019,155,Consi of 16 #1,Taylor Cooks,Life University,BYE,,,
2019,116,Consi of 16 #2,ashley Tobe,University of Cumberlands,BYE,,,
2019,123,Consi of 16 #2,Trynadii Rocha,Warner Pacific University,BYE,,,
2019,155,Consi of 16 #2,chyna rodriguez,Midland University,BYE,,,
2019,136,Consi of 16 #1,,,BYE,,,
2019,155,Round of 32,Renay Monohan,Eastern Oregon University,BYE,,,
2019,116,Consi of 16 #1,,,BYE,,,
2019,136,Round of 32,Elissa Douglass,Lyon College,BYE,,,
2019,170,Consi of 16 #1,,,BYE,,,
2019,123,Consi of 16 #1,Emma DeBrum,Lyon College,BYE,,,
2019,143,Round of 32,Lacey Henderson,Ottawa University,BYE,,,
2019,116,Consi of 16 #2,Kayla Fitts,Wayland Baptist University,BYE,,,
2019,143,Consi of 16 #2,Sara Angelo,Eastern Oregon University,BYE,,,
2019,130,Consi of 16 #2,Jocelyn Murphy,Missouri Valley College,BYE,,,
2019,170,Round of 32,Marissa Patterson,York College,BYE,,,
2019,143,Consi of 16 #2,LoriAnn Archuleta,Missouri Valley College,BYE,,,
2019,116,Round of 32,Jathiya Isaac,Wayland Baptist University,BYE,,,
2019,143,Round of 32,Lyric Gonsalves,Ottawa University,BYE,,,
2019,170,Round of 32,Charity Goldsmith-Ding,York College,BYE,,,
2019,170,Round of 32,Mariah Harris,Campbellsville University,BYE,,,
2019,123,Round of 32,Tiana jackson,Menlo College,BYE,,,
2019,130,Consi of 16 #2,Alexandria Enriquez,Life University,BYE,,,
2019,170,Consi of 16 #1,Karrah Smith,Southern Oregon,BYE,,,
2019,136,Round of 32,Erica Sotelo,Life University,BYE,,,
2019,136,Consi of 16 #1,,,BYE,,,
2019,191,Round of 16,Paige Baynes,Wayland Baptist University,BYE,,,
2019,116,Round of 32,Cassidy Jasperson,Oklahoma City University,BYE,,,
2019,170,Consi of 16 #2,,,BYE,,,
2019,123,Round of 32,ARIANNA MARRUFO,University of Jamestown,BYE,,,
2019,170,Consi of 8 #2,Alyssa Schrull,University of Jamestown,BYE,,,
2019,143,Consi of 16 #1,,,BYE,,,
2019,191,Consi of 8 #1,Emily Sandoval,Menlo College,BYE,,,
2019,116,Round of 32,Jamayia Blackston,University of Jamestown,BYE,,,
2019,123,Consi of 16 #2,Macy Higa,Eastern Oregon University,BYE,,,
2019,116,Consi of 16 #2,Emily Fernandez,York College,BYE,,,
2019,116,Round of 32,Taryn Ichimura,Menlo College,BYE,,,
2019,101,Consi of 8 #1,Kylie Marlin,York College,BYE,,,
2019,116,Consi of 16 #1,,,BYE,,,
2019,155,Consi of 16 #1,Brook Logan,Oklahoma City University,BYE,,,
2019,155,Round of 32,Randie Scoon,Ottawa University,BYE,,,
2019,130,Consi of 8 #1,Alexandria Enriquez,Life University,BYE,,,
2019,170,Round of 32,,,BYE,,,
2019,136,Round of 32,Abnelis Yambo,Brewton-Parker College,BYE,,,
2019,136,Consi of 16 #1,,,BYE,,,
2019,143,Consi of 16 #2,Kylie Godinez,University of Cumberlands,BYE,,,
2019,170,Round of 32,Jordan Nelson,Life University,BYE,,,
2019,123,Round of 32,Kailyn Ramos,Oklahoma City University,BYE,,,
2019,155,Consi of 16 #2,Pella Wisniowski,Central Christian College of Kansas,BYE,,,
2019,136,Consi of 16 #1,Sophia Carson,Campbellsville University,BYE,,,
2019,170,Consi of 16 #2,Marissa Patterson,York College,BYE,,,
2019,101,Round of 16,Kassidy Ramirez,Lyon College,BYE,,,
2019,130,Round of 32,,,BYE,,,
2019,116,Round of 32,Emily Fernandez,York College,BYE,,,
2019,136,Consi of 16 #2,Lilia Rangel,Waldorf University,BYE,,,
2019,191,Consi of 8 #1,Maranda Dornan,Ottawa University,BYE,,,
2019,123,Round of 32,Jasmine Davis,Wayland Baptist University,BYE,,,
2019,116,Round of 32,Gabrielle Grimes,Missouri Valley College,BYE,,,
2019,136,Round of 32,analy gonsalez,University of Jamestown,BYE,,,
2019,116,Consi of 16 #2,Mia Rodriguez,Campbellsville University,BYE,,,
2019,130,Round of 16,Cara Romeike,University of Jamestown,BYE,,,
2019,130,Round of 16,Ashley Ikner,University of Cumberlands,BYE,,,
2019,123,Round of 32,Macy Higa,Eastern Oregon University,BYE,,,
2019,143,Consi of 16 #2,Lyric Gonsalves,Ottawa University,BYE,,,
2019,123,Consi of 16 #1,,,BYE,,,
2019,136,Round of 32,Rosa Vallejo,York College,BYE,,,
2019,143,Consi of 16 #1,,,BYE,,,
2019,109,Round of 16,Mckayla Campbell,Campbellsville University,BYE,,,
2019,136,Consi of 16 #1,,,BYE,,,
2019,170,Consi of 16 #1,,,BYE,,,
2019,155,Round of 32,Brighton Hutton,Missouri Baptist University,BYE,,,
2019,155,Round of 32,Alexia Foca,Campbellsville University,BYE,,,
2019,155,Round of 16,Gabriela Hunter,Midland University,BYE,,,
2019,130,Consi of 16 #1,,,BYE,,,
2019,170,Consi of 16 #1,,,BYE,,,
2019,123,Consi of 16 #1,,,BYE,,,
2019,123,Consi of 16 #1,,,BYE,,,
2019,109,Round of 16,Diana Leyva,Waldorf University,BYE,,,
2019,143,Round of 32,Andrea Prince,University of Jamestown,BYE,,,
2019,143,Round of 32,Yulisa Medrano,Missouri Baptist University,BYE,,,
2019,143,Round of 32,Selina Medrano-Perez,Missouri Baptist University,BYE,,,
2019,136,Round of 32,Alexandra Banag,Lyon College,BYE,,,
2019,143,Round of 32,Joy Muniz,University of Jamestown,BYE,,,
2019,155,Round of 32,Isabella Ricchiazzi,University of Cumberlands,BYE,,,
2019,170,Round of 16,Precious Bell,Menlo College,BYE,,,
2019,116,Consi of 16 #2,Katie Brock,Campbellsville University,BYE,,,
2019,143,Consi of 16 #1,,,BYE,,,
2019,155,Round of 32,Gabriela Hunter,Midland University,BYE,,,
2019,143,Consi of 16 #1,,,BYE,,,
2019,116,Round of 32,Amber Pair,Eastern Oregon University,BYE,,,
2019,170,Round of 32,Payton Rigert,University of Cumberlands,BYE,,,
2019,170,Consi of 16 #2,Joanna Mack,Midland University,BYE,,,
2019,143,Round of 32,Sara Angelo,Eastern Oregon University,BYE,,,
2019,130,Consi of 16 #2,,,BYE,,,
2019,170,Consi of 16 #1,,,BYE,,,
2019,116,Consi of 16 #1,Jasmine Hernandez,Lyon College,BYE,,,
2019,130,Consi of 16 #2,Rebekah Garcia,Lyon College,BYE,,,
2019,155,Round of 32,Sierra Talmadge,University of Jamestown,BYE,,,
2019,109,Round of 16,Brianna Leong,Lyon College,BYE,,,
2019,136,Consi of 16 #2,Akina Yamada,Waldorf University,BYE,,,
2019,109,Round of 16,RAVEN GUIDRY,Oklahoma City University,BYE,,,
2019,130,Round of 32,Ashley Ikner,University of Cumberlands,BYE,,,
2019,109,Round of 16,Alessia Cokeley,Ottawa University,BYE,,,
2019,191,Round of 16,Jesse Kirby,University of Cumberlands,BYE,,,
2019,143,Consi of 16 #1,,,BYE,,,
2019,116,Round of 32,Kayla Fitts,Wayland Baptist University,BYE,,,
2019,123,Round of 32,Victoria Norris,Ottawa University,BYE,,,
2019,170,Round of 16,Jordan Nelson,Life University,BYE,,,
2019,116,Consi of 16 #1,Jessienna Burkett-Erice,Lyon College,BYE,,,
2019,101,Consi of 8 #1,,,BYE,,,
2019,143,Round of 32,Morgan Shines,Life University,BYE,,,
2019,143,Round of 32,Angela Peralta,Menlo College,BYE,,,
2019,191,Round of 16,Angel Ochoa,Missouri Baptist University,BYE,,,
2019,136,Consi of 16 #2,Kellyann Jimenez,University of Cumberlands,BYE,,,
2019,155,Consi of 16 #1,,,BYE,,,
2019,136,Round of 32,Kellyann Jimenez,University of Cumberlands,BYE,,,
2019,136,Round of 32,Julia Mata,Missouri Valley College,BYE,,,
2019,155,Consi of 16 #1,,,BYE,,,
2019,130,Consi of 16 #2,Breanna Dudoit-Vasquez,Wayland Baptist University,BYE,,,
2019,130,Consi of 16 #1,Nadia Escamilia,Missouri Baptist University,BYE,,,
2019,123,Consi of 16 #2,ARIANNA MARRUFO,University of Jamestown,BYE,,,
2019,116,Round of 32,Katie Brock,Campbellsville University,BYE,,,
2019,136,Consi of 16 #2,Jenna Awana,University of Providence,BYE,,,
2019,130,Round of 32,Jocelyn Murphy,Missouri Valley College,BYE,,,
2019,136,Round of 32,Brittany Woods-Orrison,Menlo College,BYE,,,
2019,130,Consi of 16 #1,,,BYE,,,
2019,101,Round of 16,Asia Ray,Wayland Baptist University,BYE,,,
2019,123,Round of 32,Rosa Ramirez,Eastern Oregon University,BYE,,,
2019,155,Round of 32,Pella Wisniowski,Central Christian College of Kansas,BYE,,,
2019,123,Round of 32,Kimberlie Lambert,Central Christian College of Kansas,BYE,,,
2019,155,Round of 32,chyna rodriguez,Midland University,BYE,,,
2019,143,Round of 32,Margaret Douma,Oklahoma City University,BYE,,,
2019,123,Round of 32,Haley Schiermeyer,Midland University,BYE,,,
2019,155,Consi of 16 #2,Renay Monohan,Eastern Oregon University,BYE,,,
2019,155,Consi of 16 #2,,,BYE,,,
2019,136,Round of 32,Lilia Rangel,Waldorf University,BYE,,,
2019,191,Consi of 8 #1,Madisen Bozovich,Eastern Oregon University,BYE,,,
2019,116,Round of 32,Madison Angelito,University of Cumberlands,BYE,,,
2019,155,Round of 32,,,BYE,,,
2019,136,Round of 32,Destiny Lyng,Oklahoma City University,BYE,,,
2019,143,Round of 32,LoriAnn Archuleta,Missouri Valley College,BYE,,,
2019,101,Round of 16,Nina Pham,Wayland Baptist University,BYE,,,
2019,130,Round of 32,Julissa Taitano,Southern Oregon,BYE,,,
2019,155,Consi of 16 #1,,,BYE,,,
2019,155,Consi of 16 #1,,,BYE,,,
2019,170,Round of 32,Rachel Watters,Oklahoma City University,BYE,,,
2019,170,Consi of 16 #2,Charity Goldsmith-Ding,York College,BYE,,,
2019,116,Consi of 16 #1,,,BYE,,,
2019,130,Round of 32,Krystal Fabricante,Eastern Oregon University,BYE,,,
2019,101,Round of 16,Amber Garriga,Life University,BYE,,,
2019,170,Round of 32,Dymond Guilford,Missouri Baptist University,BYE,,,
2019,116,Round of 32,Yurie Yoneoka,University of Providence,BYE,,,
2019,101,Round of 16,Jessica Rodriguez,University of Cumberlands,BYE,,,
2019,136,Consi of 16 #2,Alexandra Banag,Lyon College,BYE,,,
2019,170,Round of 32,,,BYE,,,
2019,155,Consi of 16 #1,Dempsi Talkington,Eastern Oregon University,BYE,,,
2019,123,Consi of 16 #2,Brigitte Mihalca,Missouri Baptist University,BYE,,,
2019,116,Consi of 16 #1,,,BYE,,,
2019,143,Round of 32,Marilyn Garcia,Menlo College,BYE,,,
2019,155,Consi of 16 #2,Randie Scoon,Ottawa University,BYE,,,
2019,130,Consi of 16 #1,,,BYE,,,
2019,130,Consi of 16 #1,,,BYE,,,
2019,123,Round of 32,Brigitte Mihalca,Missouri Baptist University,BYE,,,
2019,170,Consi of 8 #1,,,BYE,,,
2019,136,Consi of 16 #2,Rosa Vallejo,York College,BYE,,,
2019,170,Consi of 16 #1,,,BYE,,,
2019,143,Consi of 16 #1,Katie Bell,York College,BYE,,,
2019,170,Round of 32,Precious Bell,Menlo College,BYE,,,
2019,155,Consi of 16 #1,,,BYE,,,
2019,123,Consi of 16 #2,,,BYE,,,
2019,123,Round of 32,Dajan Treder,University of Providence,BYE,,,
2019,123,Consi of 16 #1,,,BYE,,,
2019,155,Round of 32,Iman Kazem,Menlo College,BYE,,,
2019,123,Round of 16,Haley Schiermeyer,Midland University,BYE,,,
2019,136,Consi of 16 #1,,,BYE,,,
2019,130,Round of 32,Alexandria Enriquez,Life University,BYE,,,
2019,116,Consi of 16 #1,,,BYE,,,
2019,155,Round of 32,Sierra Alfonso,Lyon College,BYE,,,
2019,123,Round of 32,Koral Sugiyama,Campbellsville University,BYE,,,
2019,155,Round of 32,Myranda Velazquez,University of Jamestown,BYE,,,
2019,130,Consi of 16 #1,,,BYE,,,
2019,143,Round of 32,nancy becerra,Missouri Valley College,BYE,,,
2019,116,Consi of 16 #1,,,BYE,,,
2019,123,Round of 32,Alanah Vetterick,Midland University,BYE,,,
2019,170,Consi of 16 #1,,,BYE,,,
2019,109,Consi of 8 #1,Claire Payne,York College,BYE,,,
2019,123,Consi of 16 #2,Rosa Ramirez,Eastern Oregon University,BYE,,,
2019,130,Round of 32,Anesia Ramirez,Southern Oregon,BYE,,,
2019,136,Consi of 16 #2,Fatima Avalos,Missouri Baptist University,BYE,,,
2019,136,Consi of 16 #1,,,BYE,,,
2019,123,Consi of 16 #1,,,BYE,,,
2019,130,Round of 32,Rebekah Garcia,Lyon College,BYE,,,
2019,116,Round of 32,ashley Tobe,University of Cumberlands,BYE,,,
2019,123,Round of 32,,,BYE,,,
2019,155,Consi of 8 #1,Myranda Velazquez,University of Jamestown,BYE,,,
2019,170,Round of 32,Chasity Cortez,University of Cumberlands,BYE,,,
2019,101,Consi of 8 #1,Lisa Megargee,Eastern Oregon University,BYE,,,
2019,191,Round of 16,Serena Sanchez,Midland University,BYE,,,
2019,130,Round of 32,Leah Olguin,Wayland Baptist University,BYE,,,
2019,130,Round of 32,Savannah Vold,Waldorf University,BYE,,,
2019,143,Round of 32,Kylie Godinez,University of Cumberlands,BYE,,,
2019,130,Round of 32,Breanna Dudoit-Vasquez,Wayland Baptist University,BYE,,,
2019,143,Consi of 16 #2,Yulisa Medrano,Missouri Baptist University,BYE,,,
2019,170,Round of 32,Joanna Mack,Midland University,BYE,,,
2019,123,Consi of 16 #2,Jasmine Davis,Wayland Baptist University,BYE,,,
2019,170,Consi of 16 #2,Latiana Tauaese,Southern Oregon,BYE,,,
2019,101,Consi of 8 #1,ALAURA COUCH,Waldorf University,BYE,,,
2019,109,Round of 16,Tyesha Topps,Life University,BYE,,,
2019,170,Round of 32,stephanie pantoja,Life University,BYE,,,
2019,109,Consi of 8 #1,,,BYE,,,
2019,123,Round of 32,Trynadii Rocha,Warner Pacific University,BYE,,,
2019,170,Consi of 16 #1,Yuneris Taveras,Missouri Valley College,BYE,,,
